{"type":"Topology","objects":{"states":{"type":"GeometryCollection","geometries":[{"type":"Polygon","properties":{"name":"New Providence"},"id":"BHS-5009","arcs":[[0]]},{"type":"Polygon","properties":{"name":"City of Freeport"},"id":"BHS-5010","arcs":[[1,2]]},{"type":"Polygon","properties":{"name":"West Grand Bahama"},"id":"BHS-5011","arcs":[[-3,3,4,5]]},{"type":"MultiPolygon","properties":{"name":"East Grand Bahama"},"id":"BHS-5012","arcs":[[[6]],[[-5,7]]]},{"type":"Polygon","properties":{"name":"North Abaco"},"id":"BHS-5014","arcs":[[8,9]]},{"type":"MultiPolygon","properties":{"name":"Central Abaco"},"id":"BHS-5015","arcs":[[[10]],[[11,12,-9,13]]]},{"type":"Polygon","properties":{"name":"South Abaco"},"id":"BHS-5016","arcs":[[-12,14]]},{"type":"Polygon","properties":{"name":"Berry Islands"},"id":"BHS-5018","arcs":[[15]]},{"type":"Polygon","properties":{"name":"North Andros"},"id":"BHS-5019","arcs":[[16,17]]},{"type":"MultiPolygon","properties":{"name":"Central Andros"},"id":"BHS-5020","arcs":[[[18]],[[19]],[[20]],[[-17,21]]]},{"type":"Polygon","properties":{"name":"Mangrove Cay"},"id":"BHS-5021","arcs":[[22,23]]},{"type":"Polygon","properties":{"name":"South Andros"},"id":"BHS-5022","arcs":[[-23,24]]},{"type":"Polygon","properties":{"name":"Black Point"},"id":"BHS-5023","arcs":[[25]]},{"type":"MultiPolygon","properties":{"name":"Exuma"},"id":"BHS-5024","arcs":[[[26]],[[27]]]},{"type":"Polygon","properties":{"name":"North Eleuthera"},"id":"BHS-5027","arcs":[[28,29]]},{"type":"Polygon","properties":{"name":"Central Eleuthera"},"id":"BHS-5028","arcs":[[30,31,-29,32]]},{"type":"Polygon","properties":{"name":"South Eleuthera"},"id":"BHS-5029","arcs":[[33,-31]]},{"type":"Polygon","properties":{"name":"Cat Island"},"id":"BHS-5030","arcs":[[34]]},{"type":"Polygon","properties":{"name":"San Salvador"},"id":"BHS-5031","arcs":[[35]]},{"type":"Polygon","properties":{"name":"Rum Cay"},"id":"BHS-5032","arcs":[[36]]},{"type":"Polygon","properties":{"name":"Long Island"},"id":"BHS-5033","arcs":[[37]]},{"type":"MultiPolygon","properties":{"name":"Crooked Island and Long Cay"},"id":"BHS-5035","arcs":[[[38]],[[39]],[[40]]]},{"type":"MultiPolygon","properties":{"name":"Acklins"},"id":"BHS-5036","arcs":[[[41]],[[42]]]},{"type":"Polygon","properties":{"name":"Mayaguana"},"id":"BHS-5037","arcs":[[43]]},{"type":"MultiPolygon","properties":{"name":"Inagua"},"id":"BHS-5038","arcs":[[[44]],[[45]]]}]}},"arcs":[[[2636,6926],[83,-56],[-169,-74],[-90,23],[-50,-47],[-46,21],[-81,4],[-26,28],[56,59],[114,38],[209,4]],[[589,9339],[-77,-44]],[[512,9295],[-17,26],[34,43],[60,-25]],[[512,9295],[-64,-21],[-130,26],[-109,76],[-169,162],[-40,61],[207,-122],[48,-61],[57,9],[90,-21],[123,65],[100,142],[-106,33],[55,68],[22,91],[59,-53],[29,-65],[104,-44]],[[788,9641],[102,-197]],[[890,9444],[-207,-49],[-94,-56]],[[1798,9445],[-34,-52],[-32,71],[66,-19]],[[788,9641],[249,-44],[53,-2],[55,46],[81,-26],[57,22],[77,-10],[103,36],[134,5],[66,69],[29,-21],[-13,-68],[29,-59],[-12,-59],[-30,-12],[-54,34],[-126,-2],[-317,-61],[-89,0],[-190,-45]],[[2633,9635],[-76,-16]],[[2557,9619],[-25,-20],[-58,12],[-28,100],[-74,113],[-44,48],[-62,31],[-93,-23],[-133,34],[-93,4],[-123,49],[-127,-9],[-6,29],[73,12],[151,-2],[148,-31],[85,-7],[37,27],[85,-38],[68,-47],[295,-266]],[[2779,9244],[-6,-52],[-36,-1],[-24,39],[66,14]],[[3110,9046],[-320,-116]],[[2790,8930],[-32,46],[51,70],[-16,36],[-2,118],[54,25],[16,72],[30,16],[11,81],[-94,30],[-149,20],[-29,17],[-37,69],[5,38],[-41,51]],[[2633,9635],[72,-33],[-35,-26],[57,-81],[42,-24],[98,-17],[44,-21],[155,-97],[27,-52],[-26,-50],[-1,-75],[21,-44],[46,-18],[-23,-51]],[[3110,9046],[27,-65],[-112,-16],[-49,-26],[-80,-75],[-16,-41],[-11,-159],[-17,-93],[8,-134],[-6,-120],[-58,-52],[-42,21],[-37,47],[-37,86],[-26,22],[-118,24],[65,108],[63,17],[59,63],[79,45],[-21,63],[-33,34],[37,67],[5,68]],[[1840,7985],[-17,-13],[-90,121],[47,-7],[60,-101]],[[1967,6187],[-148,23],[-175,-17],[-140,-35],[-68,-35],[-100,-157]],[[1336,5966],[-74,-61],[-75,0],[-201,108],[-96,85],[-51,72],[174,80],[12,63],[47,-23],[2,-88],[-58,-66],[23,-37],[80,45],[24,-71],[42,5],[-4,69],[54,13],[-42,44],[-10,58],[-56,51],[-62,17],[17,90],[84,85],[-6,41],[57,18],[55,96],[-25,45],[51,89],[-19,122],[-72,185],[19,36],[85,-12],[95,-66],[73,39],[93,-51],[17,-23],[-28,-55],[39,-47],[-26,-107],[84,-61],[98,-228],[71,-101],[73,-50],[75,-79],[-8,-109]],[[1870,5538],[-94,-32],[-16,-45],[-37,-34],[-82,-39],[-39,9],[-7,61],[52,-4],[112,78],[51,23],[60,-17]],[[1645,5531],[-78,-22],[-23,46],[117,35],[-16,-59]],[[2063,5718],[-106,-11],[-62,-52],[-19,37],[65,37],[89,19],[33,-30]],[[1967,6187],[-19,-55],[49,-111],[7,-58],[-14,-43],[-38,-26],[-85,-16],[-47,-50],[-49,-6],[6,-50],[-78,-57],[-85,-9],[-83,-52],[2,-54],[-41,-10],[-42,67],[-27,105],[-87,41],[-11,49],[11,114]],[[1964,5191],[-127,-92]],[[1837,5099],[-17,69],[-53,43],[-21,44],[-101,38],[50,65],[92,49],[23,68],[92,25],[19,44],[90,45],[64,46],[55,-109],[-160,-121],[-13,-54],[70,-62],[-40,-86],[-23,-12]],[[1964,5191],[55,13],[50,97],[50,60],[14,114],[50,20],[94,-154],[18,-134],[-12,-68],[28,-76],[-44,-34],[-67,-13],[-6,-42],[90,52],[46,-29],[-2,-91],[-27,-59],[-56,-20],[38,-47],[-33,-79],[-50,-17],[-74,40],[-28,-57],[-39,35],[-95,33],[26,27],[85,-27],[48,67],[87,39],[-5,47],[-175,-108],[-28,-6],[-39,53],[74,47],[6,33],[-85,-1],[-62,-17],[-43,38],[-23,112],[7,60]],[[4257,5099],[-34,13],[-56,97],[-43,94],[40,-3],[93,-201]],[[5511,4181],[26,-38],[-183,51],[28,35],[129,-48]],[[4807,4596],[89,-77],[106,-106],[93,-48],[25,-52],[61,-41],[135,-50],[-23,-23],[-109,47],[-82,6],[-17,49],[-88,62],[-23,-15],[-116,99],[-68,21],[-67,91],[9,40],[75,-3]],[[4265,7292],[-30,-24]],[[4235,7268],[-63,62],[-190,48],[-66,32],[-97,86],[-196,41],[-91,-38],[39,108],[25,124],[88,-12],[-26,-51],[76,-97],[31,-8],[205,-148],[59,-32],[149,-20],[52,-25],[35,-46]],[[4522,6763],[-26,12]],[[4496,6775],[26,28],[12,130],[-29,77],[-159,106],[-111,152]],[[4265,7292],[48,-63],[97,-89],[149,-101],[30,-54],[-14,-141],[-15,-59],[-38,-22]],[[4522,6763],[-6,-32],[34,-100],[-15,-113],[-46,-80],[1,-180],[-33,-32],[-67,160],[-127,63],[-3,54],[157,-25],[60,65],[-38,25],[-8,61],[23,104],[42,42]],[[5873,5493],[39,-121],[-73,23],[-144,-14],[-53,-37],[-40,-3],[-61,61],[93,38],[93,91],[-7,54],[-114,61],[-86,133],[-43,90],[-17,75],[-69,63],[-53,4],[-9,99],[-90,71],[-77,48],[39,64],[38,3],[54,-47],[79,-45],[22,-137],[65,-66],[64,-130],[91,-123],[121,-79],[40,-79],[98,-97]],[[7290,5207],[-93,-141],[-106,-11],[46,95],[-1,149],[18,24],[98,44],[50,-97],[-12,-63]],[[6722,4607],[-27,-34],[-53,-22],[-87,24],[-81,-11],[-6,39],[35,32],[118,32],[61,-1],[56,-33],[-16,-26]],[[5878,4587],[95,-148],[21,-13],[72,-102],[20,-112],[47,-59],[95,-176],[15,-68],[13,-154],[27,-50],[46,-30],[137,-49],[59,-44],[104,-112],[-3,-50],[22,-93],[2,-65],[-42,-7],[-12,56],[-78,110],[-17,68],[-69,87],[-37,24],[-184,35],[-176,110],[10,68],[71,-46],[-27,-32],[120,-70],[50,16],[-92,98],[-6,73],[37,85],[-30,124],[-105,90],[3,37],[-89,96],[-10,75],[-33,80],[-56,-11],[11,80],[-11,79]],[[7418,2744],[-35,35],[104,90],[-9,-60],[-60,-65]],[[7677,3073],[43,-24],[89,-14],[22,14],[132,-44],[-120,-104],[-22,51],[-71,-18],[-119,30],[-43,41],[-56,-42],[-5,63],[-105,149],[67,34],[65,-34],[67,-11],[45,-36],[11,-55]],[[8283,3642],[121,-11],[91,9],[31,-21],[-143,-28],[-68,1],[-32,50]],[[8844,2784],[-109,27],[20,21],[73,-25],[16,-23]],[[8238,3005],[-51,-91],[29,-14],[15,-124],[29,-68],[-27,-7],[-28,-95],[-101,-83],[-53,-100],[-84,-67],[-195,-77],[-40,-61],[-56,-50],[-81,-27],[-52,-48],[0,73],[24,21],[64,-4],[62,47],[-16,33],[20,46],[117,46],[47,43],[-7,59],[113,25],[43,86],[127,37],[45,39],[15,53],[-25,67],[-44,32],[-114,2],[-75,46],[22,37],[99,82],[2,42],[83,-1],[82,22],[11,-21]],[[9427,2528],[70,19],[77,-24],[82,-54],[115,11],[50,-29],[66,-5],[60,-51],[45,-6],[7,-64],[-46,-38],[-29,9],[-74,70],[-59,37],[-69,9],[-55,-13],[-50,24],[-138,-47],[-44,23],[-89,20],[-11,26],[51,126],[41,-43]],[[9544,406],[-103,-125],[-52,-146],[-154,-68],[-70,10],[-67,-14],[-58,22],[-84,-46],[-55,3],[-96,-22],[-71,28],[-103,9],[-49,-17],[-22,-40],[-50,38],[-10,84],[-34,56],[81,34],[32,99],[129,51],[62,94],[131,11],[56,52],[88,-98],[143,-51],[71,38],[80,20],[174,265],[65,4],[11,-67],[-45,-224]],[[9528,854],[-53,134],[84,42],[53,50],[51,-48],[64,-31],[8,-49],[-90,-26],[-117,-72]]],"transform":{"scale":[0.0006214081695169464,0.0006016614929492859],"translate":[-78.96434485599985,20.912398909000103]}}