{"type":"Topology","objects":{"states":{"type":"GeometryCollection","geometries":[{"type":"Polygon","properties":{"name":null},"id":"AIA+99?","arcs":[[0]]},{"type":"Polygon","properties":{"name":"Blowing Point"},"id":"AIA-5114","arcs":[[1,2,3,4]]},{"type":"MultiPolygon","properties":{"name":"East End"},"id":"AIA-5115","arcs":[[[5,6,7]],[[8]]]},{"type":"Polygon","properties":{"name":"George Hill"},"id":"AIA-5116","arcs":[[-4,9,10]]},{"type":"Polygon","properties":{"name":"North Hill"},"id":"AIA-5118","arcs":[[11,12,13,14,15]]},{"type":"Polygon","properties":{"name":"North Side"},"id":"AIA-5119","arcs":[[16,17,18]]},{"type":"Polygon","properties":{"name":"Sandy Ground"},"id":"AIA-5120","arcs":[[19,20,-14]]},{"type":"Polygon","properties":{"name":"Sandy Hill"},"id":"AIA-5121","arcs":[[21,22,23,24,-6]]},{"type":"Polygon","properties":{"name":"South Hill"},"id":"AIA-5122","arcs":[[-10,-3,25,26,27,-20,-13]]},{"type":"Polygon","properties":{"name":"Stoney Ground"},"id":"AIA-5123","arcs":[[-25,28,29,-19,30,-7]]},{"type":"Polygon","properties":{"name":"The Farrington"},"id":"AIA-5124","arcs":[[31,-5,-11,-12,32,-23]]},{"type":"Polygon","properties":{"name":"The Quarter"},"id":"AIA-5125","arcs":[[-33,33,-29,-24]]},{"type":"Polygon","properties":{"name":"The Valley"},"id":"AIA-5126","arcs":[[-30,-34,-16,34,-17]]},{"type":"Polygon","properties":{"name":"West End"},"id":"AIA-5127","arcs":[[35,-27]]}]}},"arcs":[[[535,8886],[-488,-781],[-47,1082],[535,-301]],[[5861,2322],[-1163,-1770],[-437,1067]],[[4261,1619],[-1,547],[802,373],[456,819]],[[5518,3358],[344,27]],[[5862,3385],[-1,-1063]],[[7891,5105],[-12,1690]],[[7879,6795],[-559,373],[1,858]],[[7321,8026],[186,82],[393,147],[667,75],[-8,-514],[-668,-2711]],[[9338,8683],[-331,705],[322,611],[670,-587],[-661,-729]],[[5518,3358],[345,548]],[[5863,3906],[-1,-521]],[[6300,4496],[-437,-590]],[[5863,3906],[-443,-225]],[[5420,3681],[-63,756]],[[5357,4437],[158,420]],[[5515,4857],[785,-361]],[[6265,5177],[-398,806]],[[5867,5983],[186,668],[515,1044],[466,205]],[[7034,7900],[-90,-1353],[-401,-32],[-278,-1338]],[[5420,3681],[-653,-297]],[[4767,3384],[590,1053]],[[7891,5105],[-510,-1099],[-576,-422]],[[6805,3584],[-116,1005]],[[6689,4589],[150,566]],[[6839,5155],[190,1236],[364,-62],[486,466]],[[4261,1619],[-267,-489]],[[3994,1130],[-6,1911]],[[3988,3041],[779,343]],[[6839,5155],[-451,-226]],[[6388,4929],[-123,248]],[[7034,7900],[287,126]],[[6805,3584],[-944,-1262]],[[6300,4496],[389,93]],[[6300,4496],[88,433]],[[5515,4857],[352,1126]],[[3994,1130],[-434,-793],[-417,-337],[-528,19],[785,2248],[588,774]]],"transform":{"scale":[0.00003279230073235515,0.000012816970083274161],"translate":[-63.2535726767446,18.169094143000024]}}