{"type":"Topology","objects":{"cities":{"type":"GeometryCollection","geometries":[{"type":"Point","properties":{"name":"Chumbicha","state":"Catamarca"},"coordinates":[7462,0]},{"type":"Point","properties":{"name":"Tinogasta","state":"Catamarca"},"coordinates":[0,6573]},{"type":"Point","properties":{"name":"Belen","state":"Catamarca"},"coordinates":[2985,9999]},{"type":"Point","properties":{"name":"Catamarca","state":"Catamarca"},"coordinates":[9999,3259]}]}},"arcs":[],"transform":{"scale":[0.00017867621316240538,0.00012171533722430415],"translate":[-67.56658410813026,-28.866624329851618]}}