{"type":"Topology","objects":{"cities":{"type":"GeometryCollection","geometries":[{"type":"Point","properties":{"name":"Yacuiba","state":"Salta"},"coordinates":[7066,9999]},{"type":"Point","properties":{"name":"Tartagal","state":"Salta"},"coordinates":[6773,8716]},{"type":"Point","properties":{"name":"Joaquin V. Gonzalez","state":"Salta"},"coordinates":[5777,2466]},{"type":"Point","properties":{"name":"General Guemes","state":"Salta"},"coordinates":[3466,3494]},{"type":"Point","properties":{"name":"Los Blancos","state":"Salta"},"coordinates":[9999,6127]},{"type":"Point","properties":{"name":"Cafayate","state":"Salta"},"coordinates":[1022,0]},{"type":"Point","properties":{"name":"Cerrillos","state":"Salta"},"coordinates":[2311,2919]},{"type":"Point","properties":{"name":"San Antonio de los Cobres","state":"Salta"},"coordinates":[0,4688]},{"type":"Point","properties":{"name":"San Ramon de la Nueva Oran","state":"Salta"},"coordinates":[5413,7261]},{"type":"Point","properties":{"name":"Salta","state":"Salta"},"coordinates":[2489,3206]}]}},"arcs":[],"transform":{"scale":[0.0003750352859194158,0.00040532845602430983],"translate":[-66.35001753911496,-26.08291827515302]}}