{"type":"Topology","objects":{"cities":{"type":"GeometryCollection","geometries":[{"type":"Point","properties":{"name":"Las Heras","state":"Mendoza"},"coordinates":[3844,9192]},{"type":"Point","properties":{"name":"San Martin","state":"Mendoza"},"coordinates":[5376,8339]},{"type":"Point","properties":{"name":"Uspallata","state":"Mendoza"},"coordinates":[1167,9999]},{"type":"Point","properties":{"name":"Malargue","state":"Mendoza"},"coordinates":[0,0]},{"type":"Point","properties":{"name":"Tunuyan","state":"Mendoza"},"coordinates":[2786,6612]},{"type":"Point","properties":{"name":"La Paz","state":"Mendoza"},"coordinates":[9999,6961]},{"type":"Point","properties":{"name":"San Rafael","state":"Mendoza"},"coordinates":[6147,3014]},{"type":"Point","properties":{"name":"Mendoza","state":"Mendoza"},"coordinates":[3761,8996]}]}},"arcs":[],"transform":{"scale":[0.0002033515932981557,0.0002873290258724871],"translate":[-69.58330855475282,-35.466118144982204]}}