{"type":"Topology","objects":{"cities":{"type":"GeometryCollection","geometries":[{"type":"Point","properties":{"name":"Ingeniero Guillermo N. Juarez","state":"Formosa"},"coordinates":[1093,6154]},{"type":"Point","properties":{"name":"Comandante Fontana","state":"Formosa"},"coordinates":[6355,2273]},{"type":"Point","properties":{"name":"Doctor Pedro P. Pena","state":"Formosa"},"coordinates":[0,9999]},{"type":"Point","properties":{"name":"Las Lomitas","state":"Formosa"},"coordinates":[4129,3989]},{"type":"Point","properties":{"name":"Formosa","state":"Formosa"},"coordinates":[9999,0]}]}},"arcs":[],"transform":{"scale":[0.0004117576471205232,0.0003693218849894549],"translate":[-62.29998051110391,-26.17283526734093]}}