{"type":"Topology","objects":{"cities":{"type":"GeometryCollection","geometries":[{"type":"Point","properties":{"name":"Punta Alta","state":"Ciudad de Buenos Aires"},"coordinates":[1674,2570]},{"type":"Point","properties":{"name":"San Nicolas","state":"Ciudad de Buenos Aires"},"coordinates":[4509,9999]},{"type":"Point","properties":{"name":"Campana","state":"Ciudad de Buenos Aires"},"coordinates":[6481,8888]},{"type":"Point","properties":{"name":"Chacabuco","state":"Ciudad de Buenos Aires"},"coordinates":[4124,8232]},{"type":"Point","properties":{"name":"Mercedes","state":"Ciudad de Buenos Aires"},"coordinates":[5741,8219]},{"type":"Point","properties":{"name":"Lincoln","state":"Ciudad de Buenos Aires"},"coordinates":[2506,7924]},{"type":"Point","properties":{"name":"Chivilcoy","state":"Ciudad de Buenos Aires"},"coordinates":[4817,7898]},{"type":"Point","properties":{"name":"Veinticinco de Mayo","state":"Ciudad de Buenos Aires"},"coordinates":[4601,7188]},{"type":"Point","properties":{"name":"Nueve de Julio","state":"Ciudad de Buenos Aires"},"coordinates":[3508,7167]},{"type":"Point","properties":{"name":"Dolores","state":"Ciudad de Buenos Aires"},"coordinates":[8438,5983]},{"type":"Point","properties":{"name":"Pedro Luro","state":"Ciudad de Buenos Aires"},"coordinates":[745,1762]},{"type":"Point","properties":{"name":"Tres Arroyos","state":"Ciudad de Buenos Aires"},"coordinates":[4463,3253]},{"type":"Point","properties":{"name":"Coronel Suarez","state":"Ciudad de Buenos Aires"},"coordinates":[1926,4462]},{"type":"Point","properties":{"name":"Balcarce","state":"Ciudad de Buenos Aires"},"coordinates":[7575,3971]},{"type":"Point","properties":{"name":"Zarate","state":"Ciudad de Buenos Aires"},"coordinates":[6358,8982]},{"type":"Point","properties":{"name":"Carhue","state":"Ciudad de Buenos Aires"},"coordinates":[668,4842]},{"type":"Point","properties":{"name":"Darregueira","state":"Ciudad de Buenos Aires"},"coordinates":[0,4150]},{"type":"Point","properties":{"name":"Juarez","state":"Ciudad de Buenos Aires"},"coordinates":[5187,4196]},{"type":"Point","properties":{"name":"Mar de Ajo","state":"Ciudad de Buenos Aires"},"coordinates":[9999,5466]},{"type":"Point","properties":{"name":"Lobos","state":"Ciudad de Buenos Aires"},"coordinates":[6274,7516]},{"type":"Point","properties":{"name":"Chascomus","state":"Ciudad de Buenos Aires"},"coordinates":[7934,7006]},{"type":"Point","properties":{"name":"Junin","state":"Ciudad de Buenos Aires"},"coordinates":[3401,8320]},{"type":"Point","properties":{"name":"La Plata","state":"Ciudad de Buenos Aires"},"coordinates":[8022,7885]},{"type":"Point","properties":{"name":"Pergamino","state":"Ciudad de Buenos Aires"},"coordinates":[4001,9237]},{"type":"Point","properties":{"name":"Lujan","state":"Ciudad de Buenos Aires"},"coordinates":[6250,8326]},{"type":"Point","properties":{"name":"Azul","state":"Ciudad de Buenos Aires"},"coordinates":[5079,5381]},{"type":"Point","properties":{"name":"Villalonga","state":"Ciudad de Buenos Aires"},"coordinates":[899,1228]},{"type":"Point","properties":{"name":"Olavarria","state":"Ciudad de Buenos Aires"},"coordinates":[4370,5220]},{"type":"Point","properties":{"name":"Tandil","state":"Ciudad de Buenos Aires"},"coordinates":[6188,4658]},{"type":"Point","properties":{"name":"Viedma","state":"Ciudad de Buenos Aires"},"coordinates":[257,0]},{"type":"Point","properties":{"name":"Necochea","state":"Ciudad de Buenos Aires"},"coordinates":[6805,2998]},{"type":"Point","properties":{"name":"Bahia Blanca","state":"Ciudad de Buenos Aires"},"coordinates":[1389,2757]},{"type":"Point","properties":{"name":"Mar del Plata","state":"Ciudad de Buenos Aires"},"coordinates":[8607,3748]},{"type":"Point","properties":{"name":"Buenos Aires","state":"Ciudad de Buenos Aires"},"coordinates":[7345,8298]}]}},"arcs":[],"transform":{"scale":[0.0006490640519156047,0.0007470678708525716],"translate":[-63.16659428063872,-40.7999527804202]}}