{"type":"Topology","objects":{"cities":{"type":"GeometryCollection","geometries":[{"type":"Point","properties":{"name":"Victorica","state":"La Pampa"},"coordinates":[0,8316]},{"type":"Point","properties":{"name":"General Pico","state":"La Pampa"},"coordinates":[9999,9999]},{"type":"Point","properties":{"name":"Rio Colorado","state":"La Pampa"},"coordinates":[8135,0]},{"type":"Point","properties":{"name":"Santa Rosa","state":"La Pampa"},"coordinates":[6845,7095]}]}},"arcs":[],"transform":{"scale":[0.000168016883069183,0.0003307312339319994],"translate":[-65.45002079431964,-38.966576315569114]}}