{"type":"Topology","objects":{"cities":{"type":"GeometryCollection","geometries":[{"type":"Point","properties":{"name":"28 de Noviembre","state":"Santa Cruz"},"coordinates":[0,0]},{"type":"Point","properties":{"name":"Gobernador Gregores","state":"Santa Cruz"},"coordinates":[3203,5709]},{"type":"Point","properties":{"name":"Comondante Luis Piedrabuena","state":"Santa Cruz"},"coordinates":[5307,3317]},{"type":"Point","properties":{"name":"Puerto San Julian","state":"Santa Cruz"},"coordinates":[7161,4653]},{"type":"Point","properties":{"name":"Perito Moreno","state":"Santa Cruz"},"coordinates":[2135,9999]},{"type":"Point","properties":{"name":"El Calafate","state":"Santa Cruz"},"coordinates":[0,2607]},{"type":"Point","properties":{"name":"Puerto Deseado","state":"Santa Cruz"},"coordinates":[9999,7722]},{"type":"Point","properties":{"name":"Rio Gallegos","state":"Santa Cruz"},"coordinates":[4817,33]}]}},"arcs":[],"transform":{"scale":[0.0006400688693569462,0.0005050532722563324],"translate":[-72.30001611498506,-51.65003985728657]}}