{"type":"Topology","objects":{"cities":{"type":"GeometryCollection","geometries":[{"type":"Point","properties":{"name":"Presidencia Roque Saenz Pena","state":"Chaco"},"coordinates":[3393,4855]},{"type":"Point","properties":{"name":"Pampa del Infierno","state":"Chaco"},"coordinates":[151,6529]},{"type":"Point","properties":{"name":"Villa Angela","state":"Chaco"},"coordinates":[2187,0]},{"type":"Point","properties":{"name":"Juan Jose Castelli","state":"Chaco"},"coordinates":[2639,9999]},{"type":"Point","properties":{"name":"Charata","state":"Chaco"},"coordinates":[0,2246]},{"type":"Point","properties":{"name":"Resistencia","state":"Chaco"},"coordinates":[9999,755]}]}},"arcs":[],"transform":{"scale":[0.0002210189484126478,0.00016339137982873808],"translate":[-61.19999597333913,-27.583291810315302]}}