{"type":"Topology","objects":{"cities":{"type":"GeometryCollection","geometries":[{"type":"Point","properties":{"name":"Paso Rio Mayo","state":"Chubut"},"coordinates":[1673,489]},{"type":"Point","properties":{"name":"Alto Rio Sanguer","state":"Chubut"},"coordinates":[770,2190]},{"type":"Point","properties":{"name":"El Maiten","state":"Chubut"},"coordinates":[239,9999]},{"type":"Point","properties":{"name":"Puerto Madryn","state":"Chubut"},"coordinates":[9999,8114]},{"type":"Point","properties":{"name":"Trelew","state":"Chubut"},"coordinates":[9537,6858]},{"type":"Point","properties":{"name":"Las Plumas","state":"Chubut"},"coordinates":[6478,6423]},{"type":"Point","properties":{"name":"Gastre","state":"Chubut"},"coordinates":[3319,9389]},{"type":"Point","properties":{"name":"Telsen","state":"Chubut"},"coordinates":[6956,9084]},{"type":"Point","properties":{"name":"Esquel","state":"Chubut"},"coordinates":[0,7774]},{"type":"Point","properties":{"name":"Sarmiento","state":"Chubut"},"coordinates":[3558,707]},{"type":"Point","properties":{"name":"Rawson","state":"Chubut"},"coordinates":[9903,6727]},{"type":"Point","properties":{"name":"Comodoro Rivadavia","state":"Chubut"},"coordinates":[6080,0]}]}},"arcs":[],"transform":{"scale":[0.0006277221350089874,0.00038204072686068275],"translate":[-71.31661360847079,-45.87003090544056]}}