{"type":"Topology","objects":{"cities":{"type":"GeometryCollection","geometries":[{"type":"Point","properties":{"name":"Anatuya","state":"Santiago del Estero"},"coordinates":[9999,644]},{"type":"Point","properties":{"name":"Frias","state":"Santiago del Estero"},"coordinates":[0,0]},{"type":"Point","properties":{"name":"Monte Quemado","state":"Santiago del Estero"},"coordinates":[9855,9999]},{"type":"Point","properties":{"name":"Santiago del Estero","state":"Santiago del Estero"},"coordinates":[3813,3039]}]}},"arcs":[],"transform":{"scale":[0.00023169119890596908,0.000285024026492324],"translate":[-65.14998742843295,-28.649583314225765]}}