{"type":"Topology","objects":{"cities":{"type":"GeometryCollection","geometries":[{"type":"Point","properties":{"name":"San Lorenzo","state":"Corrientes"},"coordinates":[4201,6270]},{"type":"Point","properties":{"name":"Corrientes","state":"Corrientes"},"coordinates":[3865,9999]},{"type":"Point","properties":{"name":"Mercedes","state":"Corrientes"},"coordinates":[9999,0]},{"type":"Point","properties":{"name":"Goya","state":"Corrientes"},"coordinates":[0,234]}]}},"arcs":[],"transform":{"scale":[0.0001190123895206741,0.00016897816083759324],"translate":[-59.26998458010223,-29.179576803811244]}}