{"type":"Topology","objects":{"cities":{"type":"GeometryCollection","geometries":[{"type":"Point","properties":{"name":"Chepes","state":"La Rioja"},"coordinates":[7605,0]},{"type":"Point","properties":{"name":"Chilecito","state":"La Rioja"},"coordinates":[0,9999]},{"type":"Point","properties":{"name":"Chamical","state":"La Rioja"},"coordinates":[9999,4579]},{"type":"Point","properties":{"name":"La Rioja","state":"La Rioja"},"coordinates":[5493,8880]}]}},"arcs":[],"transform":{"scale":[0.0001183456968748486,0.00021846846143034392],"translate":[-67.49999902512218,-31.349986960069884]}}