{"type":"Topology","objects":{"cities":{"type":"GeometryCollection","geometries":[{"type":"Point","properties":{"name":"Villa Constitucion","state":"Santa Fe"},"coordinates":[6982,1127]},{"type":"Point","properties":{"name":"Rafaela","state":"Santa Fe"},"coordinates":[2026,5421]},{"type":"Point","properties":{"name":"Sunchales","state":"Santa Fe"},"coordinates":[1739,6109]},{"type":"Point","properties":{"name":"San Justo","state":"Santa Fe"},"coordinates":[5977,6435]},{"type":"Point","properties":{"name":"Vera","state":"Santa Fe"},"coordinates":[7557,9291]},{"type":"Point","properties":{"name":"Reconquista","state":"Santa Fe"},"coordinates":[9999,9999]},{"type":"Point","properties":{"name":"Venado Tuerto","state":"Santa Fe"},"coordinates":[0,0]},{"type":"Point","properties":{"name":"Santa Fe","state":"Santa Fe"},"coordinates":[5517,4611]},{"type":"Point","properties":{"name":"Rosario","state":"Santa Fe"},"coordinates":[5610,1736]}]}},"arcs":[],"transform":{"scale":[0.0002320219611488762,0.0004610515576315658],"translate":[-61.97000065270424,-33.7495820935431]}}