{"type":"Topology","objects":{"cities":{"type":"GeometryCollection","geometries":[{"type":"Point","properties":{"name":"Abra Pampa","state":"Jujuy"},"coordinates":[4626,8411]},{"type":"Point","properties":{"name":"Humahuaca","state":"Jujuy"},"coordinates":[6692,5706]},{"type":"Point","properties":{"name":"Susques","state":"Jujuy"},"coordinates":[0,4494]},{"type":"Point","properties":{"name":"Rinconada","state":"Jujuy"},"coordinates":[1870,9999]},{"type":"Point","properties":{"name":"San Pedro","state":"Jujuy"},"coordinates":[9526,0]},{"type":"Point","properties":{"name":"Libertador General San Martin","state":"Jujuy"},"coordinates":[9999,2239]},{"type":"Point","properties":{"name":"San Salvador de Jujuy","state":"Jujuy"},"coordinates":[6987,203]}]}},"arcs":[],"transform":{"scale":[0.00016935026836086242,0.00017868913356250426],"translate":[-66.48331689621187,-24.219621156004905]}}