{"type":"Topology","objects":{"states":{"type":"GeometryCollection","geometries":[{"type":"Polygon","properties":{"name":"Santa Cruz"},"id":"ARG-1271","arcs":[[0,1]]},{"type":"MultiPolygon","properties":{"name":"Tierra del Fuego"},"id":"ARG-1272","arcs":[[[2]],[[3]],[[4]]]},{"type":"Polygon","properties":{"name":"San Juan"},"id":"ARG-1273","arcs":[[5,6,7,8]]},{"type":"Polygon","properties":{"name":"Chubut"},"id":"ARG-1274","arcs":[[9,-2,10,11]]},{"type":"Polygon","properties":{"name":"Mendoza"},"id":"ARG-1275","arcs":[[12,13,14,15,-7]]},{"type":"Polygon","properties":{"name":"Neuquén"},"id":"ARG-1276","arcs":[[16,17,-15]]},{"type":"MultiPolygon","properties":{"name":"Buenos Aires"},"id":"ARG-1295","arcs":[[[18]],[[19]],[[20]],[[21]],[[22,23,24,25,26,27,28,29]]]},{"type":"Polygon","properties":{"name":"La Pampa"},"id":"ARG-1296","arcs":[[-27,30,-14,31,32]]},{"type":"Polygon","properties":{"name":"Río Negro"},"id":"ARG-1297","arcs":[[-26,33,-12,34,-17,-31]]},{"type":"Polygon","properties":{"name":"San Luis"},"id":"ARG-1298","arcs":[[35,36,-32,-13,-6]]},{"type":"Polygon","properties":{"name":"Córdoba"},"id":"ARG-1299","arcs":[[37,-28,-33,-37,38,39,40]]},{"type":"Polygon","properties":{"name":"Catamarca"},"id":"ARG-1300","arcs":[[41,42,-40,43,44,45]]},{"type":"Polygon","properties":{"name":"Jujuy"},"id":"ARG-1301","arcs":[[46,47]]},{"type":"Polygon","properties":{"name":"La Rioja"},"id":"ARG-1302","arcs":[[-39,-36,-9,48,-44]]},{"type":"Polygon","properties":{"name":"Salta"},"id":"ARG-1303","arcs":[[49,50,51,52,-46,53,-47,54]]},{"type":"Polygon","properties":{"name":"Santiago del Estero"},"id":"ARG-1304","arcs":[[55,56,-41,-43,57,-52]]},{"type":"Polygon","properties":{"name":"Tucumán"},"id":"ARG-1305","arcs":[[-58,-42,-53]]},{"type":"Polygon","properties":{"name":"Chaco"},"id":"ARG-1306","arcs":[[58,59,60,-56,-51,61]]},{"type":"Polygon","properties":{"name":"Formosa"},"id":"ARG-1307","arcs":[[-62,-50,62]]},{"type":"Polygon","properties":{"name":"Corrientes"},"id":"ARG-1308","arcs":[[63,64,65,66,-60,67]]},{"type":"Polygon","properties":{"name":"Entre Ríos"},"id":"ARG-1309","arcs":[[68,-30,69,-66]]},{"type":"Polygon","properties":{"name":"Santa Fe"},"id":"ARG-1310","arcs":[[-70,-29,-38,-57,-61,-67]]},{"type":"Polygon","properties":{"name":"Misiones"},"id":"ARG-1312","arcs":[[-64,70]]},{"type":"Polygon","properties":{"name":"Ciudad de Buenos Aires"},"id":"ARG-5493","arcs":[[-24,71]]}]}},"arcs":[[[3014,2721],[-16,-22],[-4,-28],[24,-47],[17,-24],[59,-50],[43,-17],[41,-6],[31,-14],[32,-5],[49,-34],[16,-1],[59,-28],[48,-27],[80,-13],[62,3],[32,-6],[121,-9],[110,7],[50,-9],[17,-13],[51,-19],[-5,-6],[21,-36],[-11,-50],[-55,-70],[-25,-3],[-69,4],[5,-10],[60,1],[25,-33],[46,-10],[-43,-10],[-40,1],[-2,-15],[-17,-20],[31,-6],[-7,-11],[-73,1],[-35,-7],[-14,-15],[-39,-7],[-32,-13],[-27,-21],[7,-10],[-54,1],[-10,-15],[-38,-7],[-54,-2],[-49,-13],[-54,-22],[-5,-13],[-60,-6],[-64,-19],[-16,-21],[-19,-8],[-7,-14],[-25,-9],[-79,-17],[-76,-34],[-20,-27],[-18,-7],[11,-15],[-20,-5],[-13,-16],[-28,-8],[14,-8],[-27,-10],[30,-11],[17,32],[28,0],[-2,-17],[-21,-16],[-26,-56],[-3,-37],[-10,-29],[-20,-27],[-31,-25],[-31,-13],[-91,-27],[-47,-8],[-80,-2],[-35,14],[-32,28],[-29,12],[-29,4],[-12,-13],[42,-13],[4,-14],[22,-12],[59,-14],[-45,-16],[-150,-27],[-29,-8],[-41,-4],[-49,-30],[-51,-39],[-2,-13],[-35,-42],[9,-12],[-2,-36],[-106,-35],[12,-4],[78,16],[53,-103],[49,-54],[-9,-21],[-33,2],[-36,-12],[-26,2],[-56,11],[-11,-10],[104,-18],[35,12],[46,-9],[32,-34],[23,-14],[71,-60],[161,-91],[1,-10],[-22,-9],[-21,7],[-3,14],[-84,11],[-100,6],[-94,19],[-102,13],[-137,1],[-235,38],[-380,2],[-340,2],[-266,1],[-24,6],[3,31],[-57,27],[-57,17],[-48,6],[-16,9],[-19,26],[-39,3],[-11,7],[50,23],[14,25],[5,28],[28,20],[-62,21],[-8,21],[29,17],[23,2],[14,21],[1,37],[-37,23],[-2,13],[19,20],[-40,9],[-62,6],[-56,-20],[-22,0],[-36,13],[-22,1],[-63,-14],[-54,-21],[-43,-10],[-41,6],[-7,33],[-35,25],[-6,58],[-25,29],[-104,38],[0,17],[25,19],[-10,13],[-36,14],[19,25],[27,11],[8,15],[-37,21],[10,19],[-34,30],[22,11],[-4,14],[45,21],[2,20],[157,2],[-19,19],[5,15],[38,20],[9,19],[35,21],[43,11],[49,3],[41,9],[76,37],[7,21],[-3,31],[-15,32],[19,18],[72,15],[28,15],[41,5],[-15,15],[8,22],[-17,42],[-26,6],[-12,13],[-29,4],[-29,15],[-5,9],[22,19],[22,31],[57,44],[11,31],[-25,7],[21,15],[60,2],[20,4],[56,28],[15,13],[-6,20],[15,2],[49,-11],[16,3],[9,16],[-15,15],[-46,12],[-8,11],[43,14],[-27,19],[17,26],[0,14],[40,2],[84,31],[-4,31],[6,21],[-34,38],[-6,44],[-10,6],[-66,22],[12,6],[61,6],[23,16],[38,18]],[[973,2721],[1011,0],[636,0],[394,0]],[[2476,50],[6,26],[35,-19],[-41,-7]],[[4641,101],[59,-2],[18,-8],[42,10],[14,-9],[81,9],[32,-12],[-33,-10],[-23,4],[-61,-2],[-24,-9],[-70,-1],[-20,11],[-67,-20],[-64,-7],[-18,-10],[-76,21],[38,18],[40,-8],[71,12],[32,3],[29,10]],[[2671,622],[-58,-15],[-70,-27],[-17,-14],[2,-21],[50,-18],[78,-7],[53,2],[39,-9],[18,-15],[-3,-11],[17,-28],[32,-23],[96,-38],[67,-22],[51,-11],[-15,-10],[8,-11],[138,-44],[79,-21],[57,-10],[60,-17],[70,-11],[33,-12],[24,-17],[81,-29],[5,-7],[53,-6],[45,-10],[222,-39],[74,-4],[121,6],[39,-1],[35,6],[77,-5],[-48,-45],[4,-9],[-31,-9],[-14,-19],[-30,-3],[-18,12],[-29,-3],[-7,-12],[-58,0],[-35,-10],[-17,18],[-46,-2],[-33,4],[-45,0],[8,-12],[-21,-9],[-63,-7],[-100,0],[-27,-13],[-85,-4],[-60,9],[-27,12],[-45,12],[-71,4],[-43,7],[-152,4],[-104,5],[-64,-2],[-133,6],[-73,5],[-23,6],[-48,2],[-41,8],[-14,-15],[-96,-3],[-61,21],[2,161],[2,161],[1,161],[2,161],[100,-59],[44,-15],[38,-29]],[[3441,6966],[-127,-3],[-66,10],[-60,-4],[-55,6],[-22,-15],[7,-29],[-11,-21],[2,-60]],[[3109,6850],[-37,14],[-64,-3],[-73,-8],[-46,4],[-29,17],[-25,7],[-5,10],[-36,17],[-73,-7],[-54,-15],[-60,-2],[-35,-18],[-88,-31],[-26,-7],[-99,0],[-8,3],[-10,75],[-51,0],[-61,34],[-25,0],[-27,-10],[-18,-16],[-81,-1],[-42,-13],[-41,-8],[-9,-9],[-1,-24],[-19,-8],[-58,-2],[-98,-12],[-55,5],[-83,-7]],[[1672,6835],[-33,10],[-12,31],[5,11],[-25,23],[6,10],[32,-5],[17,3],[17,23],[-17,16],[-19,7],[-58,4],[-28,22],[-1,20],[-20,14],[-27,28],[-6,12],[9,41],[10,16],[-7,17],[11,12],[5,28],[28,23],[16,-1],[7,-13],[27,6],[21,24],[31,1],[-31,30],[10,41],[22,23],[3,21],[17,19],[9,23],[33,17],[2,12],[-13,11],[14,9],[58,-13],[33,7],[31,18],[8,28],[19,6],[0,22],[-35,12],[-27,-1],[-1,10],[17,13],[9,22],[4,41],[-7,26],[-22,16],[2,24],[-25,54],[-12,13],[6,25],[28,11],[-5,10],[31,12],[6,8],[33,4],[21,9],[4,15],[-6,27],[21,30],[15,14],[-10,32],[7,20],[34,23],[1,32],[9,17]],[[1974,8011],[56,-11],[35,3],[35,-16],[33,-1],[74,-33],[28,-26],[16,-29],[48,-27],[13,-21],[30,-16],[1,-18],[-27,-9],[-13,-12],[-1,-34],[29,-22],[-18,-15],[0,-29],[-17,-16],[-5,-32],[22,-7],[41,5],[45,-4],[54,9],[39,-12],[63,-1],[85,-14],[19,-14],[49,-18],[18,-15],[29,-6],[35,-18],[7,-10],[30,-12],[13,-11],[53,-17],[25,-18],[70,-28],[26,-23],[8,-17],[39,-14],[29,-23],[44,-19],[40,-33],[41,-15],[19,-25],[32,-29],[-19,-31],[2,-9],[27,-13],[-22,-82],[27,-31],[1,-20],[47,-26],[44,-5],[17,-38],[26,-6],[25,-31]],[[4283,3920],[25,-25],[35,-18],[39,-12],[47,-8],[60,-4],[20,-8],[36,5],[34,-10],[-23,-7],[-39,-25],[-7,-12],[18,-4],[40,1],[21,-4],[65,7],[94,-3],[34,13],[6,24],[-10,12],[-33,3],[-82,1],[-5,10],[73,4],[62,16],[40,13],[74,13],[21,-2],[30,-17],[21,-29],[24,-10],[15,-24],[-4,-30],[9,-45],[-27,-37],[7,-11],[-26,-15],[-33,-7],[-103,-10],[-42,-1],[-41,-7],[-27,12],[-45,28],[16,29],[12,3],[-56,21],[-8,10],[-58,11],[-89,-3],[-64,-14],[-40,-19],[-62,-9],[-36,-27],[11,-12],[130,-26],[46,-16],[41,-5],[26,2],[40,-12],[52,7],[13,-9],[-13,-8],[-60,-18],[-59,-11],[-100,-13],[-90,-27],[-44,-19],[0,-23],[-62,-30],[-27,-21],[-33,-12],[-30,-26],[1,-17],[14,-15],[-7,-16],[24,-24],[0,-15],[25,-22],[-6,-23],[-38,-26],[2,-12],[44,-38],[-57,-29],[17,-8],[-66,-24],[-16,-10],[-41,-5],[-51,-15],[-21,-13],[-15,-48],[25,-6],[47,-1],[19,-12],[-36,-12],[2,-16],[-45,-11],[-30,12],[-26,-1],[-19,7],[-23,-11],[-39,0],[-26,11],[-47,5],[-45,-2],[-41,-19],[-34,4],[-60,-10],[-28,-9],[-9,-20],[9,-13],[-73,1],[-100,-7],[-30,-6],[-68,-28],[-80,-54],[-54,-25],[-13,-14],[-2,-35],[-48,-15],[-46,-32],[-17,-20]],[[973,2721],[18,9],[-27,26],[-39,8],[-11,7],[8,14],[-24,14],[8,29],[18,13],[-10,8],[26,12],[38,4],[56,0],[23,16],[-14,18],[51,8],[48,24],[-14,20],[-55,22],[-24,15],[-29,32],[-17,8],[-57,1],[-29,13],[-65,-5],[-96,18],[-4,32],[20,8],[31,-5],[66,-6],[34,10],[79,-7],[67,12],[81,-18],[36,7],[16,21],[-4,15],[26,22],[28,4],[5,12],[-25,24],[-19,7],[-114,8],[-103,0],[-48,3],[-42,-3],[-21,13],[27,8],[-11,19],[13,14],[-27,34],[49,14],[46,31],[5,10],[-34,24],[-46,27],[8,9],[39,9],[11,8],[-10,23],[-39,15],[-36,1],[2,23],[-34,2],[-2,20],[20,21],[76,8],[3,31],[-13,9],[-46,8],[-75,4],[-43,13],[-26,24],[18,40],[-4,44],[-14,38],[13,19],[40,11],[-16,18],[7,19],[-31,17],[-1,15],[33,20],[9,16],[32,5],[14,-12],[74,11],[33,14],[-2,15],[-15,10]],[[912,3923],[270,0],[920,0],[485,0],[177,0],[601,0],[426,0],[455,0],[37,-3]],[[3109,6850],[16,-40],[20,-11],[19,-33],[13,-33],[22,-16],[11,-17],[-13,-20],[6,-20],[-11,-6],[15,-22],[7,-49],[-3,-23],[6,-22],[12,-14],[6,-31],[48,-42],[13,-8],[28,-37],[18,-29],[49,-23],[5,-14],[21,-10],[16,-21],[-4,-30],[-33,-20],[4,-47],[17,-13],[3,-25],[18,-31],[23,-13],[60,-59],[13,-21],[-4,-22],[24,-43],[-10,-18],[11,-43],[-11,-51],[-15,-17],[-6,-31],[-20,-47],[-10,-36],[5,-15]],[[3498,5727],[-260,0],[-557,0],[-18,-7],[-6,-32],[18,-45],[4,-167],[0,-217]],[[2679,5259],[-89,5],[-33,24],[-17,5],[-76,5],[-40,16],[-64,-3],[-50,6],[-27,15],[-11,23],[-14,9],[-86,16],[-21,1],[-89,-8],[-73,7],[-57,20],[-36,23],[14,27],[-4,17],[-39,12],[-28,13],[-17,22],[-31,12],[-25,17],[-40,6],[-14,7],[-25,30],[-13,25],[-10,6],[-38,-3],[-15,15],[10,34],[-7,12],[-30,13]],[[1584,5688],[25,25],[-16,23],[11,19],[-15,11],[32,16],[-32,47],[6,46],[-18,14],[-13,24],[21,7],[-23,13],[-43,5],[-9,11],[18,15],[78,13],[9,21],[-2,22],[10,21],[38,47],[-19,16],[32,15],[12,33],[39,20],[18,21],[28,16],[-3,25],[12,11],[26,2],[39,-5],[39,13],[-20,31],[9,46],[-27,9],[6,25],[-9,24],[4,10],[24,10],[-18,19],[11,23],[16,16],[5,23],[22,23],[-13,27],[-46,16],[-18,-2],[-22,-15],[-13,-1],[-21,22],[-24,11],[-5,11],[9,18],[-9,16],[38,18],[17,31],[-27,7],[-43,25],[-20,42],[11,26],[-7,23],[-28,9],[-9,10],[-5,27]],[[2679,5259],[0,-51],[-1,-281],[2,-6],[34,-19],[65,-48],[9,-20],[-43,-8],[-49,4],[-21,-4],[-32,10],[-45,-14],[-33,-19],[-49,-10],[-28,-15],[-29,-21],[-30,-7],[-31,-18],[-13,-20],[-35,-11],[-29,-23],[-42,-10],[-32,-1],[-78,-22],[-49,-36],[-64,-27],[-25,-5],[-70,0],[-122,-33],[-22,-12],[-23,-54],[1,-13],[-33,-37],[-4,-30],[-29,-14],[-19,0],[-17,-22],[-116,-8],[-35,14],[-31,-1],[-34,-16],[-37,-6],[-39,3],[-36,-8],[-52,-8],[-29,-22],[-25,-4],[-26,-16],[6,-13],[43,-19],[1,-13],[-59,-37],[-34,-9],[-41,-4],[-31,2],[-98,17],[-55,1],[-34,3],[-68,3]],[[863,4221],[8,21],[-30,27],[-22,39],[41,22],[13,20],[-6,11],[28,35],[42,4],[21,22],[-14,18],[-22,-3],[-37,24],[11,39],[59,-5],[2,26],[28,24],[2,11],[-25,11],[-22,40],[10,15],[-12,15],[20,17],[39,-15],[40,1],[13,15],[-24,10],[41,29],[-8,16],[28,12],[10,32],[-6,41],[-9,22],[8,27],[22,15],[46,11],[26,12],[38,3],[52,16],[41,-1],[47,18],[-5,14],[23,18],[-6,17],[-51,20],[-11,11],[-22,48],[4,30],[-7,18],[6,12],[-13,8],[-26,29],[-3,13],[-20,18],[-26,40],[1,24],[26,11],[-5,14],[10,30],[-36,30],[-6,15],[30,23],[-1,19],[30,15],[-26,13],[-2,28],[-12,14],[5,11],[-19,13],[22,24],[3,22],[46,5],[-8,20],[5,25],[9,11],[54,4],[22,21],[42,-10],[45,6],[-6,20],[13,26],[21,5],[27,14],[10,14],[22,3],[37,-6],[20,10]],[[5797,4379],[-36,-24],[-23,11],[-41,5],[19,14],[13,27],[40,-1],[33,-23],[-5,-9]],[[5809,4426],[-49,32],[-11,12],[7,15],[40,-5],[13,-8],[0,-46]],[[5857,4779],[28,-17],[-3,-9],[-68,14],[-41,21],[-6,10],[78,-9],[12,-10]],[[5815,4820],[-4,-14],[-55,18],[59,-4]],[[7600,6326],[29,-12],[-2,-32],[7,-11],[-41,-25],[-42,1],[-7,-5],[52,-24],[-29,-21],[17,-14],[2,-12]],[[7586,6171],[-32,-14],[-11,-26],[9,-17],[49,-19],[19,18],[32,7],[14,10]],[[7666,6130],[80,-28],[31,-2],[47,-9],[31,-14],[34,1],[56,-24],[36,-7],[42,-16],[41,-8],[86,-41],[51,-30],[58,-50],[-6,-20],[-40,-26],[-64,-47],[-21,-41],[14,-38],[9,-4],[20,-29],[20,-9],[10,-13],[70,-33],[91,-25],[47,7],[33,-1],[36,-15],[-1,-38],[13,-24],[4,-75],[-11,-23],[-52,-33],[-49,-38],[-66,-55],[-18,-20],[-55,-37],[-72,-33],[-75,-45],[-27,-23],[-15,-38],[3,-26],[-29,-20],[-135,-43],[-79,-22],[-23,-3],[-45,-16],[-88,-19],[-82,-9],[-37,-11],[-81,-8],[-106,-18],[-62,-14],[-286,-27],[-82,-17],[-46,0],[-229,-20],[-158,-11],[-104,-10],[-81,2],[-58,-9],[-98,5],[-45,0],[-45,-9],[-79,6],[-28,7],[-54,-3],[-94,13],[-34,10],[-32,28],[-112,3],[-3,-14],[25,-15],[1,-15],[30,-2],[-4,-15],[-18,-6],[-20,-24],[6,-22],[13,-10],[2,-17],[75,-5],[39,-10],[33,-15],[-17,-14],[-49,18],[-20,13],[-16,-11],[16,-16],[30,-11],[40,-5],[-8,-15],[-20,-69],[-1,-27],[-25,-11],[-38,3],[-38,-6],[2,-12],[-12,-26],[-16,-18],[14,-18],[-15,-29],[-33,-8],[-25,-15],[35,-53],[45,-12],[37,-36],[-32,-1],[-4,-14],[39,11],[4,-11],[-9,-22],[-28,-30],[-14,-8],[-74,-18],[-122,-33],[-36,0]],[[5414,4211],[-30,31],[-56,23],[-26,16],[-47,19],[-32,5],[-103,6],[0,89],[0,163],[-1,164]],[[5119,4727],[1,150],[0,167],[-1,148],[0,148],[0,130],[0,136],[0,125],[1,146],[1,150]],[[5121,6027],[1,127],[5,49],[17,10],[243,0]],[[5387,6213],[284,0],[290,2],[166,92],[210,118],[17,13],[-4,9],[13,12],[35,4],[34,-7],[48,-1],[40,-15],[28,-5],[38,9],[18,20],[12,28],[31,15],[4,19],[30,10],[-9,15]],[[6672,6551],[24,-6],[65,-35],[85,-30],[44,-9],[44,-26],[66,-18],[19,-2],[42,6],[39,-18],[25,-7],[43,0],[22,5],[7,-19],[24,-2],[19,-11],[66,0],[55,-17],[37,-15],[33,-5],[52,-24],[44,-5],[73,13]],[[5119,4727],[-45,2],[-99,32],[-18,4],[-21,15],[-33,11],[-45,6],[-43,25],[-32,5],[-44,13],[-164,29],[-35,0],[-140,13],[-61,-3],[-14,5],[-72,0],[-127,-11],[-73,17],[-39,2],[-30,-10],[-63,4],[-93,16],[-128,8],[-89,-5],[-85,10],[-16,28],[-27,15],[-45,7],[-35,12],[-35,3],[-97,23],[-33,21],[-20,35],[-23,2],[-42,-4],[-36,-8],[-38,2],[-51,-4],[-19,4],[-30,17],[-27,27],[-34,11],[-36,2],[-15,21],[13,24],[51,19],[19,20],[-1,13],[-19,20],[-29,15],[-22,6],[-200,13]],[[3498,5727],[297,0],[447,-1],[24,1],[0,46],[1,254]],[[4267,6027],[301,0],[266,0],[287,0]],[[5414,4211],[-32,-13],[-35,-4],[-60,-15],[-23,-2],[-109,2],[-34,-4],[-48,2],[-71,-2],[-79,1],[-44,7],[-50,23],[-43,4],[-5,14],[-36,-5],[-20,2],[-122,29],[-68,9],[-47,11],[-45,5],[-59,-1],[-8,12],[48,-4],[-14,14],[2,11],[-47,5],[-28,-2],[19,-17],[-51,1],[-56,-20],[-21,-27],[-6,-26],[14,-52],[21,-44],[22,-36],[28,-14],[7,-18],[-23,-33],[20,-28],[-1,-11],[-37,-47],[10,-18]],[[912,3923],[-12,40],[-32,24],[-6,22],[-28,18],[0,9],[36,17],[-18,20],[5,19],[-12,21],[15,36],[-8,21],[9,4],[9,32],[-7,15]],[[3441,6966],[35,-3],[30,-8],[35,3],[19,-5],[35,1],[21,-5],[83,2],[82,17],[43,-2],[23,-6],[32,-1],[50,4]],[[3929,6963],[44,0],[41,-8],[140,-44],[28,-16],[12,-28],[15,-16],[1,-18],[11,-3],[54,3],[63,9],[14,-19],[-3,-23],[24,-35],[-4,-22],[-18,-30],[-11,-6],[-17,-42],[-19,-19],[3,-13],[-19,-23],[6,-15],[-31,-9],[-19,-19],[23,-228],[0,-312]],[[5772,7483],[-23,-78],[4,-12],[111,-65],[24,-18],[-5,-17],[-128,-246],[-8,-10],[-43,-20],[4,-60],[15,-15],[-13,-23],[-4,-32],[40,-22],[33,-12],[15,-26],[15,-14],[50,-23],[8,-26],[16,-11],[-7,-24],[26,-5],[48,-44],[-11,-14],[-4,-38],[-9,-9],[-33,-15],[-23,-1],[-14,-9],[-113,-92],[-153,-125],[-203,-164]],[[3929,6963],[-2,80],[-2,158],[7,18],[90,140],[27,49],[18,18],[41,62]],[[4108,7488],[108,16],[25,7],[98,56],[6,11],[-16,69],[6,10],[34,6]],[[4369,7663],[295,40],[21,0],[98,-13],[5,-17],[48,-17],[13,-8],[37,-5],[23,-8],[39,-1],[59,5],[44,-6],[31,1],[2,-18],[31,-4],[17,-14],[286,-1],[171,2],[82,-2],[23,-8],[78,-106]],[[3781,8656],[-20,-16],[-11,-30],[-20,-27],[2,-12],[16,-9],[52,-10],[82,-37],[-10,-58],[-19,-19],[-64,-37],[-18,-20],[-37,-20],[-22,-22],[5,-6],[38,-5],[41,-13],[21,-1],[-2,-11],[29,-68],[28,-15],[11,-23],[15,-7],[32,5],[22,-6],[12,-14],[17,-31],[43,-28],[9,2],[25,23],[35,18],[50,13],[45,-16],[37,3]],[[4225,8159],[45,-110],[4,-45],[-3,-17],[-37,-32],[-14,-18],[39,-14],[5,-8],[8,-59],[-2,-25],[22,-88],[22,-28],[55,-52]],[[4108,7488],[-83,89],[-19,28],[-62,75],[-12,30],[0,23],[-20,23],[-89,46],[-15,5],[-61,33],[-22,8],[-85,21],[-22,15],[21,19],[0,7],[-46,18],[-23,19],[-11,34],[-44,29],[-98,22],[-99,19],[-38,-7],[-23,-15],[-81,-5],[-223,5],[-32,-4],[-28,-9],[-10,14],[-35,25],[-10,39],[-15,2],[-61,-11],[-39,16],[-67,8],[-27,17],[-32,1],[-17,11],[8,19],[-8,25],[6,26],[-32,3],[-44,-11],[-36,6],[-48,-4],[-48,-9],[-143,7]],[[2235,8200],[8,15],[21,8],[-8,12],[32,31],[9,31],[40,16],[24,30],[2,22],[25,26],[14,7],[42,2],[34,-13],[32,-4],[14,17],[20,9],[38,3],[33,7],[23,-1],[4,20],[11,16],[-9,17],[-126,96],[-13,28],[1,24],[10,22],[14,11],[63,27],[2,25],[-35,78],[-6,24],[-31,28],[3,27],[-24,19],[-2,22],[45,76],[10,7]],[[2555,8985],[346,-37],[605,4],[25,-3],[9,-11],[5,-22],[28,-27],[-22,-45],[-38,-12],[-74,-1],[-36,-16],[-4,-26],[17,-25],[41,-33],[40,-28],[43,-49],[57,-35],[31,4],[23,30],[25,13],[19,15],[41,-2],[24,-17],[21,-6]],[[4215,9905],[-23,-37],[-3,-31],[-16,-13],[-31,-40],[-5,-26],[38,-12],[-9,-21],[9,-44],[17,-28],[22,-13],[54,-2],[22,-4],[17,-22],[-18,-53],[8,-8],[31,-6],[38,-40],[5,-18],[32,-4],[38,12],[40,3],[17,-8],[35,-8],[59,-34],[15,9],[5,13],[26,13],[63,-1],[20,-10],[11,-193],[-9,-18],[-47,-40],[-22,-12],[-42,-3],[-28,-13],[-24,-4],[-27,-13],[-27,-26],[-8,-1],[-96,47],[-20,-11],[-23,-29],[-17,-2],[-48,10],[-59,25],[-13,8],[-51,-14],[-43,9],[-33,3],[-34,12],[-16,-4],[-30,10],[-15,15],[-50,37],[-21,22],[0,24],[-34,10],[-27,15],[-42,1],[-18,14],[4,12],[-17,17],[2,21],[18,19],[-3,35],[3,16],[-21,13],[-71,24],[-21,0],[-23,9],[-48,7],[-12,-7],[-14,-31],[1,-19],[33,-50],[2,-17],[-10,-79],[-14,-26],[-19,-8],[-26,-20],[-17,-5],[-50,2],[-36,10],[-51,32],[-40,10],[-38,21],[-10,12],[-70,37],[-26,3],[-22,13],[-32,12]],[[3180,9414],[72,131],[44,80],[3,9],[-90,54],[40,34],[38,16],[7,11],[-4,28],[34,3],[28,14],[56,10],[15,28],[6,22],[10,13],[18,8],[32,-4],[5,6],[125,20],[40,23],[5,28],[24,49],[9,2],[64,-14],[15,-9],[9,-16],[57,-8],[64,-43],[30,-8],[70,4],[13,4],[62,-5],[134,1]],[[1974,8011],[50,25],[22,15],[10,21],[35,-5],[27,25],[32,40],[44,9],[21,13],[20,46]],[[5645,9793],[1,-326],[0,-169]],[[5646,9298],[2,-85],[-380,-270],[-154,-108]],[[5114,8835],[-264,2],[-115,20],[-29,-5],[-107,-128],[-8,-27],[-23,-31]],[[4568,8666],[-106,-1],[-35,4],[-41,-6],[-24,-10],[-35,-1],[-25,8],[-23,0],[-103,23],[-24,27],[-64,-14],[-67,6],[-45,8],[-7,-4],[-3,-25],[-13,-37],[-24,-1],[-148,13]],[[2555,8985],[11,4],[48,3],[6,10],[-38,25],[1,16],[-19,20],[-38,12],[-12,16],[3,11],[26,29],[8,19],[34,10],[20,23],[42,4],[35,31],[117,27],[325,80],[12,9],[44,80]],[[4215,9905],[85,1],[94,-12],[35,-11],[38,0],[51,-12],[22,-24],[-15,-15],[24,-13],[-3,-9],[23,-23],[28,-15],[-13,-30],[26,-21],[17,-5],[21,-39],[16,29],[1,21],[21,45],[46,31],[37,54],[17,9],[28,44],[16,7],[8,16],[21,3],[47,-2],[36,-14],[24,11],[27,5],[316,-1],[74,2],[29,-3],[7,-33],[11,-10],[24,-6],[48,-24],[-4,-15],[35,-8],[20,-13],[27,-5],[16,-11],[49,-16]],[[5114,8835],[826,-1],[15,-25],[6,-120],[1,-195],[0,-306],[0,-57]],[[5962,8131],[-30,-107],[-48,-168],[-44,-146],[-23,-79],[-45,-148]],[[4225,8159],[50,7],[19,28],[16,8],[-34,42],[5,16],[32,5],[12,13],[-47,12],[62,38],[30,11],[38,47],[13,30],[26,20],[27,55],[29,7],[14,28],[41,1],[4,18],[-13,53],[20,38],[-1,30]],[[7648,8466],[-55,-12],[-3,-15],[-23,-25],[-17,6],[-10,-23],[-25,-2],[-19,-10],[0,-13],[26,-14],[-1,-21]],[[7521,8337],[-26,-5],[-61,-24],[-55,-20],[1,-22],[31,-38],[2,-28],[-10,-15],[-2,-28],[-11,-25]],[[7390,8132],[-368,-1],[-223,0],[-353,0],[-484,0]],[[5646,9298],[108,-24],[37,-3],[33,-17],[41,-16],[64,-7],[35,-16],[23,-24],[45,-4],[5,-9],[55,-30],[61,-8],[34,-1],[31,-8],[52,-46],[0,-15],[31,-6],[117,-53],[64,-20],[18,-8],[37,-9],[32,-4],[37,-33],[33,-13],[11,-19],[23,-16],[27,-5],[0,-15],[31,-36],[17,2],[55,-13],[12,-10],[21,-3],[16,-11],[37,-12],[7,-14],[39,-16],[34,-26],[15,-1],[2,-32],[48,-11],[61,-4],[20,-7],[13,-30],[20,-15],[32,-2],[68,15],[26,-16],[71,-16],[46,-30],[38,-12],[18,-13],[32,-6],[17,-12],[38,-13],[21,-19],[55,-28],[26,-2],[12,-10]],[[5645,9793],[27,-4],[27,-21],[-10,-14],[33,-11],[-4,-11],[12,-13],[68,-50],[16,-19],[-2,-7],[26,-19],[56,-19],[46,-27],[4,-14],[39,-15],[31,-2],[57,-37],[28,-3],[19,-8],[51,-9],[12,-13],[29,-10],[18,0],[35,-15],[-5,-18],[27,-15],[30,-27],[35,-2],[49,-18],[55,0],[20,-6],[23,0],[25,-6],[8,-9],[21,-1],[26,-9],[48,-3],[30,-10],[55,-2],[38,0],[36,6],[19,0],[181,-66],[28,-17],[39,-8],[40,-15],[41,-23],[19,-16],[67,-19],[45,-14],[23,-3],[35,-11],[97,-40],[36,-2],[21,-8],[111,-12],[12,-3],[50,-32],[19,-8],[44,16],[57,-22],[35,-9],[16,0],[20,-10],[40,0],[68,-31],[17,-20],[25,-13],[15,-25],[31,-13],[11,-13],[-6,-26],[-27,-21],[-23,1],[-5,-10],[-38,-8],[7,-15],[-40,-17],[9,-16],[-37,-13],[6,-16],[-21,-12],[17,-13],[-58,-23],[-50,-12],[-18,-22],[0,-15],[-23,-6],[-2,-23],[-17,-16],[2,-21],[-5,-22],[24,-14],[-14,-7],[7,-11],[-28,0],[-7,-32],[-13,-12],[-24,-2],[-15,-8],[18,-13],[-17,-4]],[[8845,8332],[-17,-8],[-9,-28],[72,-79],[12,-21],[6,-37],[28,-19],[23,-28],[57,-24]],[[9017,8088],[-31,-16],[-44,-10],[9,-10],[34,-8],[12,-11],[-11,-18],[-25,6],[-54,6],[-32,-9],[4,-25],[-57,-11],[-5,-27],[-41,-18],[-41,-29],[-51,-11],[-7,-31],[-11,-10],[-35,-11],[-9,-12],[-3,-18],[-14,-8],[-35,-4],[-52,-21],[-20,-18],[3,-9],[-13,-18],[-52,-25],[-19,-24],[-40,-18],[-34,-20],[-7,-10],[-57,-35],[-20,-6],[-43,-2],[-36,-11],[-9,-10],[-8,-40],[-44,-18],[-47,-31],[-32,-10],[-37,-5],[10,-19],[-15,-22],[-99,-47],[-20,-19],[2,-12],[30,-30],[9,-17]],[[7920,7306],[-31,11],[-59,32],[-25,24],[-15,31],[-63,31],[-14,16],[-20,10],[-97,14],[-24,-1],[-36,9],[-28,1],[-83,-17],[-41,-5],[-65,7],[-47,-14],[-33,-17],[-38,-11],[-74,11],[-34,-4],[-24,3],[-32,-7],[-47,-1]],[[6990,7429],[-4,13],[19,48],[14,15],[2,21],[-15,25],[-18,16],[0,18],[19,20],[18,41],[1,61],[21,46],[18,15],[28,10],[49,10],[42,19],[31,9],[8,8],[1,30],[18,17],[9,23],[-1,13],[22,25],[7,17],[-3,23],[13,39],[-13,24],[5,17],[-5,22],[5,10],[20,11],[46,3],[28,12],[15,22]],[[7521,8337],[46,11],[137,7],[55,-4],[54,3],[105,-15],[58,-7],[81,-22],[24,-3],[51,4],[26,-2],[21,-9],[28,-5],[28,-9],[53,0],[49,15],[37,5],[17,-4],[50,-22],[18,2],[26,10],[35,6],[33,-3],[43,-30],[31,-9],[16,1],[36,30],[8,28],[38,8],[40,19],[80,-10]],[[7920,7306],[7,-34],[-6,-15],[-40,-3],[-13,-9],[24,-19],[5,-14],[-22,-20],[-7,-14],[3,-21],[-30,-22],[-12,-25],[-37,-14],[-6,-9],[44,-24],[0,-27],[-36,-50],[-55,-11],[-17,-14],[22,-15],[5,-36],[-19,-27],[40,-30],[3,-18],[-32,-23],[-28,-30],[5,-51],[16,-51],[21,-22],[-11,-23],[6,-22],[-23,-11],[-24,-2],[-71,6],[-15,-13],[-11,-34],[11,-20],[-38,-22],[-17,-24],[-7,-25],[3,-14],[-10,-31],[4,-19],[36,-29],[15,-41],[-3,-8]],[[6672,6551],[-26,10],[-23,15],[-52,16],[-28,18],[-16,23],[-19,13],[-27,29],[-12,23],[-3,27],[-27,25],[-3,16],[19,32],[-3,18],[14,30],[-2,30],[21,27],[1,11],[-20,17],[-9,14],[21,24],[13,26],[4,19],[21,5],[55,0],[41,8],[31,16],[25,20],[46,26],[24,8],[35,26],[15,26],[32,17],[30,29],[50,41],[61,44],[29,29],[8,29],[10,14],[4,44],[-18,19],[-4,14]],[[8845,8332],[26,1],[26,-19],[54,-15],[37,19],[45,15],[11,25],[-15,19],[22,9],[11,16],[36,1],[10,24],[14,11],[42,6],[25,8],[40,-7],[31,1],[10,10],[-3,17],[32,18],[43,5],[23,28],[13,10],[56,5],[6,21],[-5,14],[42,26],[22,40],[-1,22],[13,11],[-12,15],[10,19],[-10,32],[28,10],[-4,19],[14,21],[-15,12],[-13,25],[5,11],[25,2],[-9,21],[28,0],[43,-20],[27,7],[1,9],[27,2],[14,8],[39,-6],[27,-1],[-12,14],[30,1],[14,-7],[71,-11],[9,-19],[29,7],[17,-21],[-1,-14],[20,-19],[-2,-18],[8,-31],[31,-17],[16,-29],[33,-28],[-3,-22],[-26,-25],[6,-38],[-11,-5],[-6,-53],[-13,-3],[19,-22],[12,-29],[-7,-20],[-22,-25],[-16,-5],[-10,-30],[-24,4],[-16,-10],[-32,2],[1,-12],[-28,-6],[-37,-22],[-19,-1],[-30,9],[-22,-28],[-27,-23],[-88,5],[-3,-17],[-33,-6],[-19,10],[-17,-4],[-10,-14],[-38,-11],[-37,-3],[-27,5],[-8,-20],[-27,-3],[-8,-35],[-36,-14],[-40,4],[-3,-7],[23,-14],[-87,-6],[-36,-18],[-30,-2],[-4,-11],[-19,-3],[-7,-15],[-25,-16],[-33,0],[-24,-20],[-26,8],[-9,-8]],[[7586,6171],[48,-15],[32,-26]]],"transform":{"scale":[0.0019921861571157084,0.003326743500950089],"translate":[-73.58658890799992,-55.0510460299999]}}