{"type":"Topology","objects":{"states":{"type":"GeometryCollection","geometries":[{"type":"Polygon","properties":{"name":"Kompienga"},"id":"BFA-2183","arcs":[[0,1,2,3]]},{"type":"Polygon","properties":{"name":"Gourma"},"id":"BFA-2184","arcs":[[-4,4,5,6,7,8,9]]},{"type":"Polygon","properties":{"name":"Houet"},"id":"BFA-2799","arcs":[[10,11,12,13,14,15,16]]},{"type":"Polygon","properties":{"name":"Kénédougou"},"id":"BFA-2800","arcs":[[17,18,19,-15]]},{"type":"Polygon","properties":{"name":"Banwa"},"id":"BFA-2801","arcs":[[20,21,-17,22]]},{"type":"Polygon","properties":{"name":"Kossi"},"id":"BFA-2802","arcs":[[23,24,25,-21,26]]},{"type":"Polygon","properties":{"name":"Balé"},"id":"BFA-2803","arcs":[[27,28,29,30,31]]},{"type":"Polygon","properties":{"name":"Mou Houn"},"id":"BFA-2804","arcs":[[32,-32,33,-11,-22,-26,34]]},{"type":"Polygon","properties":{"name":"Oudalan"},"id":"BFA-2805","arcs":[[35,36,37]]},{"type":"Polygon","properties":{"name":"Soum"},"id":"BFA-2806","arcs":[[38,39,40,41,42,-37]]},{"type":"Polygon","properties":{"name":"Nayala"},"id":"BFA-2807","arcs":[[43,44,-35,-25,45]]},{"type":"Polygon","properties":{"name":"Sourou"},"id":"BFA-2808","arcs":[[46,47,48,-46,-24,49]]},{"type":"Polygon","properties":{"name":"Bam"},"id":"BFA-2811","arcs":[[50,51,52,53,-41]]},{"type":"Polygon","properties":{"name":"Boulkiemdé"},"id":"BFA-2812","arcs":[[54,55,56,57,58,59,60]]},{"type":"Polygon","properties":{"name":"Kourwéogo"},"id":"BFA-2813","arcs":[[61,-55,62,63]]},{"type":"Polygon","properties":{"name":"Bazéga"},"id":"BFA-2814","arcs":[[64,65,66,-57,67]]},{"type":"Polygon","properties":{"name":"Kadiogo"},"id":"BFA-2815","arcs":[[68,-68,-56,-62,69]]},{"type":"Polygon","properties":{"name":"Oubritenga"},"id":"BFA-2816","arcs":[[70,71,-70,-64,72]]},{"type":"Polygon","properties":{"name":"Passoré"},"id":"BFA-2817","arcs":[[-52,73,-73,-63,-61,74,-44,-49,75,76]]},{"type":"Polygon","properties":{"name":"Zondoma"},"id":"BFA-2818","arcs":[[-76,-48,77]]},{"type":"Polygon","properties":{"name":"Sanguié"},"id":"BFA-2819","arcs":[[-60,78,-28,-33,-45,-75]]},{"type":"Polygon","properties":{"name":"Sissili"},"id":"BFA-2820","arcs":[[79,80,81,-29,-79,-59,82]]},{"type":"Polygon","properties":{"name":"Ziro"},"id":"BFA-2821","arcs":[[83,84,-83,-58,-67]]},{"type":"Polygon","properties":{"name":"Loroum"},"id":"BFA-2822","arcs":[[-42,-54,85,86]]},{"type":"Polygon","properties":{"name":"Yatenga"},"id":"BFA-2823","arcs":[[-53,-77,-78,-47,87,-86]]},{"type":"Polygon","properties":{"name":"Namentenga"},"id":"BFA-2824","arcs":[[88,89,90,91,92]]},{"type":"Polygon","properties":{"name":"Sanmatenga"},"id":"BFA-2825","arcs":[[-92,93,-71,-74,-51,-40,94]]},{"type":"Polygon","properties":{"name":"Boulgou"},"id":"BFA-2826","arcs":[[95,-6,96,97,98,99,100]]},{"type":"Polygon","properties":{"name":"Koulpélogo"},"id":"BFA-2827","arcs":[[-3,101,-97,-5]]},{"type":"Polygon","properties":{"name":"Ganzourgou"},"id":"BFA-2828","arcs":[[-91,102,-101,103,-65,-69,-72,-94]]},{"type":"Polygon","properties":{"name":"Kouritenga"},"id":"BFA-2829","arcs":[[-7,-96,-103,-90,104]]},{"type":"Polygon","properties":{"name":"Nahouri"},"id":"BFA-2830","arcs":[[-99,105,-80,-85,106]]},{"type":"Polygon","properties":{"name":"Zoundwéogo"},"id":"BFA-2831","arcs":[[-104,-100,-107,-84,-66]]},{"type":"Polygon","properties":{"name":"Bougouriba"},"id":"BFA-2832","arcs":[[107,108,-13,109,110]]},{"type":"Polygon","properties":{"name":"Ioba"},"id":"BFA-2833","arcs":[[-30,-82,111,112,-111,113]]},{"type":"Polygon","properties":{"name":"Tuy"},"id":"BFA-2834","arcs":[[-31,-114,-110,-12,-34]]},{"type":"Polygon","properties":{"name":"Léraba"},"id":"BFA-2835","arcs":[[114,115,-19]]},{"type":"Polygon","properties":{"name":"Komoé"},"id":"BFA-2836","arcs":[[-14,-109,116,117,-115,-18]]},{"type":"Polygon","properties":{"name":"Poni"},"id":"BFA-2837","arcs":[[118,119,120,-117,-108,-113]]},{"type":"Polygon","properties":{"name":"Gnagna"},"id":"BFA-2874","arcs":[[121,-8,-105,-89,122,123]]},{"type":"Polygon","properties":{"name":"Komondjari"},"id":"BFA-2875","arcs":[[124,-9,-122,125,126]]},{"type":"Polygon","properties":{"name":"Séno"},"id":"BFA-2876","arcs":[[127,-123,-93,-95,-39,-36,128]]},{"type":"Polygon","properties":{"name":"Yagha"},"id":"BFA-2877","arcs":[[-126,-124,-128,129]]},{"type":"Polygon","properties":{"name":"Tapoa"},"id":"BFA-2878","arcs":[[-1,-10,-125,130]]},{"type":"Polygon","properties":{"name":"Noumbiel"},"id":"BFA-5989","arcs":[[131,-120]]}]}},"arcs":[[[8533,4086],[4,-178],[37,-74],[97,-87],[106,-122]],[[8777,3625],[-32,-97],[-74,-58],[11,-110],[-57,-25],[-44,-72],[-41,27],[-133,-28],[35,-143],[-51,23],[-44,-83],[23,-108],[-83,-37],[-74,51],[-31,-64],[14,-120],[-78,33],[-286,-7],[-79,-21],[-158,-76],[-1,123],[-142,39]],[[7452,2872],[52,154],[35,13],[69,-47],[9,95],[62,105],[5,66],[-30,134],[53,110],[-56,197],[-11,168],[8,120]],[[7648,3987],[51,70],[160,66],[30,34],[3,94],[178,190],[134,-32],[56,-36],[38,-71],[75,-10],[12,-47],[80,-108],[68,-51]],[[7648,3987],[-131,9],[-139,131],[-117,12],[-64,53],[-90,15],[-66,-62]],[[7041,4145],[-44,166],[-100,56],[-58,82]],[[6839,4449],[6,146],[29,75],[143,87],[-3,47],[-142,186]],[[6872,4990],[119,171],[75,9],[98,68],[134,3],[122,124]],[[7420,5365],[164,122],[146,-129],[75,-194],[89,17],[48,120],[49,49],[67,125],[22,129],[111,51],[50,99],[35,14],[97,-30],[34,45],[33,120],[142,42]],[[8582,5945],[14,-128],[-47,-256],[-54,-147],[23,-271],[-22,-154],[29,-91],[136,-68],[-34,-343],[0,-90],[-46,-225],[-48,-86]],[[1948,4467],[27,-25],[13,-119]],[[1988,4323],[-17,-84],[6,-119],[-41,-172],[26,-172],[80,-129],[21,-151],[52,-37],[-42,-282],[29,-101],[73,10],[75,-135],[148,-179],[49,6]],[[2447,2778],[-73,-76],[-12,-91],[-91,-88]],[[2271,2523],[-76,-12],[-73,-118],[-9,-64],[-78,-50],[-168,81],[-72,74],[-90,-47],[-112,-87],[-51,49],[-126,46],[-73,184],[-89,19],[-68,-47],[-99,-115],[-110,49],[-56,115]],[[921,2600],[48,111],[-3,104],[129,73],[-3,134],[-54,100],[-102,87],[-15,53],[80,265],[89,86],[53,-63],[45,41],[41,101],[0,85],[-61,176],[9,78],[-101,35],[57,97],[-8,148],[14,87],[-21,157],[-119,95]],[[999,4650],[100,61]],[[1099,4711],[40,-35],[111,15],[37,39],[49,-33],[-7,-107],[50,-32],[-35,-251],[-40,-141],[52,-79],[82,45],[45,-26],[51,25],[34,73],[55,205],[59,53],[95,-2],[37,27],[134,-20]],[[921,2600],[-27,22],[-189,9],[-56,-63],[-67,-36]],[[582,2532],[-158,-39],[-73,105],[-45,118],[-124,155],[-37,28],[-124,12]],[[21,2911],[20,60],[126,22],[86,72],[20,112],[58,121],[-4,215],[57,56],[-19,270],[-94,94],[24,55],[12,138],[-24,59],[-91,33],[-27,72],[156,19],[127,177],[99,62],[121,7],[51,39],[80,-13],[54,27],[51,-30],[58,18],[37,54]],[[1614,5866],[113,-87],[-27,-74],[0,-160],[20,-42],[15,-141],[24,-49],[83,-67],[71,45],[26,101],[58,132],[39,12],[115,-21],[157,9],[167,-92]],[[2475,5432],[-34,-157],[-56,57],[-91,-57],[-72,-202],[-75,-71],[8,-131],[-104,-137],[-52,-121],[-8,-134],[-43,-12]],[[1099,4711],[21,80],[96,57],[-32,84],[111,125],[12,92],[104,-24],[-58,225],[82,167],[-45,118],[-76,86],[-3,120],[105,39],[115,-36],[83,22]],[[2589,6637],[-4,-168],[19,-113],[-13,-100],[14,-192],[44,-97]],[[2649,5967],[-4,-64]],[[2645,5903],[-44,-46],[-69,9],[7,-95],[-44,-194],[7,-67],[-27,-78]],[[1614,5866],[42,159],[-22,228],[-76,113],[-78,185],[31,88],[102,7],[-15,73],[66,104],[74,46],[54,146],[125,100],[43,54],[68,-33],[-84,-96],[95,-26],[139,-61],[255,-260],[74,-45],[82,-11]],[[3289,4678],[76,-101],[-24,-115],[60,-86],[-56,-123],[18,-87],[111,-16],[14,-59],[104,-192]],[[3592,3899],[18,-164],[155,-152],[23,-72],[-125,-116],[-117,21],[-84,-94],[-27,-85]],[[3435,3237],[-80,14],[11,82]],[[3366,3333],[38,250],[-27,77],[26,79],[-127,43],[-40,-16],[-81,65],[-63,-14],[-153,-140],[-101,-43],[-26,36],[-16,117],[-53,16],[-86,79],[30,137],[-142,59],[-99,80]],[[2446,4158],[-33,89],[50,141],[99,64],[6,92],[168,20],[73,-52],[11,-95],[59,-36],[61,40],[77,-56],[52,26],[-13,85],[-70,35],[-87,125],[3,92],[58,32],[65,-45],[87,24],[21,-64],[72,-39],[84,42]],[[3389,5230],[-36,-80],[-16,-109],[65,-81],[17,-111],[31,-62],[-34,-86],[-97,66],[-30,-89]],[[2446,4158],[-115,-17],[-69,-51],[-51,9],[-126,86],[-7,61],[-90,77]],[[2645,5903],[37,-17],[50,-134],[141,23],[-7,-170],[19,-98],[102,-27],[52,-121],[41,-53],[133,-75],[29,-35],[89,80],[58,-46]],[[7234,8866],[-75,-64],[-40,-139],[-142,-237],[-213,-8],[-98,23],[-89,-59],[-235,-30],[-80,-1]],[[6262,8351],[-57,59],[-17,76],[-12,187],[-65,89],[-32,78],[-92,122],[-14,92],[-111,227],[-40,35],[-61,110],[-101,113]],[[5660,9539],[367,442],[42,15],[318,3],[41,-114],[48,-23],[125,93],[79,19],[88,-28],[169,-95],[318,-149],[-44,-161],[45,-155],[-84,-324],[7,-89],[55,-107]],[[6262,8351],[21,-88],[-26,-147],[-90,-66]],[[6167,8050],[-86,-88],[-179,-123],[-163,-50],[-90,-62],[-126,-46],[-65,-1],[-164,-38]],[[5294,7642],[-177,93],[-47,72],[-31,123],[-102,-73],[-51,-8],[-52,-55],[-63,-169]],[[4771,7625],[-86,123],[-70,174],[8,168],[-222,191],[-57,100]],[[4344,8381],[78,69],[23,432],[48,69],[164,-7],[177,29],[438,384],[54,35],[242,81],[92,66]],[[3579,6214],[-26,-208],[93,-127]],[[3646,5879],[-36,-76],[-66,-63],[-42,-115],[39,-141],[-56,-135],[-96,-119]],[[2649,5967],[37,129],[38,67],[70,53],[48,97],[104,29],[56,-93],[81,5],[57,-38],[85,45],[103,-86],[118,-8],[39,53],[94,-6]],[[3276,7465],[89,-142],[162,-66],[64,-85],[62,-42],[9,-153],[43,-119]],[[3705,6858],[61,-48],[64,8],[49,-80],[-121,-236],[-142,-1],[-44,-56],[13,-154]],[[3585,6291],[-6,-77]],[[2589,6637],[43,31],[-16,92],[33,65],[207,17],[17,15],[-44,439],[30,204],[-9,103],[90,-74],[90,4],[54,-54],[18,-70],[62,54],[59,-23],[53,25]],[[5294,7642],[56,-157],[-59,-154],[18,-120],[-47,-124],[103,-240],[-33,-145],[5,-121],[-97,9],[-142,-54],[-42,-56],[24,-148]],[[5080,6332],[-69,6],[-41,45],[-86,25],[-107,150]],[[4777,6558],[28,140],[-33,100],[-69,64],[-50,79],[1,217],[-49,137]],[[4605,7295],[13,113],[44,50],[130,83],[-21,84]],[[4526,5775],[23,-99],[118,-59],[29,-49],[21,-151],[-104,-67],[-63,45],[-106,-27],[-47,-160],[-44,-100],[65,-52],[138,114],[122,17]],[[4678,5187],[35,-147],[-6,-64],[-92,-136]],[[4615,4840],[-111,-75],[-23,-105],[-82,-107]],[[4399,4553],[-71,-65],[-111,-55],[-68,-7]],[[4149,4426],[-18,-14]],[[4131,4412],[17,111],[-134,-46],[-84,91],[-73,23],[-14,99],[63,85],[-56,83],[101,123],[0,108],[-24,278],[84,35],[113,120],[47,139],[-75,-37],[-37,100]],[[4059,5724],[48,41],[120,46],[114,-10],[99,28],[46,-63],[40,9]],[[4962,5768],[-32,-141],[-85,-29],[-43,-52],[53,-262],[-177,-97]],[[4526,5775],[-29,82],[29,129],[101,128],[164,54]],[[4791,6168],[84,-63],[13,-192],[63,-61],[11,-84]],[[5636,4908],[36,-60],[15,-109],[79,-141],[77,-101],[14,-113]],[[5857,4384],[-64,-13],[-170,84],[-65,-28],[-128,-137],[-118,-270],[-36,-166]],[[5276,3854],[-101,74],[-71,113],[-191,144],[-87,109],[-108,161],[-30,22],[-69,-43],[-128,-16],[-92,135]],[[4615,4840],[84,-112],[113,-43],[44,60],[139,90],[38,71],[102,21],[60,-150],[108,53],[57,-28],[56,34],[132,18],[88,54]],[[5591,5042],[45,-134]],[[4962,5768],[50,-123],[-11,-112],[103,46],[43,-92],[-29,-94],[97,8],[88,65],[70,-26],[28,-86],[-27,-181],[185,-142],[32,11]],[[5017,6174],[84,-68],[144,-13],[30,-61],[103,-39],[120,-102],[61,-140],[118,4],[55,-40],[83,-142],[102,-67]],[[5917,5506],[-12,-71],[-77,-31],[-87,103],[-42,-2],[-69,-84],[9,-49],[-69,-222],[21,-108]],[[4791,6168],[84,48],[142,-42]],[[5080,6332],[-63,-158]],[[4059,5724],[-160,-57],[-26,33],[49,83],[-18,38],[-93,2],[26,123],[-62,66],[-129,-133]],[[3585,6291],[85,-15],[158,-1],[96,30],[60,89],[169,109],[135,-47]],[[4288,6456],[49,-62],[91,0],[49,73],[73,-8],[34,107],[31,25],[52,-76],[110,43]],[[3705,6858],[123,60],[44,64],[73,43],[30,-39],[67,-6],[111,-52],[94,-19],[91,25],[29,-129],[-47,-120],[10,-55],[-62,-92],[20,-82]],[[4131,4412],[-208,-70],[-149,-125],[-45,-114],[-28,-201],[-109,-3]],[[4972,3394],[-1,-90],[-63,-229],[112,-87],[102,-24],[56,-54],[14,-58]],[[5192,2852],[-28,15],[-160,7],[-46,-52],[-472,-6],[-956,-14]],[[3530,2802],[19,96],[77,27],[21,96],[-99,130],[-51,-61],[-42,16],[-20,131]],[[4149,4426],[18,-150],[2,-172],[-26,-19],[-121,8],[-13,-205],[18,-103],[63,-50],[95,-1],[64,-71],[10,-81],[44,-93],[80,-68],[21,-59],[66,-31],[85,126],[60,-21],[50,-98],[32,-5],[138,139],[76,-7],[61,-71]],[[5276,3854],[43,-87]],[[5319,3767],[-108,-148],[-90,-68],[-54,-86],[-68,-24],[-27,-47]],[[4605,7295],[-159,-43],[-141,19],[-41,231],[-75,247],[11,114],[-62,47],[-29,138],[-49,26],[-55,75],[-84,28],[-65,-79],[-123,-13],[-23,97],[-113,168]],[[3597,8350],[99,141],[103,81],[69,22],[96,-28],[295,-191],[85,6]],[[3276,7465],[44,23],[-36,166],[-5,94],[42,118],[68,310],[186,141],[22,33]],[[6693,7216],[-5,-44],[-81,-98],[17,-175],[-42,-155],[15,-65],[-74,-199],[-7,-153],[78,-240],[133,-117],[-29,-138],[31,-118],[-12,-144]],[[6717,5570],[-230,-161],[-61,-4],[-223,69]],[[6203,5474],[-3,157],[-24,87],[-47,56]],[[6129,5774],[-4,109],[-32,93],[-105,189],[-35,146],[28,32],[86,-70],[36,10],[22,99],[-1,214],[33,194],[-48,309],[-45,81],[-31,190],[13,157],[83,103],[20,268],[61,67]],[[6210,7965],[71,-42],[108,-143],[28,-138],[96,-154],[50,-36],[138,-25],[-32,-150],[24,-61]],[[6129,5774],[-80,-3],[-11,-145],[-121,-120]],[[6167,8050],[43,-85]],[[6392,4563],[-8,-106],[52,-125],[61,-62],[162,-48],[43,94],[137,133]],[[7041,4145],[-2,-44],[-88,-2],[-62,-63],[-95,-214],[32,-76],[-20,-139],[-39,-130],[17,-55],[113,15],[70,-15],[18,-53],[-120,-188],[-32,-135]],[[6833,3046],[-236,67],[5,-60],[-90,-111],[-46,63],[-49,-42],[-9,-65],[-82,-91],[-94,-11],[-55,-131],[-61,80],[-26,72]],[[6090,2817],[16,115],[-52,90],[-57,150]],[[5997,3172],[52,135],[200,184],[56,124],[-37,70],[-80,58],[-97,32],[-54,-32],[-155,113],[-71,148],[17,67],[68,89],[74,139]],[[5970,4299],[131,35],[124,204],[36,19],[131,6]],[[7452,2872],[-619,174]],[[6203,5474],[12,-64],[96,-93],[27,-95],[-12,-67],[49,-208],[69,-92],[3,-190],[-55,-102]],[[5970,4299],[-44,79],[-69,6]],[[6717,5570],[-35,-146],[14,-72],[99,-85],[-48,-202],[125,-75]],[[6090,2817],[-199,-3],[-28,-42],[-63,60],[-174,19],[-47,-34],[-313,4],[-74,31]],[[5319,3767],[50,-103],[76,-9],[47,-97],[96,-62],[72,-92],[75,5],[14,-85],[44,-37],[75,-117],[76,-50],[53,52]],[[3121,2371],[-97,-74],[-87,-106],[-151,-80],[-99,96],[-142,-25],[-113,53],[-122,-34]],[[2310,2201],[-37,53],[-69,17],[-13,77],[126,33],[-46,142]],[[2447,2778],[-13,100],[118,168],[179,68],[74,14]],[[2805,3128],[135,43],[97,-30],[-17,-135],[13,-73],[-59,-239],[12,-86],[-40,-21],[0,-141],[130,8],[45,-83]],[[3530,2802],[-137,21],[27,-121],[-61,-114],[-70,-269]],[[3289,2319],[-64,-23],[-43,79],[-61,-4]],[[2805,3128],[16,102],[78,151],[90,61],[53,-43],[139,26],[185,-92]],[[582,2532],[14,-27],[129,-60],[-11,-77],[13,-120],[-48,-150],[-36,13],[-99,-39],[-41,15],[-27,-76],[45,-47],[42,-231],[-21,-112],[-33,-35]],[[509,1586],[-61,-5],[-63,50],[-99,6],[-24,-31],[-110,-9],[-45,70],[-46,18],[-61,132],[17,115],[52,170],[-19,170],[19,120],[27,28],[19,134],[-43,181],[-38,85],[-13,91]],[[2310,2201],[-4,-310],[-101,-206],[36,-199],[-86,-200],[-95,-53],[-95,11],[-29,-108],[12,-46],[110,-135],[3,-72]],[[2061,883],[-117,-76],[-13,-53],[-83,-43],[-92,42],[-81,-97],[-93,-37],[-41,-101],[-25,-137],[-109,69],[-117,13],[-18,36],[15,117],[-44,4],[-17,-85],[-65,54],[-77,-63],[-51,19],[-89,151],[-29,96],[-51,48],[-161,55],[17,92],[-36,96],[9,84],[-94,52],[-42,214],[-38,29],[-10,124]],[[3289,2319],[19,-32],[-35,-103],[52,-198],[40,-98],[99,-112],[-42,-15],[-34,-89],[10,-65],[95,-70],[1,-55],[-52,-80],[13,-171]],[[3455,1231],[-94,32],[-37,-16],[-34,-145],[-78,-15],[-89,114],[-131,5],[-37,-42],[4,-88],[-34,-72],[7,-96]],[[2932,908],[-35,-6],[-60,-108],[-141,123],[-199,22],[-75,-14],[-70,54],[-118,-23],[-63,-60],[-110,-13]],[[7704,6262],[-19,-70],[-108,-90],[-64,11],[-171,75],[-15,-111],[-36,-69],[68,-133],[25,-288],[36,-222]],[[6693,7216],[68,131],[144,-52],[151,64]],[[7056,7359],[11,-138],[65,-90],[79,-190],[79,-102],[14,-62],[56,-68],[165,-72],[193,-291],[-14,-84]],[[8627,6059],[-45,-114]],[[7704,6262],[158,37],[69,-22],[54,69],[221,148]],[[8206,6494],[16,-94],[164,-64],[241,-277]],[[7610,7839],[-40,-67],[-86,-23],[-52,-89],[-114,-31],[-34,-83],[-228,-187]],[[7234,8866],[182,-225],[54,-98],[-27,-137],[-36,-84],[45,-83],[-7,-70],[54,-106],[57,-56],[-3,-78],[57,-90]],[[7610,7839],[127,-145],[-25,-96],[51,-60],[168,7],[53,-102],[70,5],[126,-80],[51,-74],[7,-79],[65,-95],[138,-87],[38,-50],[-25,-89],[-232,96],[-17,-70],[1,-426]],[[8627,6059],[292,-336],[78,-42],[289,-34],[44,23],[64,139],[76,49],[174,-33],[119,-215],[9,-106],[45,-100],[-1,-74],[-223,-71],[-22,-73],[25,-62],[337,-644],[66,-77],[-46,-170],[-66,-120],[-13,-100],[-182,-195],[-172,-241],[-80,-18],[-86,50],[-123,-33],[-80,3],[-148,-69],[-41,114],[-119,13],[-66,-12]],[[3455,1231],[6,-129],[29,-60],[0,-201],[30,-66],[-74,-198],[56,-107],[-12,-163],[90,-137],[-94,-170],[-59,34],[-126,231],[-101,291],[-43,36],[-89,9],[-53,168],[-80,28],[-3,111]]],"transform":{"scale":[0.0007913538342834255,0.0005688593762376208],"translate":[-5.522578084999878,9.391882629000136]}}