{"type":"Topology","objects":{"states":{"type":"GeometryCollection","geometries":[{"type":"Polygon","properties":{"name":"Badghis"},"id":"AFG-1741","arcs":[[0,1,2,3]]},{"type":"Polygon","properties":{"name":"Hirat"},"id":"AFG-1742","arcs":[[-2,4,5,6]]},{"type":"Polygon","properties":{"name":"Bamyan"},"id":"AFG-1743","arcs":[[7,8,9,10,11,12,13,14]]},{"type":"Polygon","properties":{"name":"Balkh"},"id":"AFG-1744","arcs":[[15,16,17,18,19]]},{"type":"Polygon","properties":{"name":"Faryab"},"id":"AFG-1745","arcs":[[20,21,-4,22,23]]},{"type":"Polygon","properties":{"name":"Jawzjan"},"id":"AFG-1746","arcs":[[-19,24,-24,25]]},{"type":"Polygon","properties":{"name":"Ghor"},"id":"AFG-1747","arcs":[[-13,26,27,28,-5,-1,-22,29]]},{"type":"Polygon","properties":{"name":"Sari Pul"},"id":"AFG-1748","arcs":[[30,-14,-30,-21,-25,-18]]},{"type":"Polygon","properties":{"name":"Farah"},"id":"AFG-1749","arcs":[[31,32,33,-6,-29]]},{"type":"Polygon","properties":{"name":"Hilmand"},"id":"AFG-1750","arcs":[[34,35,36,37,38,-32,-28]]},{"type":"Polygon","properties":{"name":"Nimroz"},"id":"AFG-1751","arcs":[[-39,39,-33]]},{"type":"Polygon","properties":{"name":"Uruzgan"},"id":"AFG-1752","arcs":[[40,41,42,-36,43]]},{"type":"Polygon","properties":{"name":"Uruzgan"},"id":"AFG-1753","arcs":[[-12,44,-44,-35,-27]]},{"type":"Polygon","properties":{"name":"Kandahar"},"id":"AFG-1754","arcs":[[45,46,-37,-43]]},{"type":"Polygon","properties":{"name":"Zabul"},"id":"AFG-1755","arcs":[[47,48,-46,-42,49]]},{"type":"Polygon","properties":{"name":"Ghazni"},"id":"AFG-1757","arcs":[[50,51,52,-50,-41,-45,-11,53]]},{"type":"Polygon","properties":{"name":"Khost"},"id":"AFG-1758","arcs":[[54,55,56]]},{"type":"Polygon","properties":{"name":"Paktika"},"id":"AFG-1759","arcs":[[-55,57,-48,-53,58]]},{"type":"Polygon","properties":{"name":"Badakhshan"},"id":"AFG-1760","arcs":[[59,60,61,62]]},{"type":"Polygon","properties":{"name":"Nuristan"},"id":"AFG-1761","arcs":[[63,64,65,-60,66]]},{"type":"Polygon","properties":{"name":"Kunar"},"id":"AFG-1762","arcs":[[67,68,-64,69]]},{"type":"Polygon","properties":{"name":"Kunduz"},"id":"AFG-1763","arcs":[[70,71,72,-16,73]]},{"type":"Polygon","properties":{"name":"Nangarhar"},"id":"AFG-1764","arcs":[[74,75,76,77,78,-68]]},{"type":"Polygon","properties":{"name":"Takhar"},"id":"AFG-1765","arcs":[[-62,79,80,-71,81]]},{"type":"Polygon","properties":{"name":"Baghlan"},"id":"AFG-1766","arcs":[[-81,82,83,-8,84,-72]]},{"type":"Polygon","properties":{"name":"Kabul"},"id":"AFG-1767","arcs":[[85,86,-78,87,88,89]]},{"type":"Polygon","properties":{"name":"Kapisa"},"id":"AFG-1768","arcs":[[90,-86,91,92]]},{"type":"Polygon","properties":{"name":"Parwan"},"id":"AFG-1769","arcs":[[-61,-66,93,-93,94,-83,-80]]},{"type":"Polygon","properties":{"name":"Laghman"},"id":"AFG-1770","arcs":[[-69,-79,-87,-91,-94,-65]]},{"type":"Polygon","properties":{"name":"Logar"},"id":"AFG-1771","arcs":[[-77,95,-51,96,-88]]},{"type":"Polygon","properties":{"name":"Parwan"},"id":"AFG-1772","arcs":[[-95,-92,-90,97,-9,-84]]},{"type":"Polygon","properties":{"name":"Samangan"},"id":"AFG-1773","arcs":[[-73,-85,-15,-31,-17]]},{"type":"Polygon","properties":{"name":"Wardak"},"id":"AFG-1774","arcs":[[-89,-97,-54,-10,-98]]},{"type":"Polygon","properties":{"name":"Paktya"},"id":"AFG-3413","arcs":[[-76,98,-56,-59,-52,-96]]}]}},"arcs":[[[2951,6411],[14,-37],[40,-39],[35,-5],[47,-70],[42,-40],[43,-110],[-13,-126],[-10,-34],[-34,-31],[-124,-45],[-46,-30],[-48,10],[-85,5],[-23,-12],[-14,-32]],[[2775,5815],[-77,-7],[-39,17],[-68,1],[-26,-12],[-29,-33],[-6,-25],[-32,-12],[-46,-49],[-144,-56],[-19,0],[-35,30],[-54,21],[-22,-11],[-47,9],[-42,26],[-40,37],[-50,24],[-81,11],[-49,-38],[-44,28],[-55,14],[1,31],[-24,51],[-45,3],[-47,39],[-32,15],[-43,50],[-60,23],[-14,58],[14,163],[19,77],[59,127],[27,110]],[[1625,6537],[66,67],[47,29],[57,12],[9,13],[14,96],[-16,38],[-1,72],[19,24],[53,22],[24,36],[-21,15],[-50,63],[-19,62],[28,37],[152,-4],[60,16],[57,34],[36,54],[27,13],[86,7],[28,9],[65,49],[32,11]],[[2378,7312],[21,-15],[8,-33],[-3,-92],[-18,-95],[-1,-47],[-20,-60],[41,-32],[30,-51],[8,-40],[1,-118],[17,-16],[111,-10],[42,-11],[3,-54],[39,-24],[76,22],[6,-31],[-13,-127],[7,-41],[67,-28],[71,-13],[80,15]],[[2775,5815],[-12,-123],[15,-49],[-7,-31],[-28,9],[-18,28],[-31,-24],[-59,-27],[-33,6],[-24,-16],[2,-118],[-5,-25],[15,-39],[-6,-31],[-58,-50],[-45,0],[-31,21],[-23,-30],[-88,2],[-44,39],[-31,15],[-59,7],[-114,-7],[-11,-63],[-19,-48],[-41,-80],[-2,-23],[28,-62],[12,-47],[27,-31],[28,-52],[9,-47],[31,-50],[-3,-18],[-48,-26],[-6,-23],[10,-58],[-10,-27],[-35,-23],[-67,-9],[-78,-28],[-29,-28],[-49,-25],[-38,-42],[9,-68],[29,-84],[8,-82]],[[1846,4328],[-34,-28],[-26,-80],[-9,-50],[-19,-25],[-61,-30],[-7,27],[-74,-31],[-48,-1],[-38,-62],[-64,-21],[-41,18],[-47,-25],[-50,-47],[-13,-33],[0,-52],[-16,-46],[-1,-36],[-37,0],[-83,-15],[-37,-17],[-37,-37],[-29,4],[-14,37],[-8,80],[-25,-1],[-71,-81],[-21,10],[-50,66],[-41,2],[-20,13],[-6,31],[5,75],[11,28],[83,116],[26,43],[-31,66],[-28,40],[-1,24],[45,63],[4,63],[20,49],[-7,35],[-46,14],[-86,5],[-42,23],[-48,-2],[-20,-35],[-33,-23],[-52,11],[-100,-14],[-48,5],[-92,27],[-39,23],[-39,6]],[[301,4540],[-28,40],[-50,10],[-51,-3],[-55,5],[-56,31],[-44,55],[-17,81],[27,100],[2,43],[-20,168],[-9,110],[4,49],[20,52],[46,71],[44,38],[-5,24],[172,13],[-8,21],[-78,139],[-23,18],[-14,63],[56,18],[31,19],[49,70],[26,3],[11,40],[-2,54],[35,42],[17,50],[21,9],[9,75],[-4,41],[12,35],[19,119],[21,46],[-5,41],[-26,48],[4,105],[42,14],[19,30],[-4,56],[40,127],[30,70],[-5,82],[42,9],[28,-49],[6,-36],[24,-12],[78,-100],[46,-23],[93,-19],[42,4],[83,38],[41,-1],[39,-30],[71,-91],[58,-38],[22,-51],[0,-64],[17,-56],[19,-4],[67,119],[23,28],[19,1],[45,-55],[67,-10],[61,36],[36,52],[44,27]],[[5287,6684],[-2,-28],[14,-56],[-8,-45],[6,-32],[-29,-116],[-34,-41],[-5,-31],[8,-87],[39,-36],[39,1],[39,-26]],[[5354,6187],[36,-51],[12,-85],[-4,-66],[24,-28]],[[5422,5957],[-80,-54],[-57,-73],[-32,1],[-26,-42],[-19,-57],[-43,7],[-128,47],[-62,0],[-52,12],[-40,28],[-33,-21],[-99,-23],[-19,-23],[7,-31],[28,-36],[1,-47],[-54,-35],[-9,-59],[18,-18],[92,-7],[13,-29],[-27,-53],[31,-6],[69,-41],[10,-15],[-26,-51],[-56,-28],[-14,-38],[15,-36]],[[4830,5229],[-37,-43],[-21,-69]],[[4772,5117],[-23,-29],[-81,-20],[-27,-40],[-15,21],[-29,-8],[-39,-32],[-36,14],[-19,25],[-124,33],[-32,-5],[-49,-30],[-55,30],[-50,68],[1,58],[21,67],[-8,54],[0,52],[31,32],[-5,20],[-36,21],[-25,1],[-12,24],[13,32]],[[4173,5505],[43,39],[45,19],[28,-9],[58,59],[-19,49],[6,33],[33,42],[0,49],[-45,43],[-16,-4],[-53,64],[-17,60],[-40,56],[-58,57],[-50,20]],[[4088,6082],[-23,48],[17,135],[-14,38],[9,49],[31,29],[114,-14],[87,46],[45,108],[35,55],[26,14]],[[4415,6590],[57,-25],[70,0],[82,42],[54,18],[65,32],[68,-15],[75,40],[61,11],[91,-27],[67,14],[24,-24],[69,13],[28,-2],[61,17]],[[5243,8295],[9,-119],[38,-116],[18,-42],[30,-34],[19,-54]],[[5357,7930],[-76,-34],[-172,30],[-100,64],[-52,-18],[-79,10],[-27,-44],[-59,-36],[29,-86],[1,-20],[-26,-111],[-6,-90],[-25,-35],[-2,-50],[-47,-64],[-59,-17],[-80,-82],[21,-59],[19,-32],[-7,-61],[-78,-114],[-40,-30],[-23,-43],[-5,-41]],[[4464,6967],[-73,-48],[-76,-8],[-19,27],[-99,-24],[-12,7],[15,56],[17,35],[26,24],[29,90],[-13,143],[-13,31],[9,57],[-7,108],[-39,7],[-53,52],[47,99],[29,103],[24,47],[40,64],[12,41],[-31,27],[-76,19]],[[4201,7924],[-33,39],[-9,32],[-3,58],[-28,30],[10,33],[24,13],[24,-7],[41,17],[-14,106],[-53,103],[6,76],[19,77],[-6,19],[-44,65],[-16,67],[-36,31],[-60,19],[-15,16],[1,55]],[[4009,8773],[30,-31],[19,-2],[48,19],[23,-1],[27,-24],[54,50],[34,-1],[46,-25],[27,-3],[29,22],[91,5],[64,19],[33,-1],[64,-48],[18,-64],[59,-43],[20,-56],[31,-4],[27,22],[49,12],[64,64],[30,-5],[13,-46],[62,25],[39,-24],[52,-13],[11,-35],[-6,-70],[9,-31],[34,-26],[31,-10],[28,-55],[30,-27],[44,-71]],[[3616,7278],[18,18],[32,-14],[-12,-48],[36,-70],[9,-61],[-7,-52],[-37,-11],[-43,3],[0,-45],[-40,-77],[-70,1],[-22,-23],[-13,-60],[10,-45],[-32,-98],[-20,-26],[-4,-59],[3,-81],[14,-49],[15,-25]],[[3453,6456],[-48,-55],[-34,-17],[-28,9],[-34,45],[-28,-15],[-44,34],[-24,-3],[-35,-27],[-29,-9],[-14,20],[-52,-26],[-45,29],[-34,-6],[-53,-24]],[[2378,7312],[31,-3],[66,-33],[-6,85],[14,32],[46,45],[51,22],[49,-15],[18,52],[31,29],[75,26],[37,46],[55,108],[20,78],[1,67],[-13,65],[2,44],[21,79],[100,233],[9,38],[-16,126],[3,43],[34,48],[126,86],[51,21],[296,10]],[[3479,8644],[-85,-189],[-19,-82],[-5,-65],[6,-33],[36,-59],[8,-46],[29,-69],[-20,-108],[-17,-34],[39,-54],[-11,-69],[36,-135],[-18,-21],[-126,-5],[-25,-25],[-21,-103],[3,-108],[-31,-52],[9,-51],[-13,-29],[-43,-42],[5,-30],[24,-27],[84,11],[71,-36],[33,-5],[48,8],[35,47],[29,-35],[61,41],[15,39]],[[4201,7924],[-26,-17],[-44,-5],[-52,-19],[-81,-17],[-67,-5],[-28,11],[-35,-11],[-56,-61],[-64,-16],[-61,-52],[-36,-46],[-32,-22],[-76,-13],[-37,0],[-18,-26],[5,-64],[-13,-177],[25,-37],[7,-37],[-2,-61],[89,17],[17,12]],[[3479,8644],[34,16],[60,97],[-2,94],[10,48],[23,51],[59,19],[6,45],[30,-15],[35,-63],[156,-73],[58,-71],[31,0],[30,-19]],[[4173,5505],[-15,8],[-105,-19],[-25,22],[-52,4],[-33,-49],[-101,0],[-37,-39],[-153,17],[-78,15],[-65,-3],[-32,-150],[7,-35],[-20,-117],[18,-42],[18,-11],[1,-59],[-24,-39],[-11,-36],[-43,-22],[3,-59],[19,-16],[37,-59],[11,-94],[41,-53],[5,-32],[-42,-34],[-72,-94],[-22,-10],[-6,-56],[-76,-38],[-29,-30]],[[3292,4375],[-42,0],[-53,-55],[-61,-38],[-29,-32],[-44,6],[-46,-55],[-25,9],[-4,38],[-40,-21]],[[2948,4227],[-22,21],[-8,31],[-47,7],[-44,45],[-20,-14],[-33,-90],[-67,-58],[16,-36],[-52,-21],[-46,42],[-22,-3],[-55,116],[-27,11],[-9,82],[-21,67],[-39,85],[-37,33],[-49,-22],[-23,-25],[-25,-46],[-20,-15],[-76,-15],[-36,-24],[-27,-29],[-64,-24],[-141,-8],[-52,-21],[-33,-1],[-23,13]],[[3453,6456],[14,-19],[41,0],[78,36],[-2,-23],[32,-49],[49,-19],[12,-62],[22,-28],[72,-32],[89,-14],[9,-26],[1,-77],[-8,-27],[28,-37],[29,-128],[35,38],[8,29],[38,31],[10,40],[49,-21],[29,14]],[[4464,6967],[66,-40],[18,-38],[-28,-32],[20,-27],[-17,-44],[3,-65],[-12,-33],[-33,-43],[-66,-55]],[[2948,4227],[7,-26],[-22,-26],[9,-52],[-63,-64],[-40,-60],[3,-28],[-21,-56],[17,-44],[-126,-70],[-31,-54],[-12,-36],[-40,-44],[-9,-29],[33,-31],[-5,-38],[-18,-21],[-63,-43],[-86,-15],[-28,15],[-12,-19],[1,-48],[16,-67],[-51,-57],[-21,6],[-49,-53],[-24,-38],[-34,7],[-32,-13],[-39,-54],[-75,-55],[-16,-18]],[[2117,3096],[-17,-1],[-130,42],[-71,5],[-33,12],[-21,-10],[-26,-47],[-8,-38],[-2,-82],[-15,-50],[-23,-31],[-36,-32],[-38,-13],[-45,-2],[-63,-33],[-36,-5],[-83,125],[-20,13],[-45,6],[-78,-31],[-289,-25],[4,-74],[-13,-29],[-43,-31],[-15,-43],[7,-61],[-63,-97],[-32,-82],[-22,-40],[-41,-9],[2,-90],[-22,-18],[-7,-80],[-14,-42]],[[779,2203],[-217,43],[-306,60],[-23,14],[-8,103],[-12,79],[9,81],[-12,155],[6,68],[-16,100],[24,48],[14,106],[1,90],[-54,270],[-122,550],[-10,70],[3,102],[132,237],[43,43],[11,34],[-2,53],[46,14],[15,17]],[[3292,4375],[27,-30],[23,-3],[1,-29],[18,-48],[30,-47],[-10,-140]],[[3381,4078],[-37,-26],[-7,-46],[-28,-40],[-41,-99],[16,-31],[-7,-85],[7,-26],[-9,-59],[-12,-36],[41,-17],[23,-25],[15,-107],[-20,-43],[8,-54],[-3,-39],[-16,-52],[-8,-61]],[[3303,3232],[-13,-66],[-35,-36],[-36,-178],[-33,-15],[-40,20],[-44,-32],[-18,-44],[-7,-77],[-64,-92],[-18,-106],[14,-57],[-11,-96],[-12,-41],[-30,-169],[-13,-209],[-31,-547],[-9,-355],[-21,-212],[-91,-718]],[[2791,202],[-15,0],[-188,-77],[-24,-17],[-42,-97],[-19,-11],[-79,47],[-280,75],[-380,-49],[-292,-38]],[[1472,35],[82,538],[-3,99],[29,83],[10,153],[53,33],[49,74],[30,63],[34,100],[56,68],[4,22],[-24,58],[16,53],[-20,46],[34,61],[33,33],[-7,186],[57,55],[42,107],[40,46],[5,125],[-24,86],[25,64],[2,116],[37,357],[15,61],[47,64],[25,70],[2,67],[21,31],[-19,72],[-6,70]],[[1472,35],[-87,-12],[-72,19],[-182,81],[-347,154],[-290,129],[-223,99],[-22,14],[93,150],[204,334],[132,216],[225,371],[16,55],[-5,88],[13,36],[5,44],[-24,93],[-9,69],[-25,64],[4,69],[-30,63],[-31,25],[-38,7]],[[4411,4285],[11,-35],[89,0],[19,-23],[2,-27],[-56,-70],[-9,-43],[-2,-76],[11,-76],[20,-24],[42,-15]],[[4538,3896],[-3,-65],[-14,-41],[-25,-12],[-24,14],[-29,-19],[-48,-4],[-58,-50],[-36,-53],[0,-29],[-44,-30],[-5,22],[14,86],[-41,-3],[-32,-66],[-34,-7],[-34,-22],[-63,-106],[-11,-68],[11,-26]],[[4062,3417],[-28,-24],[-78,-15],[-7,-35],[-23,-5],[-66,9],[-26,41],[-105,13],[-34,12],[-17,-9],[-26,-41],[-16,-3],[-4,105],[-20,31],[-51,13],[-19,-11],[-25,-42],[-26,-84],[-30,-21],[1,-74],[-15,-16],[-20,-84],[-56,32],[-37,-2],[-31,25]],[[3381,4078],[52,-28],[19,27],[29,-3],[-14,61],[64,3],[62,-45],[45,10],[33,-4],[28,34],[51,-58],[108,-33],[21,28],[0,35],[13,68],[10,14],[54,33],[84,83],[31,14],[22,-15],[72,25],[37,-84],[20,-6],[49,35],[45,13],[29,38],[16,-41],[27,-7],[23,10]],[[4772,5117],[14,-27],[-27,-66],[20,-25],[18,-63],[-51,-81],[-59,-68],[-30,-58],[-29,-24],[-66,-26],[-60,-11],[-62,-33],[-18,-21],[-10,-59],[20,-80],[-7,-113],[-14,-77]],[[4062,3417],[46,-5],[30,72],[29,2],[38,-41],[5,-17],[-11,-98],[-17,-45],[-47,-41],[-33,-84],[-33,-41],[-10,-31],[13,-110],[-21,-63],[18,-29],[5,-52],[-10,-35],[-27,-44],[-53,-31],[-23,-30],[12,-55],[22,-20],[56,-79],[34,25],[39,44],[28,11],[26,-5],[39,13],[88,99],[22,-1],[43,-52],[66,-37],[50,-51],[67,-22],[64,22],[44,27],[27,-76],[27,-15],[19,-42],[30,16],[42,-28],[18,-53],[-8,-36],[92,0],[60,24],[47,-5],[36,-24]],[[5051,2374],[-36,-26],[-22,-3],[-67,13],[-9,-19],[24,-52],[4,-43],[38,-34],[58,11],[25,-11],[3,-47],[-18,-27],[-39,-3],[-63,-59],[-76,-31],[-41,-8],[-61,-31],[-81,3],[-51,28],[-54,-4],[-39,8],[-4,76],[-51,7],[-73,-42],[-55,-68],[-44,-21],[-23,-124],[-13,-25],[-66,-92],[-15,-10],[-94,-26],[-19,-24],[-68,-353],[-2,-48],[12,-44],[22,-44],[6,-45],[-14,-145],[-1,-88],[-45,-125],[-10,-42],[2,-32],[25,-24],[56,-73],[-13,-11],[-33,-67],[-55,-55],[-302,-122],[-202,-81],[-303,-122],[-34,2],[-116,28],[-223,3]],[[5261,2984],[18,-105],[-23,-78],[-21,-43],[0,-60],[11,-40],[48,-47]],[[5294,2611],[-26,-37],[-10,-41],[-36,-28],[-27,-33],[-59,2],[-20,-13],[-42,-65],[-23,-22]],[[4538,3896],[29,7],[31,73],[-17,60],[35,12],[30,-13],[9,-51],[18,-24],[35,-2],[27,-40],[43,9],[29,52],[28,-56],[-12,-29],[-26,-20],[4,-28],[24,-13],[-12,-78],[41,-76],[106,-142],[31,-26],[-47,-70],[44,-43],[21,-62],[27,-6],[37,-38],[-26,-52],[-31,-24],[-41,-9],[-8,-38],[11,-19],[33,6],[22,-44],[-2,-61],[21,-19],[66,-19],[53,-53],[59,-4],[31,28]],[[5721,4845],[27,-25],[16,-62],[-20,-37],[11,-17],[8,-54]],[[5763,4650],[3,-112],[16,-61],[-22,-68]],[[5760,4409],[-58,-74],[-14,-69],[-15,-35],[-42,-63],[-65,-64],[-13,-28],[-32,-127],[-42,-73],[-64,-81],[-4,-32],[-23,-37],[-56,-46],[-82,-8],[-29,24],[-59,79],[-34,-55],[-28,-66],[12,-39],[65,-66],[12,-37],[77,-83],[22,-113],[-8,-52],[3,-85],[-10,-29],[11,-59],[-4,-49],[-19,-58]],[[4830,5229],[45,-6],[21,10],[9,32],[28,27],[65,15],[47,-20],[56,-49],[52,0],[45,21],[50,41],[47,-40],[16,-71],[4,-99],[12,-62],[59,-32],[44,-47],[72,-103],[41,-5],[6,-24],[-9,-71],[46,-26],[25,5],[59,46],[51,74]],[[6254,3989],[-66,31],[-27,4],[-3,27],[42,70],[-7,82],[7,42]],[[6200,4245],[36,95],[54,57],[15,34],[16,70],[-13,30],[19,55],[43,39],[43,18],[48,6],[14,-13],[21,42],[79,54],[34,28],[5,33]],[[6614,4793],[48,-24],[30,7],[17,-72],[26,-25],[2,-34],[-14,-70],[2,-42],[21,-41],[24,-14],[9,-26],[37,-55],[11,-34],[-5,-36],[-118,-132],[-14,-10],[-40,5],[-23,-59],[-41,-14],[-52,-43],[-29,-3],[-47,31],[-27,-6],[-33,-31],[-31,4],[-65,-10],[-23,-21],[-25,-49]],[[6254,3989],[-7,-19],[13,-120],[-7,-32],[-62,-78],[-7,-37],[26,-29],[10,-64],[-11,-35],[-36,-74],[-56,-39],[-34,-77],[-3,-46],[25,-109],[2,-47],[-11,-164],[14,-104],[21,-83],[-2,-25],[-52,-61],[-76,-159],[-30,-44],[-47,-51],[-44,-8],[-68,-41],[-27,-5],[-19,18],[-55,107],[-2,45],[-13,20],[-39,9],[-64,44],[-32,-8],[-30,-22],[16,-35],[41,1],[11,-26],[-27,-18],[-26,6],[-73,35],[-70,5],[-33,45],[-34,20],[-23,-16],[-19,-57]],[[5760,4409],[69,29],[39,-7],[22,-18],[18,-39],[1,-77],[11,-145],[12,-6],[39,37],[63,43],[43,49],[32,-33],[27,-2],[43,17],[21,-12]],[[7431,7311],[-26,-36],[-37,-74],[-13,-84],[-29,-61],[-29,-19],[-3,-53],[28,-30],[-37,-70],[-49,-11],[-17,-36],[12,-92],[-13,-35],[-94,14],[-25,39],[-18,-4],[-18,-63],[-45,-32],[-23,4],[-6,57],[14,75],[-39,61],[-9,44],[-63,38],[-17,1],[-54,-40],[-43,10]],[[6778,6914],[5,15],[10,134],[14,49]],[[6807,7112],[17,29],[50,39],[65,73],[-24,66],[34,154],[-4,116],[-22,22],[-55,1],[-106,37],[-48,74],[-67,57],[-4,53],[-24,121],[4,89],[-1,240],[21,30],[13,42],[28,18],[19,51],[-28,53],[-35,49],[2,47],[-20,79],[-2,29],[10,92],[-7,41],[-7,148],[4,22]],[[6620,8984],[87,-21],[20,10],[24,38],[16,46],[26,15],[0,26],[21,55],[-10,64],[-20,71],[-31,14],[-21,55],[5,61],[29,-18],[33,11],[-6,38],[51,41],[62,92],[31,19],[16,28],[44,138],[25,13],[9,70],[57,40],[4,44],[41,5],[13,27],[51,-3],[26,13],[45,-22],[5,37],[21,8],[31,-26],[22,-46],[28,2],[46,-37],[43,-56],[81,-49],[16,-33],[5,-49],[-21,-104],[-22,-77],[-21,-48],[-12,-53],[18,-28],[42,-35],[26,22],[85,37],[25,-2],[42,-51],[-5,-91],[-37,-40],[-5,-20],[8,-57],[-31,-157],[10,-89],[-17,-84],[7,-89],[-7,-68],[-26,-55],[3,-27],[-14,-71],[-2,-67],[20,-62],[2,-69],[46,-101],[17,-95],[40,-71],[30,-20],[66,-9],[61,22],[202,191],[42,43],[23,38],[28,23],[70,37],[31,8],[48,-11],[24,15],[103,19],[40,89],[32,86],[21,36],[28,21],[49,16],[16,23],[49,38],[50,6],[34,60],[38,43],[29,0],[44,56],[32,8],[40,-16],[43,31],[31,1],[83,-39],[49,-16],[55,-3],[-6,-83],[-38,-53],[-42,-10],[-23,-37],[14,-32],[44,10],[27,-27],[18,14],[37,-2],[26,31],[44,10],[39,23],[67,28],[78,20],[29,28],[13,52],[55,-3],[20,22],[25,-26],[60,-3],[53,-20],[70,6],[20,14],[89,-69],[20,-27],[32,-68],[-34,-33],[-21,5],[-28,76],[-15,10],[-68,-74],[-24,14],[-71,-19],[-21,-53],[-52,-6],[-11,-27],[33,-44],[44,-27],[29,-58],[21,-24],[-19,-55],[-31,45],[-58,-6],[-127,-109],[-45,7],[-22,-13],[-14,-64],[-41,-17],[-62,16],[-57,46],[-64,22],[-92,5],[-91,-20],[-44,9],[-80,-5],[-34,-16],[-63,10],[-104,-14],[-36,-25],[-31,12],[-55,-24],[-61,-4],[-58,11],[-46,-4],[-45,-14],[-34,-22],[-43,-47],[-47,-2],[-121,-33],[-30,-16],[-14,-24],[15,-40],[-52,-16],[-32,-22],[3,-29],[-40,-22],[-58,-49],[-27,-32],[-57,-9],[-13,-46],[14,-45],[-40,-13],[-21,28],[-54,42],[-20,-12],[-20,-63],[-20,-39],[11,-31],[-55,-30],[-68,-90],[-44,-20],[-18,-47],[-48,-36],[-11,-42],[-23,-29],[-3,-33]],[[7725,6688],[-16,-27],[-39,-25],[-31,-33],[-12,-43],[-36,-10],[-33,14],[-83,-41],[-36,-53],[-3,-57],[-23,-46],[-16,-70],[-32,7],[-28,-45],[-37,14],[-90,-20],[-71,24],[-69,45],[-21,-77],[-33,-75]],[[7016,6170],[-46,-59],[-81,-40],[-52,29],[-40,13],[-14,41],[-33,53],[-10,47],[-19,23],[-79,11],[-13,26],[-2,43],[-30,79]],[[6597,6436],[2,59],[-10,27],[-28,32],[14,35],[64,45],[31,67],[41,2],[30,50],[-5,41],[31,42],[11,78]],[[7431,7311],[60,-65],[59,-27],[21,-68],[31,-29],[33,-71],[5,-46],[34,-76],[-25,-63],[20,-33],[38,-24],[18,-28],[-8,-62],[8,-31]],[[7301,5687],[-86,-8],[-26,5],[-56,-23],[-7,26],[14,41],[-47,4],[-22,38],[-4,37],[14,94],[-17,42],[-19,14]],[[7045,5957],[3,78],[-32,135]],[[7725,6688],[20,-39],[-8,-37],[-55,-74],[-1,-30],[51,-85],[21,-23],[-3,-36],[-17,-35],[-49,-44],[-18,-29],[2,-70],[-36,-72],[-94,-50],[-24,-25],[-24,-71],[-36,-68],[-86,-83],[-8,-30],[8,-47],[-10,-49],[-57,-4]],[[6136,8506],[20,-32],[-18,-63],[3,-44],[-8,-155],[-20,-45],[-41,-18],[-6,-84],[9,-51],[16,-21],[8,-42],[-21,-69],[-54,-65],[20,-74],[17,-38],[0,-35],[14,-66]],[[6075,7604],[-30,40],[-67,24],[-57,68],[-59,18],[-37,-23],[-44,39],[-44,71],[-9,24],[-69,-14],[-59,21],[-113,11],[-37,-3],[-58,26]],[[5392,7906],[-35,24]],[[5243,8295],[21,11],[91,92],[64,-9],[7,15],[-5,69],[18,30],[41,-12],[32,11],[-5,42],[43,4],[46,15],[13,26],[53,15],[29,80],[63,-4],[34,-26],[11,10],[-10,57],[33,14],[23,-47],[21,6],[-16,53],[47,-7],[28,-26],[21,-60],[42,-42],[19,-48],[85,-72],[44,14]],[[7301,5687],[-19,-25],[10,-70],[56,-87],[49,-36],[3,-27],[-20,-77],[9,-80],[-6,-42],[-27,-51],[3,-35],[-14,-35],[-49,-15],[-16,-25],[-41,5],[-22,-49],[-50,-13],[-94,2],[-93,-18],[-79,17],[-56,3],[-36,21],[-40,5],[-150,70],[-68,-9]],[[6551,5116],[-5,10]],[[6546,5126],[-20,61],[-24,42],[-29,76],[-40,47],[-27,-7],[-82,-50],[-52,-47],[-13,3]],[[6259,5251],[3,56],[46,42],[43,59],[33,59],[-2,42],[104,20]],[[6486,5529],[21,-9],[114,21],[41,-12],[53,29],[73,16],[40,15],[63,52],[18,49],[1,34],[-11,73],[62,44],[5,44],[34,47],[45,25]],[[6807,7112],[-43,25],[-28,-13],[-41,-46],[-47,-7],[-41,-23],[-17,20]],[[6590,7068],[-4,85],[-22,45],[-26,86],[-27,53],[-42,49],[-7,126],[-8,21],[-27,2],[-16,24],[-5,63],[-11,40],[-46,-32],[-64,-28],[-55,-53],[-69,-19],[-31,-2],[-26,55],[-29,21]],[[6136,8506],[69,67],[26,65],[-19,34],[-28,124],[0,63],[33,62],[46,47],[12,47],[14,7],[95,-11],[62,23],[33,-17],[65,41],[28,-14],[14,-33],[34,-27]],[[6590,7068],[-9,-29],[-29,-22],[-31,-59],[-31,-5],[-25,-58],[-13,-96],[-10,-27],[-35,-13],[-99,-80],[-69,2],[-37,-46],[-97,-26]],[[6105,6609],[-16,25],[-39,5],[-29,-37],[-57,-39],[-19,-42],[-38,-21],[-14,-23],[-44,-30],[-29,27],[-44,-29],[-36,-69],[-61,-58],[-38,-17],[4,-41],[-19,-13],[-50,-6],[-42,5],[-47,-9],[-61,20],[-15,-25],[-57,-45]],[[5287,6684],[38,51],[7,37],[25,46],[4,34],[-30,31],[8,53],[101,172],[10,120],[15,43],[21,13],[65,74],[44,87],[-11,28],[-63,66],[-37,28],[-33,56],[-81,165],[-24,63],[10,30],[36,25]],[[6342,5791],[23,-11],[57,12],[42,141],[59,44],[22,39]],[[6545,6016],[22,-81],[0,-29],[-40,-51],[-12,-29],[-2,-72],[-19,-34],[11,-61],[-18,-65],[-1,-65]],[[6259,5251],[-16,-17],[-35,72],[-14,44],[-44,63],[-33,64],[-70,-60],[-44,-2],[-103,46]],[[5900,5461],[-16,70],[-55,36],[-18,52],[6,104],[9,38]],[[5826,5761],[9,43],[-3,47],[29,74],[20,78],[28,59],[51,-17],[120,-8],[49,-45],[6,-29],[35,-71],[26,-17],[18,-53],[19,-95],[43,8],[18,22],[9,36],[39,-2]],[[6476,6266],[10,-43],[25,-25],[15,-58],[21,-44],[12,-55],[-14,-25]],[[6342,5791],[7,49],[-28,41],[-8,48],[6,124],[-4,25],[-53,25],[-42,3],[-34,51],[-58,35],[-13,38],[7,82],[-4,43]],[[6118,6355],[17,22],[85,-31],[38,7],[56,-8],[48,17],[53,-11],[22,-20],[39,-65]],[[6597,6436],[-36,-75],[-32,-31],[-40,-24],[-13,-40]],[[6118,6355],[-26,-5],[4,182],[9,77]],[[6546,5126],[-42,33],[-21,-1],[-25,-39],[-38,-32],[-33,39],[-55,11],[-33,-6],[-20,-18],[-16,-50],[-19,-31],[-43,-47],[-72,-97],[-70,-43],[-85,-88],[-32,-92],[-31,-24],[-45,9],[-103,0]],[[5721,4845],[23,35],[13,62],[-10,38],[17,38],[36,31],[43,20],[-11,41],[-35,39],[-10,25],[9,77],[15,42],[36,48],[21,64],[32,56]],[[5826,5761],[-20,-1],[-61,29],[-40,5],[-41,27],[-52,16],[-108,-73],[-23,14],[-11,68],[-36,47],[-12,64]],[[6551,5116],[-23,-21],[0,-50],[-22,-33],[25,-43],[15,-56],[23,-50],[18,-59],[27,-11]]],"transform":{"scale":[0.0014377304430443062,0.0009087976873687463],"translate":[60.48677779100012,29.38660532600005]}}