{"type":"Topology","objects":{"states":{"type":"GeometryCollection","geometries":[{"type":"Polygon","properties":{"name":"Eastern"},"id":"ASM-4998","arcs":[[0,1]]},{"type":"Polygon","properties":{"name":"Manu's"},"id":"ASM-4999","arcs":[[2]]},{"type":"Polygon","properties":{"name":"Western"},"id":"ASM-5002","arcs":[[3,-1]]}]}},"arcs":[[[996,3610],[-152,27],[-55,1739]],[[789,5376],[165,1983],[266,562],[298,-152],[258,-1601],[-540,-517],[-240,-2041]],[[9999,8409],[-50,-713],[-343,-112],[-201,-944],[-143,2359],[260,1000],[306,-67],[143,-512],[28,-1011]],[[996,3610],[-209,-2666],[-242,-944],[-545,3292],[306,1719],[483,365]]],"transform":{"scale":[0.00013912524062406552,0.000014487125812587714],"translate":[-170.83124752499995,-14.367120049999912]}}