{"type":"Topology","objects":{"cities":{"type":"GeometryCollection","geometries":[{"type":"Point","properties":{"name":"Tangail","state":"Dhaka"},"coordinates":[0,4918]},{"type":"Point","properties":{"name":"Mymensingh","state":"Dhaka"},"coordinates":[7930,8827]},{"type":"Point","properties":{"name":"Jamalpur","state":"Dhaka"},"coordinates":[517,9999]},{"type":"Point","properties":{"name":"Narayanganj","state":"Dhaka"},"coordinates":[9999,0]},{"type":"Point","properties":{"name":"Dhaka","state":"Dhaka"},"coordinates":[8389,817]}]}},"arcs":[],"transform":{"scale":[0.00005800226018718723,0.000128015324319392],"translate":[89.92003047583319,23.62040447895214]}}