{"type":"Topology","objects":{"cities":{"type":"GeometryCollection","geometries":[{"type":"Point","properties":{"name":"Pabna","state":"Rajshahi"},"coordinates":[9676,0]},{"type":"Point","properties":{"name":"Nawabganj","state":"Rajshahi"},"coordinates":[0,3222]},{"type":"Point","properties":{"name":"Saidpur","state":"Rajshahi"},"coordinates":[6988,9999]},{"type":"Point","properties":{"name":"Rangpur","state":"Rajshahi"},"coordinates":[9999,9719]},{"type":"Point","properties":{"name":"Rajshahi","state":"Rajshahi"},"coordinates":[2721,2092]}]}},"arcs":[],"transform":{"scale":[0.00009301137633332646,0.00018002251885416661],"translate":[88.3499971099414,24.00038128559413]}}