{"type":"Topology","objects":{"cities":{"type":"GeometryCollection","geometries":[{"type":"Point","properties":{"name":"Punata","state":"Cochabamba"},"coordinates":[2933,4846]},{"type":"Point","properties":{"name":"Cliza","state":"Cochabamba"},"coordinates":[2333,4543]},{"type":"Point","properties":{"name":"Quillacollo","state":"Cochabamba"},"coordinates":[0,5983]},{"type":"Point","properties":{"name":"Puerto Villarroel","state":"Cochabamba"},"coordinates":[9999,9999]},{"type":"Point","properties":{"name":"Aiquile","state":"Cochabamba"},"coordinates":[7333,0]},{"type":"Point","properties":{"name":"Cochabamba","state":"Cochabamba"},"coordinates":[733,5907]}]}},"arcs":[],"transform":{"scale":[0.00015001359755174986,0.0001319637985939266],"translate":[-66.27999597335935,-18.18954994829852]}}