{"type":"Topology","objects":{"cities":{"type":"GeometryCollection","geometries":[{"type":"Point","properties":{"name":"Sica Sica","state":"La Paz"},"coordinates":[7729,529]},{"type":"Point","properties":{"name":"Rurrenabaque","state":"La Paz"},"coordinates":[8486,6155]},{"type":"Point","properties":{"name":"Sorata","state":"La Paz"},"coordinates":[3590,3548]},{"type":"Point","properties":{"name":"Achacachi","state":"La Paz"},"coordinates":[3561,2973]},{"type":"Point","properties":{"name":"Viacha","state":"La Paz"},"coordinates":[5192,1862]},{"type":"Point","properties":{"name":"Quime","state":"La Paz"},"coordinates":[9999,1215]},{"type":"Point","properties":{"name":"Puerto Heath","state":"La Paz"},"coordinates":[3561,9999]},{"type":"Point","properties":{"name":"Charana","state":"La Paz"},"coordinates":[0,0]},{"type":"Point","properties":{"name":"Puerto Acosta","state":"La Paz"},"coordinates":[1335,4117]},{"type":"Point","properties":{"name":"Apolo","state":"La Paz"},"coordinates":[4658,5647]},{"type":"Point","properties":{"name":"Coroico","state":"La Paz"},"coordinates":[7774,2764]},{"type":"Point","properties":{"name":"Coro Coro","state":"La Paz"},"coordinates":[4525,843]},{"type":"Point","properties":{"name":"La Paz","state":"La Paz"},"coordinates":[5851,2164]}]}},"arcs":[],"transform":{"scale":[0.00022468058980467968,0.0005100508830200294],"translate":[-69.46659733242171,-17.59961179725451]}}