{"type":"Topology","objects":{"cities":{"type":"GeometryCollection","geometries":[{"type":"Point","properties":{"name":"Guayaramerin","state":"El Beni"},"coordinates":[5171,9999]},{"type":"Point","properties":{"name":"Santa Ana","state":"El Beni"},"coordinates":[4723,2681]},{"type":"Point","properties":{"name":"Baures","state":"El Beni"},"coordinates":[9999,3130]},{"type":"Point","properties":{"name":"Reyes","state":"El Beni"},"coordinates":[0,1308]},{"type":"Point","properties":{"name":"San Borja","state":"El Beni"},"coordinates":[1372,34]},{"type":"Point","properties":{"name":"Magdalena","state":"El Beni"},"coordinates":[8752,3930]},{"type":"Point","properties":{"name":"San Ramon","state":"El Beni"},"coordinates":[7018,3856]},{"type":"Point","properties":{"name":"Trinidad","state":"El Beni"},"coordinates":[6517,0]},{"type":"Point","properties":{"name":"Riberalta","state":"El Beni"},"coordinates":[3351,9617]}]}},"arcs":[],"transform":{"scale":[0.0003790328577143661,0.00040037735870101436],"translate":[-67.37000695969192,-14.833372376670525]}}