{"type":"Topology","objects":{"cities":{"type":"GeometryCollection","geometries":[{"type":"Point","properties":{"name":"San Lorenzo","state":"Tarija"},"coordinates":[0,8443]},{"type":"Point","properties":{"name":"Entre Rios","state":"Tarija"},"coordinates":[4567,8104]},{"type":"Point","properties":{"name":"Villamontes","state":"Tarija"},"coordinates":[9999,9999]},{"type":"Point","properties":{"name":"Bermejo","state":"Tarija"},"coordinates":[3307,0]},{"type":"Point","properties":{"name":"Tarija","state":"Tarija"},"coordinates":[158,8194]}]}},"arcs":[],"transform":{"scale":[0.00012701270127063113,0.0001480161036942875],"translate":[-64.77001062179085,-22.729582907300994]}}