{"type":"Topology","objects":{"cities":{"type":"GeometryCollection","geometries":[{"type":"Point","properties":{"name":"Portachuelo","state":"Santa Cruz"},"coordinates":[1120,4566]},{"type":"Point","properties":{"name":"Samaipata","state":"Santa Cruz"},"coordinates":[536,3354]},{"type":"Point","properties":{"name":"Cuevo","state":"Santa Cruz"},"coordinates":[915,0]},{"type":"Point","properties":{"name":"San Carlos","state":"Santa Cruz"},"coordinates":[599,4507]},{"type":"Point","properties":{"name":"Montero","state":"Santa Cruz"},"coordinates":[1341,4581]},{"type":"Point","properties":{"name":"Piso Firme","state":"Santa Cruz"},"coordinates":[3538,9999]},{"type":"Point","properties":{"name":"Robore","state":"Santa Cruz"},"coordinates":[6861,3133]},{"type":"Point","properties":{"name":"Puerto Quijarro","state":"Santa Cruz"},"coordinates":[9999,3946]},{"type":"Point","properties":{"name":"San Ignacio","state":"Santa Cruz"},"coordinates":[4968,6029]},{"type":"Point","properties":{"name":"Ascension","state":"Santa Cruz"},"coordinates":[1624,7019]},{"type":"Point","properties":{"name":"San Javier","state":"Santa Cruz"},"coordinates":[2539,6147]},{"type":"Point","properties":{"name":"San Rafael","state":"Santa Cruz"},"coordinates":[5410,5424]},{"type":"Point","properties":{"name":"Vallegrande","state":"Santa Cruz"},"coordinates":[0,2897]},{"type":"Point","properties":{"name":"Puerto Suarez","state":"Santa Cruz"},"coordinates":[9873,2217]},{"type":"Point","properties":{"name":"Charagua","state":"Santa Cruz"},"coordinates":[1404,961]},{"type":"Point","properties":{"name":"Camiri","state":"Santa Cruz"},"coordinates":[931,591]},{"type":"Point","properties":{"name":"San Matias","state":"Santa Cruz"},"coordinates":[8974,6043]},{"type":"Point","properties":{"name":"San Jose","state":"Santa Cruz"},"coordinates":[5252,3842]},{"type":"Point","properties":{"name":"Santa Cruz","state":"Santa Cruz"},"coordinates":[1391,3987]}]}},"arcs":[],"transform":{"scale":[0.0006340608833044063,0.0006767757260779177],"translate":[-64.1099992285591,-20.450032126041947]}}