{"type":"Topology","objects":{"cities":{"type":"GeometryCollection","geometries":[{"type":"Point","properties":{"name":"Tarabuco","state":"Chuquisaca"},"coordinates":[3576,9129]},{"type":"Point","properties":{"name":"Padilla","state":"Chuquisaca"},"coordinates":[9999,8381]},{"type":"Point","properties":{"name":"Camargo","state":"Chuquisaca"},"coordinates":[522,0]},{"type":"Point","properties":{"name":"Sucre","state":"Chuquisaca"},"coordinates":[0,9999]}]}},"arcs":[],"transform":{"scale":[0.00009496494083039002,0.00015987703099800427],"translate":[-65.25951562667564,-20.639581279688514]}}