{"type":"Topology","objects":{"cities":{"type":"GeometryCollection","geometries":[{"type":"Point","properties":{"name":"Sunshine Coast","state":"Queensland"},"coordinates":[9739,995]},{"type":"Point","properties":{"name":"Proserpine","state":"Queensland"},"coordinates":[6826,5020]},{"type":"Point","properties":{"name":"Theodore","state":"Queensland"},"coordinates":[7804,2107]},{"type":"Point","properties":{"name":"Eidsvold","state":"Queensland"},"coordinates":[8489,1840]},{"type":"Point","properties":{"name":"Barcaldine","state":"Queensland"},"coordinates":[4674,2996]},{"type":"Point","properties":{"name":"Winton","state":"Queensland"},"coordinates":[3207,3746]},{"type":"Point","properties":{"name":"Longreach","state":"Queensland"},"coordinates":[4000,3071]},{"type":"Point","properties":{"name":"Caboolture","state":"Queensland"},"coordinates":[9674,736]},{"type":"Point","properties":{"name":"Warwick","state":"Queensland"},"coordinates":[9068,0]},{"type":"Point","properties":{"name":"Kingaroy","state":"Queensland"},"coordinates":[8951,1086]},{"type":"Point","properties":{"name":"Dalby","state":"Queensland"},"coordinates":[8576,665]},{"type":"Point","properties":{"name":"Bongaree","state":"Queensland"},"coordinates":[9805,739]},{"type":"Point","properties":{"name":"Gympie","state":"Queensland"},"coordinates":[9492,1311]},{"type":"Point","properties":{"name":"Ingham","state":"Queensland"},"coordinates":[5250,6155]},{"type":"Point","properties":{"name":"Birdsville","state":"Queensland"},"coordinates":[815,1497]},{"type":"Point","properties":{"name":"Bedourie","state":"Queensland"},"coordinates":[880,2493]},{"type":"Point","properties":{"name":"Boulia","state":"Queensland"},"coordinates":[1163,3424]},{"type":"Point","properties":{"name":"Richmond","state":"Queensland"},"coordinates":[3272,4827]},{"type":"Point","properties":{"name":"Burketown","state":"Queensland"},"coordinates":[946,6755]},{"type":"Point","properties":{"name":"Hervey Bay","state":"Queensland"},"coordinates":[9603,1889]},{"type":"Point","properties":{"name":"Biloela","state":"Queensland"},"coordinates":[8074,2464]},{"type":"Point","properties":{"name":"Yeppoon","state":"Queensland"},"coordinates":[8244,3274]},{"type":"Point","properties":{"name":"Emerald","state":"Queensland"},"coordinates":[6555,3031]},{"type":"Point","properties":{"name":"Moranbah","state":"Queensland"},"coordinates":[6471,4001]},{"type":"Point","properties":{"name":"Charters Towers","state":"Queensland"},"coordinates":[5310,5235]},{"type":"Point","properties":{"name":"Ayr","state":"Queensland"},"coordinates":[6054,5563]},{"type":"Point","properties":{"name":"Atherton","state":"Queensland"},"coordinates":[4795,7041]},{"type":"Point","properties":{"name":"Port Douglas","state":"Queensland"},"coordinates":[4788,7546]},{"type":"Point","properties":{"name":"Camooweal","state":"Queensland"},"coordinates":[0,5341]},{"type":"Point","properties":{"name":"Quilpie","state":"Queensland"},"coordinates":[4000,1036]},{"type":"Point","properties":{"name":"Charleville","state":"Queensland"},"coordinates":[5304,1175]},{"type":"Point","properties":{"name":"Hughenden","state":"Queensland"},"coordinates":[3967,4741]},{"type":"Point","properties":{"name":"Caloundra","state":"Queensland"},"coordinates":[9794,918]},{"type":"Point","properties":{"name":"Roma","state":"Queensland"},"coordinates":[6961,1073]},{"type":"Point","properties":{"name":"Toowoomba","state":"Queensland"},"coordinates":[9025,427]},{"type":"Point","properties":{"name":"Georgetown","state":"Queensland"},"coordinates":[3533,6380]},{"type":"Point","properties":{"name":"Thargomindah","state":"Queensland"},"coordinates":[3717,147]},{"type":"Point","properties":{"name":"Weipa","state":"Queensland"},"coordinates":[2446,9999]},{"type":"Point","properties":{"name":"Karumba","state":"Queensland"},"coordinates":[1772,6904]},{"type":"Point","properties":{"name":"Cloncurry","state":"Queensland"},"coordinates":[1554,4838]},{"type":"Point","properties":{"name":"Maryborough","state":"Queensland"},"coordinates":[9525,1722]},{"type":"Point","properties":{"name":"Bundaberg","state":"Queensland"},"coordinates":[9283,2153]},{"type":"Point","properties":{"name":"Gladstone","state":"Queensland"},"coordinates":[8563,2812]},{"type":"Point","properties":{"name":"Bowen","state":"Queensland"},"coordinates":[6582,5286]},{"type":"Point","properties":{"name":"Innisfail","state":"Queensland"},"coordinates":[5167,6873]},{"type":"Point","properties":{"name":"Mackay","state":"Queensland"},"coordinates":[7196,4552]},{"type":"Point","properties":{"name":"Windorah","state":"Queensland"},"coordinates":[2957,1796]},{"type":"Point","properties":{"name":"Mount Isa","state":"Queensland"},"coordinates":[896,4822]},{"type":"Point","properties":{"name":"Rockhampton","state":"Queensland"},"coordinates":[8089,3126]},{"type":"Point","properties":{"name":"Cairns","state":"Queensland"},"coordinates":[4987,7287]},{"type":"Point","properties":{"name":"Gold Coast","state":"Queensland"},"coordinates":[9999,95]},{"type":"Point","properties":{"name":"Townsville","state":"Queensland"},"coordinates":[5644,5769]},{"type":"Point","properties":{"name":"Brisbane","state":"Queensland"},"coordinates":[9728,499]}]}},"arcs":[],"transform":{"scale":[0.0015333103948476944,0.001556417238409761],"translate":[138.1166751700364,-28.22924721396373]}}