{"type":"Topology","objects":{"cities":{"type":"GeometryCollection","geometries":[{"type":"Point","properties":{"name":"Central Coast","state":"New South Wales"},"coordinates":[8100,3991]},{"type":"Point","properties":{"name":"Bourke","state":"New South Wales"},"coordinates":[3694,7800]},{"type":"Point","properties":{"name":"Tweed Heads","state":"New South Wales"},"coordinates":[9945,9999]},{"type":"Point","properties":{"name":"Ivanhoe","state":"New South Wales"},"coordinates":[2354,4588]},{"type":"Point","properties":{"name":"Wilcannia","state":"New South Wales"},"coordinates":[1601,6118]},{"type":"Point","properties":{"name":"Merimbula","state":"New South Wales"},"coordinates":[6951,0]},{"type":"Point","properties":{"name":"Echuca","state":"New South Wales"},"coordinates":[2723,883]},{"type":"Point","properties":{"name":"Deniliquin","state":"New South Wales"},"coordinates":[2887,1572]},{"type":"Point","properties":{"name":"Nowra","state":"New South Wales"},"coordinates":[7526,2313]},{"type":"Point","properties":{"name":"Ulladulla","state":"New South Wales"},"coordinates":[7419,1778]},{"type":"Point","properties":{"name":"Batemans Bay","state":"New South Wales"},"coordinates":[7203,1388]},{"type":"Point","properties":{"name":"Cooma","state":"New South Wales"},"coordinates":[6311,757]},{"type":"Point","properties":{"name":"Tumut","state":"New South Wales"},"coordinates":[5572,1824]},{"type":"Point","properties":{"name":"Leeton","state":"New South Wales"},"coordinates":[4075,2701]},{"type":"Point","properties":{"name":"Young","state":"New South Wales"},"coordinates":[5629,2971]},{"type":"Point","properties":{"name":"Cowra","state":"New South Wales"},"coordinates":[5949,3521]},{"type":"Point","properties":{"name":"Forbes","state":"New South Wales"},"coordinates":[5408,4026]},{"type":"Point","properties":{"name":"Goulburn","state":"New South Wales"},"coordinates":[6795,2466]},{"type":"Point","properties":{"name":"Kiama","state":"New South Wales"},"coordinates":[7723,2512]},{"type":"Point","properties":{"name":"Katoomba","state":"New South Wales"},"coordinates":[7296,3662]},{"type":"Point","properties":{"name":"Richmond","state":"New South Wales"},"coordinates":[7640,3785]},{"type":"Point","properties":{"name":"Lithgow","state":"New South Wales"},"coordinates":[7158,3904]},{"type":"Point","properties":{"name":"Parkes","state":"New South Wales"},"coordinates":[5531,4324]},{"type":"Point","properties":{"name":"Bathurst","state":"New South Wales"},"coordinates":[6680,3992]},{"type":"Point","properties":{"name":"Maitland","state":"New South Wales"},"coordinates":[8310,4793]},{"type":"Point","properties":{"name":"Singleton","state":"New South Wales"},"coordinates":[7985,4967]},{"type":"Point","properties":{"name":"Mudgee","state":"New South Wales"},"coordinates":[6688,4944]},{"type":"Point","properties":{"name":"Muswellbrook","state":"New South Wales"},"coordinates":[7764,5311]},{"type":"Point","properties":{"name":"Taree","state":"New South Wales"},"coordinates":[9054,5738]},{"type":"Point","properties":{"name":"Kempsey","state":"New South Wales"},"coordinates":[9350,6667]},{"type":"Point","properties":{"name":"Gunnedah","state":"New South Wales"},"coordinates":[7248,6782]},{"type":"Point","properties":{"name":"Coffs Harbour","state":"New South Wales"},"coordinates":[9588,7562]},{"type":"Point","properties":{"name":"Narrabri","state":"New South Wales"},"coordinates":[6858,7534]},{"type":"Point","properties":{"name":"Inverell","state":"New South Wales"},"coordinates":[7946,8182]},{"type":"Point","properties":{"name":"Yamba","state":"New South Wales"},"coordinates":[9786,8576]},{"type":"Point","properties":{"name":"Ballina","state":"New South Wales"},"coordinates":[9962,9220]},{"type":"Point","properties":{"name":"Wagga Wagga","state":"New South Wales"},"coordinates":[4849,2039]},{"type":"Point","properties":{"name":"Scone","state":"New South Wales"},"coordinates":[7731,5529]},{"type":"Point","properties":{"name":"Byron Bay","state":"New South Wales"},"coordinates":[9999,9455]},{"type":"Point","properties":{"name":"Albury","state":"New South Wales"},"coordinates":[4504,963]},{"type":"Point","properties":{"name":"Forster-Tuncurry","state":"New South Wales"},"coordinates":[9107,5399]},{"type":"Point","properties":{"name":"Port Macquarie","state":"New South Wales"},"coordinates":[9429,6257]},{"type":"Point","properties":{"name":"Tamworth","state":"New South Wales"},"coordinates":[7786,6650]},{"type":"Point","properties":{"name":"Grafton","state":"New South Wales"},"coordinates":[9445,8245]},{"type":"Point","properties":{"name":"Moree","state":"New South Wales"},"coordinates":[6893,8522]},{"type":"Point","properties":{"name":"Goondiwindi","state":"New South Wales"},"coordinates":[7300,9572]},{"type":"Point","properties":{"name":"Lismore","state":"New South Wales"},"coordinates":[9736,9272]},{"type":"Point","properties":{"name":"Wollongong","state":"New South Wales"},"coordinates":[7764,2850]},{"type":"Point","properties":{"name":"Griffith","state":"New South Wales"},"coordinates":[3782,2993]},{"type":"Point","properties":{"name":"Orange","state":"New South Wales"},"coordinates":[6294,4152]},{"type":"Point","properties":{"name":"Dubbo","state":"New South Wales"},"coordinates":[5881,5322]},{"type":"Point","properties":{"name":"Armidale","state":"New South Wales"},"coordinates":[8402,7327]},{"type":"Point","properties":{"name":"Broken Hill","state":"New South Wales"},"coordinates":[0,5678]},{"type":"Point","properties":{"name":"Newcastle","state":"New South Wales"},"coordinates":[8523,4651]},{"type":"Point","properties":{"name":"Sydney","state":"New South Wales"},"coordinates":[8004,3420]}]}},"arcs":[],"transform":{"scale":[0.0012180991455314183,0.0008717910772231926],"translate":[141.4331135652318,-36.89962237675883]}}