{"type":"Topology","objects":{"cities":{"type":"GeometryCollection","geometries":[{"type":"Point","properties":{"name":"Ravensthorpe","state":"Western Australia"},"coordinates":[4232,730]},{"type":"Point","properties":{"name":"Wagin","state":"Western Australia"},"coordinates":[2453,874]},{"type":"Point","properties":{"name":"Roebourne","state":"Western Australia"},"coordinates":[2309,7246]},{"type":"Point","properties":{"name":"Pannawonica","state":"Western Australia"},"coordinates":[1773,6811]},{"type":"Point","properties":{"name":"Tom Price","state":"Western Australia"},"coordinates":[2746,6273]},{"type":"Point","properties":{"name":"Kalbarri","state":"Western Australia"},"coordinates":[342,3742]},{"type":"Point","properties":{"name":"Mount Magnet","state":"Western Australia"},"coordinates":[2762,3538]},{"type":"Point","properties":{"name":"Morawa","state":"Western Australia"},"coordinates":[1558,2953]},{"type":"Point","properties":{"name":"Port Denison","state":"Western Australia"},"coordinates":[840,2919]},{"type":"Point","properties":{"name":"Merredin","state":"Western Australia"},"coordinates":[3060,1799]},{"type":"Point","properties":{"name":"Mount Barker","state":"Western Australia"},"coordinates":[2663,196]},{"type":"Point","properties":{"name":"Katanning","state":"Western Australia"},"coordinates":[2585,671]},{"type":"Point","properties":{"name":"Narrogin","state":"Western Australia"},"coordinates":[2331,1061]},{"type":"Point","properties":{"name":"Gingin","state":"Western Australia"},"coordinates":[1492,1867]},{"type":"Point","properties":{"name":"Bunbury","state":"Western Australia"},"coordinates":[1326,851]},{"type":"Point","properties":{"name":"Kwinana","state":"Western Australia"},"coordinates":[1405,1414]},{"type":"Point","properties":{"name":"Southern Cross","state":"Western Australia"},"coordinates":[3757,1935]},{"type":"Point","properties":{"name":"Norseman","state":"Western Australia"},"coordinates":[5381,1434]},{"type":"Point","properties":{"name":"Halls Creek","state":"Western Australia"},"coordinates":[9358,8526]},{"type":"Point","properties":{"name":"Kununurra","state":"Western Australia"},"coordinates":[9999,9799]},{"type":"Point","properties":{"name":"Derby","state":"Western Australia"},"coordinates":[6839,9019]},{"type":"Point","properties":{"name":"Onslow","state":"Western Australia"},"coordinates":[959,6800]},{"type":"Point","properties":{"name":"Exmouth","state":"Western Australia"},"coordinates":[314,6661]},{"type":"Point","properties":{"name":"Carnarvon","state":"Western Australia"},"coordinates":[0,5150]},{"type":"Point","properties":{"name":"Newman","state":"Western Australia"},"coordinates":[4033,5930]},{"type":"Point","properties":{"name":"Meekatharra","state":"Western Australia"},"coordinates":[3204,4285]},{"type":"Point","properties":{"name":"Three Springs","state":"Western Australia"},"coordinates":[1392,2791]},{"type":"Point","properties":{"name":"Manjimup","state":"Western Australia"},"coordinates":[1657,399]},{"type":"Point","properties":{"name":"Northam","state":"Western Australia"},"coordinates":[1991,1711]},{"type":"Point","properties":{"name":"Esperance","state":"Western Australia"},"coordinates":[5462,590]},{"type":"Point","properties":{"name":"Leonara","state":"Western Australia"},"coordinates":[5090,3123]},{"type":"Point","properties":{"name":"Laverton","state":"Western Australia"},"coordinates":[5803,3253]},{"type":"Point","properties":{"name":"Wyndham","state":"Western Australia"},"coordinates":[9752,9999]},{"type":"Point","properties":{"name":"Busselton","state":"Western Australia"},"coordinates":[1126,693]},{"type":"Point","properties":{"name":"Mandurah","state":"Western Australia"},"coordinates":[1390,1269]},{"type":"Point","properties":{"name":"Broome","state":"Western Australia"},"coordinates":[5688,8682]},{"type":"Point","properties":{"name":"Kalgoorlie","state":"Western Australia"},"coordinates":[5177,2179]},{"type":"Point","properties":{"name":"Albany","state":"Western Australia"},"coordinates":[2812,0]},{"type":"Point","properties":{"name":"Port Hedland","state":"Western Australia"},"coordinates":[3285,7486]},{"type":"Point","properties":{"name":"Karratha","state":"Western Australia"},"coordinates":[2135,7272]},{"type":"Point","properties":{"name":"Geraldton","state":"Western Australia"},"coordinates":[630,3182]},{"type":"Point","properties":{"name":"Perth","state":"Western Australia"},"coordinates":[1450,1560]}]}},"arcs":[],"transform":{"scale":[0.0015084722176705104,0.0019644951555780965],"translate":[113.65010656642278,-35.016946595501224]}}