{"type":"Topology","objects":{"cities":{"type":"GeometryCollection","geometries":[{"type":"Point","properties":{"name":"Smithton","state":"Tasmania"},"coordinates":[0,9999]},{"type":"Point","properties":{"name":"Scottsdale","state":"Tasmania"},"coordinates":[7566,8532]},{"type":"Point","properties":{"name":"Bicheno","state":"Tasmania"},"coordinates":[9999,5155]},{"type":"Point","properties":{"name":"Oatlands","state":"Tasmania"},"coordinates":[7093,3204]},{"type":"Point","properties":{"name":"Queenstown","state":"Tasmania"},"coordinates":[1366,4208]},{"type":"Point","properties":{"name":"Kingston","state":"Tasmania"},"coordinates":[6909,0]},{"type":"Point","properties":{"name":"Burnie","state":"Tasmania"},"coordinates":[2522,8916]},{"type":"Point","properties":{"name":"Launceston","state":"Tasmania"},"coordinates":[6347,7141]},{"type":"Point","properties":{"name":"Devonport","state":"Tasmania"},"coordinates":[3828,8332]},{"type":"Point","properties":{"name":"Hobart","state":"Tasmania"},"coordinates":[6867,654]}]}},"arcs":[],"transform":{"scale":[0.00031722683173392245,0.00021584303612738688],"translate":[145.11666133542883,-42.99113686246022]}}