{"type":"Topology","objects":{"cities":{"type":"GeometryCollection","geometries":[{"type":"Point","properties":{"name":"Hamilton","state":"Victoria"},"coordinates":[720,1985]},{"type":"Point","properties":{"name":"Ouyen","state":"Victoria"},"coordinates":[1207,8008]},{"type":"Point","properties":{"name":"Colac","state":"Victoria"},"coordinates":[3305,610]},{"type":"Point","properties":{"name":"Stawell","state":"Victoria"},"coordinates":[1943,3503]},{"type":"Point","properties":{"name":"Horsham","state":"Victoria"},"coordinates":[997,4294]},{"type":"Point","properties":{"name":"Ararat","state":"Victoria"},"coordinates":[2192,3006]},{"type":"Point","properties":{"name":"Maryborough","state":"Victoria"},"coordinates":[3554,3525]},{"type":"Point","properties":{"name":"Bairnsdale","state":"Victoria"},"coordinates":[9999,1763]},{"type":"Point","properties":{"name":"Sale","state":"Victoria"},"coordinates":[9085,1130]},{"type":"Point","properties":{"name":"Traralgon","state":"Victoria"},"coordinates":[8205,926]},{"type":"Point","properties":{"name":"Wonthaggi","state":"Victoria"},"coordinates":[6644,0]},{"type":"Point","properties":{"name":"Cranbourne","state":"Victoria"},"coordinates":[6135,1152]},{"type":"Point","properties":{"name":"Ballarat","state":"Victoria"},"coordinates":[3737,2373]},{"type":"Point","properties":{"name":"Melton","state":"Victoria"},"coordinates":[4950,2079]},{"type":"Point","properties":{"name":"Seymour","state":"Victoria"},"coordinates":[5875,3560]},{"type":"Point","properties":{"name":"Shepparton","state":"Victoria"},"coordinates":[6314,5051]},{"type":"Point","properties":{"name":"Cobram","state":"Victoria"},"coordinates":[6744,6079]},{"type":"Point","properties":{"name":"Swan Hill","state":"Victoria"},"coordinates":[3239,7390]},{"type":"Point","properties":{"name":"Sunbury","state":"Victoria"},"coordinates":[5182,2350]},{"type":"Point","properties":{"name":"Warrnambool","state":"Victoria"},"coordinates":[1462,519]},{"type":"Point","properties":{"name":"Mildura","state":"Victoria"},"coordinates":[932,9999]},{"type":"Point","properties":{"name":"Geelong","state":"Victoria"},"coordinates":[4660,999]},{"type":"Point","properties":{"name":"Portland","state":"Victoria"},"coordinates":[0,609]},{"type":"Point","properties":{"name":"Bendigo","state":"Victoria"},"coordinates":[4468,4180]},{"type":"Point","properties":{"name":"Wangaratta","state":"Victoria"},"coordinates":[7823,5084]},{"type":"Point","properties":{"name":"Melbourne","state":"Victoria"},"coordinates":[5619,1789]}]}},"arcs":[],"transform":{"scale":[0.000602059636304578,0.00044249269490928865],"translate":[141.59000321367,-38.609492168432325]}}