{"type":"Topology","objects":{"cities":{"type":"GeometryCollection","geometries":[{"type":"Point","properties":{"name":"Berri","state":"South Australia"},"coordinates":[9696,4794]},{"type":"Point","properties":{"name":"Peterborough","state":"South Australia"},"coordinates":[7227,6574]},{"type":"Point","properties":{"name":"Wallaroo","state":"South Australia"},"coordinates":[5550,5267]},{"type":"Point","properties":{"name":"Clare","state":"South Australia"},"coordinates":[6901,5403]},{"type":"Point","properties":{"name":"Meningie","state":"South Australia"},"coordinates":[7926,2880]},{"type":"Point","properties":{"name":"Kingston South East","state":"South Australia"},"coordinates":[8648,1349]},{"type":"Point","properties":{"name":"Bordertown","state":"South Australia"},"coordinates":[9929,2047]},{"type":"Point","properties":{"name":"Penola","state":"South Australia"},"coordinates":[9999,606]},{"type":"Point","properties":{"name":"Kingoonya","state":"South Australia"},"coordinates":[2289,9366]},{"type":"Point","properties":{"name":"Kimba","state":"South Australia"},"coordinates":[3873,6326]},{"type":"Point","properties":{"name":"Streaky Bay","state":"South Australia"},"coordinates":[772,6782]},{"type":"Point","properties":{"name":"Cowell","state":"South Australia"},"coordinates":[4548,5605]},{"type":"Point","properties":{"name":"Tumby Bay","state":"South Australia"},"coordinates":[3384,4659]},{"type":"Point","properties":{"name":"Andamooka","state":"South Australia"},"coordinates":[4896,9999]},{"type":"Point","properties":{"name":"Woomera","state":"South Australia"},"coordinates":[4385,9028]},{"type":"Point","properties":{"name":"Port Pirie","state":"South Australia"},"coordinates":[6048,6270]},{"type":"Point","properties":{"name":"Gawler","state":"South Australia"},"coordinates":[7078,4356]},{"type":"Point","properties":{"name":"Murray Bridge","state":"South Australia"},"coordinates":[7823,3650]},{"type":"Point","properties":{"name":"Victor Harbor","state":"South Australia"},"coordinates":[6925,3069]},{"type":"Point","properties":{"name":"Ceduna","state":"South Australia"},"coordinates":[0,7745]},{"type":"Point","properties":{"name":"Mount Gambier","state":"South Australia"},"coordinates":[9927,0]},{"type":"Point","properties":{"name":"Port Augusta","state":"South Australia"},"coordinates":[5741,7217]},{"type":"Point","properties":{"name":"Port Lincoln","state":"South Australia"},"coordinates":[3081,4186]},{"type":"Point","properties":{"name":"Whyalla","state":"South Australia"},"coordinates":[5449,6494]},{"type":"Point","properties":{"name":"Adelaide","state":"South Australia"},"coordinates":[6898,3916]}]}},"arcs":[],"transform":{"scale":[0.000715511352666391,0.000740111527431743],"translate":[133.66226738911098,-37.831348450981295]}}