{"type":"Topology","objects":{"cities":{"type":"GeometryCollection","geometries":[{"type":"Point","properties":{"name":"Pine Creek","state":"Northern Territory"},"coordinates":[5419,8958]},{"type":"Point","properties":{"name":"Adelaide River","state":"Northern Territory"},"coordinates":[4041,9382]},{"type":"Point","properties":{"name":"McMinns Lagoon","state":"Northern Territory"},"coordinates":[3945,9919]},{"type":"Point","properties":{"name":"Newcastle Waters","state":"Northern Territory"},"coordinates":[8591,6162]},{"type":"Point","properties":{"name":"Kaltukatjara","state":"Northern Territory"},"coordinates":[0,0]},{"type":"Point","properties":{"name":"Tennant Creek","state":"Northern Territory"},"coordinates":[9999,4593]},{"type":"Point","properties":{"name":"Yulara","state":"Northern Territory"},"coordinates":[3828,410]},{"type":"Point","properties":{"name":"Erldunda","state":"Northern Territory"},"coordinates":[8077,415]},{"type":"Point","properties":{"name":"Katherine","state":"Northern Territory"},"coordinates":[6283,8472]},{"type":"Point","properties":{"name":"Darwin","state":"Northern Territory"},"coordinates":[3561,9999]},{"type":"Point","properties":{"name":"Alice Springs","state":"Northern Territory"},"coordinates":[9384,1562]}]}},"arcs":[],"transform":{"scale":[0.0005203200170298271,0.0013364396742462103],"translate":[128.99733516348942,-25.78841428752162]}}