{"type":"Topology","objects":{"states":{"type":"GeometryCollection","geometries":[{"type":"Polygon","properties":{"name":"Macquarie Island"},"id":"AUS+00?","arcs":[[0]]},{"type":"Polygon","properties":{"name":"Jervis Bay Territory"},"id":"AUS-1932","arcs":[[1,2]]},{"type":"MultiPolygon","properties":{"name":"Northern Territory"},"id":"AUS-2650","arcs":[[[3]],[[4]],[[5]],[[6]],[[7]],[[8]],[[9]],[[10]],[[11]],[[12]],[[13]],[[14]],[[15]],[[16]],[[17]],[[18]],[[19]],[[20]],[[21]],[[22]],[[23]],[[24]],[[25]],[[26]],[[27]],[[28]],[[29,30,31,32]],[[33]],[[34]]]},{"type":"MultiPolygon","properties":{"name":"Western Australia"},"id":"AUS-2651","arcs":[[[35]],[[36]],[[37]],[[38]],[[39]],[[40]],[[41]],[[42]],[[43]],[[44]],[[45]],[[46]],[[47]],[[48]],[[49]],[[-32,50,51]]]},{"type":"Polygon","properties":{"name":"Australian Capital Territory"},"id":"AUS-2653","arcs":[[52]]},{"type":"Polygon","properties":{"name":"New South Wales"},"id":"AUS-2654","arcs":[[-2,53,54,55,56,57],[-53]]},{"type":"MultiPolygon","properties":{"name":"South Australia"},"id":"AUS-2655","arcs":[[[58]],[[59]],[[60]],[[61]],[[62,63,-51,-31,64,-56]]]},{"type":"MultiPolygon","properties":{"name":"Victoria"},"id":"AUS-2656","arcs":[[[65]],[[66]],[[67]],[[68,-63,-55]]]},{"type":"MultiPolygon","properties":{"name":"Queensland"},"id":"AUS-2657","arcs":[[[69]],[[70]],[[71]],[[72]],[[73]],[[74]],[[75]],[[76]],[[77]],[[78]],[[79]],[[80]],[[81]],[[82]],[[83]],[[84]],[[85]],[[86]],[[87]],[[-57,-65,-30,88]],[[89]],[[90]],[[91]],[[92]],[[93]],[[94]]]},{"type":"MultiPolygon","properties":{"name":"Tasmania"},"id":"AUS-2660","arcs":[[[95]],[[96]],[[97]],[[98]],[[99]],[[100]],[[101]],[[102]],[[103]],[[104]],[[105]],[[106]],[[107]]]}]}},"arcs":[[[9978,0],[-7,8],[5,24],[11,24],[12,1],[-2,-13],[-8,-22],[-11,-22]],[[8186,4298],[5,10],[14,5]],[[8205,4313],[4,-3],[10,2],[-2,-12],[-11,-5],[-5,6],[-15,-3]],[[5163,8571],[-7,-9],[-7,7],[-2,12],[11,7],[9,-9],[-4,-8]],[[5186,8592],[7,-5],[-12,-3],[3,-9],[-13,-5],[3,15],[-3,6],[15,1]],[[5228,8603],[7,-7],[12,-6],[0,-23],[6,-4],[-8,-16],[-6,3],[-2,8],[-8,3],[-4,16],[-6,0],[-2,10],[12,11],[-1,5]],[[5143,8599],[-3,-5],[-9,2],[-6,-4],[-4,12],[6,7],[-1,5],[17,4],[0,-21]],[[5199,8596],[-5,6],[9,12],[4,-10],[-8,-8]],[[4961,8758],[-8,-2],[-4,9],[9,4],[3,-11]],[[3630,8762],[-5,1],[-6,9],[5,2],[5,-7],[1,-5]],[[3620,8753],[-7,1],[-12,24],[7,0],[10,-14],[2,-11]],[[5124,9001],[-11,9],[2,5],[12,1],[2,-5],[-5,-10]],[[5073,9011],[-7,-1],[3,-11],[-4,-11],[-7,3],[-5,12],[-7,1],[0,-16],[-8,5],[-1,21],[11,-4],[2,8],[8,10],[8,-3],[9,-7],[-2,-7]],[[5169,9022],[-8,-7],[-2,-5],[9,-19],[6,-4],[11,-2],[9,6],[-2,8],[3,9],[13,-2],[5,-10],[-11,-12],[-4,-12],[-7,2],[-7,-3],[-7,-13],[3,-6],[7,-4],[-5,-6],[-14,-3],[-3,-14],[4,-13],[13,0],[6,6],[14,-10],[4,2],[5,11],[12,-2],[-7,-9],[4,-8],[-3,-8],[-9,-6],[-11,5],[-26,4],[-11,-6],[-9,1],[-39,14],[-5,4],[-12,-2],[-5,-4],[-7,2],[19,11],[5,10],[-3,7],[-3,20],[5,26],[-5,10],[3,5],[9,-7],[10,2],[4,10],[7,-7],[7,1],[3,9],[-6,20],[17,-4],[5,9],[10,-1],[-1,-5]],[[5055,9073],[-9,-4],[-7,0],[3,14],[2,4],[11,-14]],[[3714,9143],[10,-5],[-5,-6],[-6,1],[1,10]],[[4232,9363],[-4,0],[-11,8],[4,5],[12,-2],[-1,-11]],[[4779,9369],[-8,-1],[-5,8],[4,4],[9,-2],[0,-9]],[[4792,9384],[-8,-3],[-9,4],[11,4],[6,-5]],[[5078,9390],[-7,-6],[-11,-3],[-8,-6],[-12,5],[14,11],[3,-5],[12,3],[6,9],[3,-8]],[[5115,9413],[-2,3],[3,17],[4,0],[-5,-20]],[[5142,9442],[-3,-5],[-12,0],[2,5],[13,0]],[[5014,9457],[-11,0],[-1,5],[15,10],[7,-2],[-10,-13]],[[4269,9470],[14,1],[1,-5],[-4,-9],[-15,-3],[-10,11],[-1,5],[8,4],[7,-4]],[[4447,9467],[-5,-1],[-3,11],[11,5],[9,2],[5,-6],[-17,-3],[0,-8]],[[5112,9497],[-15,-7],[-3,-8],[-11,-5],[-6,0],[-9,-8],[-5,6],[7,11],[4,2],[8,-8],[10,13],[22,15],[-2,-11]],[[4472,9502],[-24,0],[16,10],[8,-10]],[[3793,9509],[0,-11],[13,-10],[4,-6],[0,-12],[-3,-10],[10,1],[11,-3],[16,-10],[3,-4],[-1,-8],[-12,-6],[-17,-2],[-12,6],[-18,4],[-8,5],[-19,-4],[-19,-8],[-20,1],[-8,10],[3,4],[8,0],[-1,14],[5,4],[7,-4],[11,0],[7,9],[-4,23],[3,9],[-2,4],[-9,0],[8,12],[10,8],[9,13],[12,2],[5,-2],[11,-21],[-3,-8]],[[3819,9551],[15,1],[5,-6],[-1,-7],[-7,-6],[4,-8],[13,12],[3,-8],[8,-10],[7,9],[27,5],[9,11],[14,-1],[13,-9],[4,-9],[4,18],[11,6],[12,9],[5,-18],[9,-14],[2,5],[-6,17],[1,10],[5,9],[10,4],[4,-2],[5,-17],[3,7],[9,-3],[12,1],[6,-13],[5,-17],[11,0],[2,-13],[-1,-6],[-11,0],[-4,-11],[-1,-8],[3,-9],[-9,-1],[-11,5],[-12,-21],[-7,-10],[-8,-1],[-12,-10],[-22,-12],[-26,-21],[-8,-1],[-4,7],[-14,8],[-11,4],[-11,6],[-10,4],[-28,22],[-5,7],[-14,4],[-3,23],[-11,13],[-5,24],[-3,9],[2,8],[-5,6],[-3,8],[1,11],[6,7],[8,-11],[15,-17]],[[5447,8395],[0,-68],[0,-130],[0,-129],[0,-130],[0,-130],[0,-65],[0,-129],[0,-130],[0,-130],[0,-65],[0,-129],[0,-130],[0,-130],[0,-129],[0,-130],[0,-130],[0,-65],[0,-129]],[[5447,6317],[-61,0],[-123,0],[-122,0],[-122,0],[-122,0],[-122,0],[-122,0],[-61,0],[-123,0],[-122,0],[-122,0],[-122,0],[-122,0],[-122,0],[-123,0],[-61,0],[-122,0],[-61,0]],[[3492,6317],[0,76],[0,77],[0,76],[0,76],[0,77],[0,76],[0,77],[0,76],[0,76],[0,77],[0,76],[0,77],[0,76],[0,76],[0,77],[0,76],[0,77],[0,76],[0,77],[0,76],[0,76],[0,77],[0,76],[0,77],[0,76],[0,76],[0,77],[0,76],[0,77],[0,76],[0,76],[0,77]],[[3492,8762],[11,-2],[13,-8],[2,-7],[12,-4],[3,-8],[-3,-12],[5,-13],[-10,-24],[4,1],[9,8],[7,16],[4,1],[-1,17],[-3,5],[-5,36],[5,0],[6,-10],[4,6],[8,0],[7,-4],[3,-6],[23,-6],[4,-5],[3,-11],[13,-10],[6,-14],[-3,-12],[10,7],[8,-2],[2,-11],[11,1],[-1,7],[-14,16],[-6,15],[-4,17],[6,11],[1,12],[27,-5],[7,0],[14,5],[2,3],[13,9],[-9,3],[-20,-10],[-1,9],[-16,-4],[-11,9],[0,6],[-14,12],[-3,14],[27,2],[-7,5],[-22,2],[-11,4],[-19,15],[-6,7],[-13,8],[3,18],[8,10],[5,14],[9,9],[4,7],[1,13],[-3,6],[10,2],[4,-8],[12,5],[6,6],[19,5],[6,12],[0,10],[-7,7],[6,12],[16,15],[-6,4],[0,14],[9,21],[2,16],[7,3],[5,13],[3,-2],[2,-14],[12,-5],[16,6],[15,12],[4,-2],[7,6],[16,21],[8,4],[9,-6],[2,6],[-16,7],[-20,25],[-9,4],[0,24],[4,10],[-2,13],[12,9],[5,-8],[9,0],[15,7],[8,14],[-1,13],[3,7],[-4,12],[2,5],[10,-2],[1,6],[10,6],[10,2],[5,3],[9,-17],[14,-7],[11,1],[4,4],[-18,5],[-8,6],[9,8],[-8,8],[5,14],[-3,9],[7,6],[-9,8],[6,3],[15,-2],[4,-4],[10,-1],[9,-4],[-2,-7],[2,-8],[13,-12],[8,-13],[7,4],[10,0],[-15,12],[-1,8],[17,-3],[-7,8],[-5,1],[-5,6],[-9,-1],[-4,2],[0,11],[8,1],[-1,6],[9,7],[8,-2],[20,-4],[6,2],[-6,11],[1,11],[-6,10],[-1,8],[10,6],[7,-5],[9,3],[4,-6],[6,1],[11,-9],[9,10],[4,23],[6,4],[4,-10],[2,-20],[4,-8],[13,-11],[9,-4],[9,-2],[19,3],[8,-3],[37,6],[12,5],[5,5],[9,1],[6,-9],[25,-10],[15,7],[12,12],[10,3],[4,10],[7,-4],[2,-10],[15,5],[7,-3],[11,-25],[4,7],[-6,15],[1,9],[3,8],[11,4],[12,8],[7,1],[6,-4],[16,-5],[8,2],[-14,9],[-5,9],[0,9],[5,30],[-2,10],[-11,8],[14,17],[2,7],[7,5],[-22,7],[-10,8],[2,7],[-7,5],[-7,12],[-13,6],[-14,3],[-13,-6],[-14,1],[-11,-7],[-4,1],[-7,-6],[-13,-1],[-9,7],[-3,7],[2,7],[-10,-1],[-10,10],[-5,13],[-15,4],[-8,-3],[-4,11],[10,0],[-6,14],[7,-1],[7,8],[13,-18],[9,6],[-3,13],[3,8],[7,-2],[6,-9],[7,-3],[8,-21],[9,-8],[0,-13],[11,-6],[-4,13],[9,-3],[2,6],[-11,8],[1,19],[-9,13],[3,7],[5,-2],[7,-10],[5,-4],[5,-13],[5,0],[-3,17],[5,6],[12,1],[7,-15],[-1,-15],[5,0],[4,12],[5,4],[7,-5],[9,-17],[11,-14],[10,-7],[8,-15],[5,-7],[9,-2],[10,5],[6,11],[14,9],[9,-4],[-1,14],[4,5],[7,-4],[4,-9],[11,-9],[8,-13],[6,-4],[0,-11],[14,-25],[10,-9],[16,-3],[5,2],[2,7],[12,0],[-5,-16],[11,0],[7,8],[7,-10],[9,-4],[9,6],[8,-11],[7,3],[7,-8],[8,3],[5,11],[15,0],[11,12],[22,-5],[1,-8],[-8,-4],[-8,-8],[2,-6],[22,-12],[14,7],[3,8],[10,-2],[4,-8],[0,-9],[10,10],[6,-10],[7,-4],[-6,-6],[5,-9],[-1,-11],[16,11],[2,9],[4,2],[21,-17],[10,-3],[20,-2],[18,4],[6,4],[16,15],[14,3],[1,-10],[7,-11],[7,1],[5,-19],[23,-4],[8,-14],[8,-4],[6,-7],[17,3],[15,-12],[3,5],[-9,5],[4,5],[11,2],[10,-8],[8,3],[-17,8],[1,6],[10,6],[-2,5],[19,9],[8,-6],[7,1],[16,7],[12,-4],[7,7],[20,11],[-2,2],[-15,-4],[-12,-7],[-3,7],[1,7],[7,8],[11,-2],[10,7],[9,-2],[29,22],[3,4],[-4,13],[7,2],[8,-4],[-8,-16],[-20,-23],[-11,-4],[6,-4],[14,1],[-13,-11],[-6,-8],[-25,-21],[1,-8],[3,-7],[10,-9],[4,-8],[7,12],[5,-1],[4,10],[16,14],[5,-1],[14,3],[13,14],[2,-5],[-7,-6],[-4,-8],[-7,-4],[-4,-6],[5,-10],[8,0],[11,6],[-4,-18],[-9,-11],[6,-11],[2,-9],[26,4],[7,-6],[17,5],[11,12],[7,18],[6,10],[0,8],[-11,4],[-17,-2],[-2,4],[-10,1],[1,6],[9,2],[1,5],[15,17],[8,1],[25,23],[6,-13],[12,2],[6,-19],[6,-1],[-1,-14],[1,-6],[22,-23],[6,0],[11,8],[-15,12],[13,6],[14,-11],[12,-2],[11,-15],[4,-15],[-19,-17],[-14,-18],[2,13],[-3,3],[-11,-7],[1,-16],[-9,-15],[-5,-12],[4,-6],[-15,-1],[-6,-7],[4,-6],[0,-12],[-7,-1],[-5,16],[-8,-1],[1,-11],[-8,5],[-5,-2],[4,-13],[8,-7],[4,-7],[5,0],[15,-9],[4,-9],[-12,3],[-8,-7],[-2,11],[-13,-3],[0,-5],[6,-4],[2,-7],[7,-2],[-11,-19],[-7,-5],[-1,-13],[-6,2],[-11,-5],[-7,-12],[-5,-6],[-5,6],[15,15],[-5,7],[-1,10],[2,19],[-8,4],[-7,-10],[4,-7],[-3,-9],[-7,1],[-3,7],[-6,-5],[3,-10],[-15,-9],[-4,-6],[-5,12],[4,8],[-4,10],[-7,-7],[-4,-9],[-7,-10],[-10,7],[-7,-4],[-2,-10],[-9,2],[-9,-13],[0,-9],[8,-2],[0,-8],[10,0],[-10,-11],[-5,6],[-9,-4],[3,-21],[-5,-11],[10,-19],[2,-11],[8,-3],[13,6],[7,11],[5,-3],[-5,-14],[-6,-10],[2,-6],[-4,-8],[-1,-9],[-5,-8],[-9,-5],[-5,-39],[2,-13],[-13,-1],[-20,-14],[-5,-7],[-13,-24],[-6,-7],[-5,1],[-20,-32],[-3,-8],[1,-8],[-15,-7],[-5,-8],[-9,2],[3,-23],[9,-22],[5,-7],[18,-16],[14,-6],[8,1],[12,-12],[15,-6],[4,-5],[14,-6],[20,-20],[20,-8],[10,-8],[10,-4],[15,-9],[7,-6],[4,-10],[2,-16],[4,-6],[14,-9],[15,-2],[11,-12],[13,-9],[14,1],[4,-9],[13,-10],[11,-14],[-4,-12],[3,-4],[8,2],[3,6],[20,-2],[10,-6],[8,11],[11,5],[3,-6],[8,-7],[25,-12],[8,-2],[12,-8],[9,-11],[15,-11],[11,-2],[18,-10],[12,1],[24,-9],[18,-9],[9,-14],[18,-26],[18,-16],[11,-7]],[[5178,9608],[0,-4],[-9,-30],[-1,-7],[-8,-4],[-3,-7],[-6,-7],[-11,-20],[-14,-15],[-6,11],[14,9],[4,6],[1,10],[15,21],[8,2],[5,18],[5,7],[-4,3],[10,7]],[[4271,9604],[6,-16],[-7,-9],[8,-2],[-1,-5],[3,-14],[-6,-15],[-8,1],[-1,8],[-5,12],[-9,12],[5,6],[-1,11],[-6,5],[14,7],[8,-1]],[[9,6430],[10,-3],[0,-12],[8,-17],[2,-19],[18,-37],[-4,-12],[0,-5],[10,-3],[10,-13],[3,-11],[-1,-10],[-9,1],[-5,16],[-16,19],[-7,6],[-8,21],[-10,11],[-2,21],[-8,15],[0,23],[9,9]],[[33,6476],[-4,8],[7,22],[-1,17],[5,-4],[0,-13],[-5,-11],[-2,-19]],[[44,6542],[-2,3],[4,35],[6,0],[-5,-20],[3,-8],[-6,-10]],[[542,7451],[-11,-9],[-6,6],[-9,-1],[3,12],[20,24],[11,5],[4,-17],[-12,-20]],[[790,7508],[0,-9],[-13,0],[-4,7],[17,2]],[[2347,8489],[10,-2],[-3,-7],[-7,9]],[[2534,8535],[-2,-11],[-8,3],[10,8]],[[2503,8668],[-11,0],[-4,-5],[-9,6],[16,5],[3,5],[6,-4],[-1,-7]],[[2529,8677],[-3,-9],[5,-8],[6,-2],[7,-13],[-18,-7],[-4,4],[8,9],[-7,2],[-11,-2],[-3,11],[6,2],[1,8],[13,5]],[[2587,8671],[-9,4],[3,7],[10,-5],[-4,-6]],[[3318,8695],[-10,3],[-6,6],[0,19],[6,-1],[2,-10],[6,-2],[2,-15]],[[2609,8741],[1,-13],[-9,7],[8,6]],[[3371,8730],[-6,-1],[-12,14],[-2,16],[5,2],[8,-15],[4,-5],[3,-11]],[[2669,8847],[-7,-13],[3,-12],[-10,-4],[-12,2],[1,13],[9,1],[1,7],[-4,6],[11,9],[8,-9]],[[2973,8976],[-12,0],[-9,-2],[-3,7],[12,0],[12,-5]],[[3492,6317],[0,-78],[0,-79],[0,-78],[0,-78],[0,-78],[0,-78],[0,-78],[0,-79],[0,-78],[0,-78],[0,-78],[0,-78],[0,-79],[0,-78],[0,-78],[0,-77]],[[3492,5067],[-15,-4],[-35,-16],[-25,-15],[-95,-37],[-43,-15],[-55,-9],[-39,-13],[-12,-6],[-53,-14],[-38,-4],[-13,-2],[-25,0],[-25,-2],[-31,-1],[-67,7],[-20,6],[-6,3],[-14,2],[-10,-2],[-13,-8],[-16,1],[-30,-13],[-14,-9],[-58,-38],[-43,-12],[-53,-24],[-20,-6],[-22,-21],[-15,-7],[-27,-8],[-41,-5],[-35,-6],[-9,-3],[-13,-10],[-12,-6],[-18,-18],[-8,-15],[-3,-14],[-13,-22],[0,-5],[-9,-27],[-3,-15],[-13,-5],[-8,-10],[-9,-5],[-13,-12],[-5,-12],[2,-6],[-7,-5],[-13,-5],[-6,-8],[-12,-2],[-9,-12],[-7,2],[-7,7],[-17,2],[-8,-3],[-17,-18],[-8,-3],[-18,0],[-3,13],[-10,14],[-14,4],[-15,-3],[-17,-5],[-15,-1],[-4,4],[-11,-2],[-19,0],[-16,-4],[2,-6],[-5,-5],[-9,6],[-4,-3],[-24,6],[-17,-2],[-11,-10],[1,-7],[-11,2],[-6,-6],[-20,1],[-5,2],[7,10],[-5,8],[-3,11],[-12,11],[-17,0],[-12,-9],[-15,-6],[-8,1],[-7,5],[-12,3],[-13,-5],[-5,6],[-15,7],[-8,-1],[-36,2],[-23,-5],[-13,-7],[-15,6],[-28,-7],[-11,3],[-11,1],[-17,-7],[-9,-1],[-38,0],[-10,-10],[-23,-7],[-31,6],[-21,2],[-13,-4],[-8,0],[-10,5],[-8,0],[-16,-8],[-15,-1],[-11,-4],[-17,-14],[-19,-8],[-8,-9],[-7,-3],[-8,-15],[-9,-7],[-4,-10],[-1,-11],[3,-5],[16,-5],[-17,-5],[-8,7],[-13,-3],[-1,-12],[5,-4],[-11,-7],[-4,9],[-14,-3],[-2,-13],[-9,-2],[-2,6],[-11,2],[-9,5],[-40,6],[-8,-3],[-5,-10],[-18,-3],[-14,-9],[1,-8],[-5,-11],[-9,-2],[-12,-7],[-28,-7],[-11,-8],[-10,-15],[3,-12],[-3,-7],[-26,0],[-14,-6],[-7,-1],[7,-13],[-7,-3],[-11,6],[-22,-6],[-8,2],[-28,-4],[-4,-5],[6,-5],[16,-3],[3,-8],[-19,2],[-11,9],[-14,4],[-13,1],[-13,-7],[-1,-13],[-18,10],[-17,4],[-22,11],[-7,-2],[-13,4],[-21,0],[-6,-11],[-8,6],[-14,4],[-8,-2],[-14,2],[-9,-7],[-12,0],[-11,7],[-12,3],[-2,-5],[-15,0],[-4,-5],[-12,7],[-26,4],[-15,11],[-3,6],[25,-5],[1,4],[-13,5],[-14,-3],[-10,1],[-18,8],[-33,9],[-17,2],[-9,-2],[1,8],[-8,10],[-2,7],[-41,40],[-29,21],[-19,7],[-8,7],[-33,15],[-16,3],[-17,0],[-10,-11],[-7,1],[-19,18],[-2,19],[-8,21],[0,35],[-2,17],[5,14],[-6,14],[-1,8],[9,11],[1,8],[-2,12],[2,4],[10,-3],[16,-18],[16,-6],[19,-1],[19,4],[14,8],[18,18],[13,19],[13,28],[7,2],[1,58],[-3,19],[-8,28],[-5,33],[7,15],[10,13],[3,-4],[-11,-12],[0,-11],[11,-25],[7,2],[-11,26],[16,1],[5,8],[-9,8],[-3,6],[7,18],[-3,15],[-5,4],[6,8],[-5,7],[5,8],[4,18],[-5,12],[2,6],[-3,10],[3,28],[-4,34],[-5,18],[-4,10],[-17,22],[-12,25],[-20,28],[-16,38],[-15,31],[-16,25],[-13,11],[-4,19],[-13,24],[-9,24],[-1,16],[-5,17],[-5,13],[2,13],[-10,9],[3,15],[-3,12],[-6,5],[-1,8],[6,28],[-5,16],[-1,19],[1,19],[7,30],[0,9],[-8,20],[-2,14],[-8,20],[-14,31],[-39,40],[-10,16],[-6,12],[4,8],[-1,20],[-13,29],[-5,7],[-19,20],[-11,17],[-3,7],[-10,14],[-14,8],[-17,19],[-4,10],[-1,9],[-8,25],[-2,19],[10,29],[-15,53],[-14,29],[-53,87],[-24,31],[-14,22],[-64,61],[-3,18],[-8,17],[-7,5],[-12,14],[26,-10],[3,15],[-2,16],[5,13],[3,-27],[3,-42],[7,19],[10,16],[9,-1],[-1,-9],[10,-28],[4,12],[7,-3],[3,-15],[-2,-7],[4,-13],[-1,-26],[6,2],[1,8],[10,8],[-2,-20],[13,-9],[15,4],[11,-1],[0,8],[9,4],[7,11],[-1,16],[-2,5],[3,12],[-4,6],[-19,17],[-21,4],[-1,8],[-15,19],[-7,2],[-2,12],[2,6],[-5,8],[1,7],[-9,4],[-1,15],[-9,8],[-1,5],[-10,14],[0,17],[9,17],[11,14],[4,-23],[11,-3],[6,-16],[5,-7],[6,-3],[3,-7],[12,-3],[-3,-11],[10,-13],[-6,-7],[1,-11],[-4,-10],[-2,-20],[-2,-6],[6,-11],[14,-2],[12,19],[6,17],[-6,21],[8,-1],[5,-5],[-2,-12],[2,-13],[-1,-7],[9,-4],[-2,-11],[7,-31],[22,-23],[7,-3],[12,12],[11,4],[6,13],[-7,16],[-3,11],[8,28],[-8,14],[15,3],[-5,14],[6,14],[-1,4],[-14,9],[-9,3],[-5,16],[-8,10],[-10,5],[-7,17],[-14,18],[-5,9],[-14,32],[-2,8],[-11,21],[-20,10],[-7,9],[-7,22],[4,6],[-2,10],[-10,4],[-1,14],[3,7],[-3,15],[-14,19],[-22,24],[-9,16],[-1,10],[-2,36],[3,8],[8,10],[-4,26],[7,9],[2,9],[0,13],[10,12],[5,20],[7,5],[9,24],[8,8],[10,3],[4,7],[8,5],[6,15],[1,15],[2,14],[-3,19],[-4,17],[2,10],[7,4],[5,11],[-1,26],[-7,17],[-4,14],[-10,11],[-11,3],[2,13],[-5,20],[10,9],[8,12],[2,12],[4,10],[10,11],[18,48],[3,14],[5,8],[5,13],[14,20],[16,11],[16,4],[4,-6],[-5,-6],[-6,-17],[-6,-40],[-5,-15],[11,-22],[10,-9],[-2,-9],[-9,-7],[1,-11],[-3,-8],[8,-10],[7,0],[9,12],[14,5],[7,-10],[10,2],[6,27],[11,26],[5,7],[0,8],[7,2],[5,20],[-5,8],[1,8],[10,-10],[18,32],[3,12],[7,2],[5,5],[17,7],[32,19],[9,2],[9,-2],[17,9],[4,-3],[25,15],[51,18],[5,3],[3,8],[9,9],[15,18],[13,10],[31,14],[11,17],[4,9],[13,12],[32,15],[15,5],[8,14],[0,10],[6,4],[11,-5],[9,2],[9,6],[18,1],[18,11],[1,5],[14,3],[25,17],[9,9],[11,18],[7,2],[-3,-18],[-5,-5],[0,-7],[11,-9],[9,-2],[9,4],[8,6],[23,10],[7,-3],[13,9],[2,-12],[7,-7],[16,-7],[18,-3],[18,1],[17,4],[19,11],[16,-4],[35,12],[9,12],[7,1],[5,7],[1,8],[43,28],[9,3],[11,-5],[20,8],[10,-6],[10,4],[42,8],[9,-3],[12,1],[8,6],[14,2],[6,4],[11,17],[17,18],[3,12],[18,9],[2,6],[11,2],[10,-8],[0,9],[11,1],[17,-5],[18,-2],[13,-4],[8,2],[3,-6],[18,-8],[16,7],[5,6],[8,-1],[7,11],[15,-1],[22,5],[36,5],[36,3],[29,9],[61,23],[66,28],[38,25],[14,11],[25,26],[23,29],[23,33],[4,13],[5,8],[1,7],[7,7],[9,22],[1,11],[-5,5],[5,5],[17,4],[10,9],[1,11],[-9,6],[9,7],[5,13],[6,8],[9,-4],[9,1],[25,18],[8,14],[13,6],[8,6],[6,9],[8,6],[22,10],[5,7],[5,12],[-2,14],[-3,4],[-13,4],[-15,-1],[-4,-6],[-6,4],[6,7],[2,16],[-3,15],[3,21],[-7,10],[-7,22],[0,23],[1,26],[5,18],[24,26],[-5,4],[4,7],[30,26],[15,5],[5,7],[8,-9],[8,1],[-4,10],[-7,8],[9,19],[7,3],[2,-5],[20,2],[8,6],[7,-1],[-6,13],[3,22],[8,10],[9,-1],[10,11],[7,21],[5,0],[15,10],[2,-5],[-4,-6],[13,-7],[-4,-5],[-11,1],[-3,-7],[3,-5],[-7,-12],[7,-10],[7,3],[2,-14],[8,-1],[7,-11],[-1,-8],[12,-9],[1,-10],[-3,-13],[9,-3],[7,-11],[10,-8],[4,-19],[12,-14],[10,-20],[-3,-5],[7,-11],[7,-4],[6,-8],[9,-10],[2,-10],[9,-10],[3,-16],[5,5],[0,12],[-6,15],[1,19],[6,10],[0,8],[4,14],[7,6],[-14,20],[-1,12],[4,9],[9,2],[7,-4],[7,-8],[11,-8],[3,-8],[13,-8],[8,-12],[5,4],[-10,13],[-9,29],[10,5],[0,7],[9,11],[4,8],[-24,-7],[-5,3],[-8,14],[-3,12],[-5,6],[-11,6],[-11,9],[-18,2],[12,8],[-3,5],[12,7],[-2,6],[-9,-1],[-2,-5],[-8,-1],[-18,15],[21,0],[20,-7],[-2,8],[10,2],[-25,13],[3,7],[21,-7],[1,15],[10,-5],[4,8],[-13,4],[-7,7],[-7,-5],[-12,12],[8,5],[-5,7],[9,12],[21,1],[18,-3],[8,-8],[-5,-6],[6,-4],[-18,-3],[16,-11],[12,-4],[2,-7],[-7,-2],[6,-14],[6,5],[0,9],[3,6],[19,-8],[-8,12],[-1,6],[7,2],[-3,10],[34,-7],[9,-7],[7,-16],[5,-4],[26,-3],[5,10],[7,2],[6,-4],[10,-5],[26,-1],[12,3],[17,1],[-6,8],[-22,4],[-21,-2],[-19,-1],[-6,13],[2,9],[-4,6],[4,10],[8,6],[0,15],[9,0],[0,-9],[10,-14],[6,11],[9,7],[-1,23],[5,7],[1,13],[7,7],[9,-3],[5,13],[-6,7],[-15,-4],[-5,-9],[-6,-6],[-10,-21],[-8,10],[-6,18],[-10,-7],[-1,16],[-3,7],[-2,19],[9,3],[2,11],[-7,3],[2,11],[10,8],[0,7],[5,5],[7,0],[16,-9],[11,1],[5,7],[7,-1],[-3,13],[6,9],[-4,6],[4,11],[-8,1],[0,9],[22,-9],[8,0],[8,-5],[-3,-8],[13,1],[8,-3],[8,-10],[8,-3],[-4,-11],[9,2],[7,-8],[9,33],[9,6],[-8,8],[-5,-4],[-7,5],[-24,-13],[-5,1],[-5,12],[9,7],[0,4],[11,5],[7,-3],[10,13],[-9,3],[-2,-7],[-15,-5],[-14,-11],[-3,13],[1,7],[-4,4],[5,6],[9,3],[12,-4],[14,8],[0,10],[-3,1],[-1,11],[17,-2],[-5,-4],[14,-8],[-2,-5],[8,-18],[5,8],[-7,19],[15,-6],[14,-11],[-1,-5],[8,-5],[10,4],[14,-3],[1,7],[-11,2],[-1,13],[3,7],[-7,5],[-16,0],[-16,13],[2,6],[8,1],[8,-4],[2,11],[-14,2],[-9,6],[-1,12],[-11,5],[2,6],[7,0],[1,7],[8,7],[7,-2],[7,10],[-11,3],[7,9],[11,0],[5,13],[4,2],[0,-18],[10,8],[8,-10],[4,1],[2,15],[7,8],[18,-8],[7,27],[-6,11],[0,21],[4,6],[6,-1],[2,-5],[11,-5],[9,2],[-8,-15],[-5,3],[-4,-8],[6,-32],[-10,-20],[3,-5],[13,33],[2,15],[4,-2],[1,-8],[17,-3],[-1,-5],[4,-14],[-2,-6],[18,-14],[3,9],[-4,6],[4,11],[16,0],[10,2],[-2,11],[-10,17],[16,7],[3,11],[-2,7],[1,9],[10,3],[5,4],[-1,22],[-6,4],[-22,0],[-7,10],[13,1],[3,10],[6,-10],[4,3],[-2,10],[-11,6],[13,4],[12,-2],[-5,-12],[4,-3],[7,1],[8,-9],[-10,-3],[0,-8],[7,2],[3,-5],[-5,-13],[11,-5],[1,-9],[22,11],[-12,8],[5,11],[6,3],[0,6],[8,1],[2,8],[9,8],[4,-5],[11,-1],[-1,-8],[-6,-6],[-1,-6],[12,4],[-5,-10],[6,-7],[8,3],[3,-4],[-1,-10],[5,-5],[4,10],[8,3],[0,10],[6,8],[7,-9],[4,13],[-5,12],[1,5],[9,-2],[3,5],[12,-3],[0,9],[-5,13],[-6,8],[-4,12],[21,5],[4,6],[11,-5],[0,6],[9,3],[8,-9],[6,-3],[4,-8],[7,-3],[-3,-13],[6,1],[5,-15],[8,-1],[4,10],[11,-6],[5,10],[11,-10],[10,-5],[-2,9],[21,-5],[6,-10],[0,-13],[9,-3],[22,-16],[3,0],[13,-10],[7,-13],[13,-10],[7,-18],[8,-5],[12,-11],[5,-13],[11,-8],[-2,-9],[13,3],[11,-9],[2,-7],[12,-4],[12,-10],[11,-3],[0,-7],[-9,1],[-1,-7],[3,-11],[-10,-3],[-9,-31],[-3,-8],[0,-11],[-5,-14],[3,-11],[-2,-23],[-7,-3],[6,-16],[1,-8],[-6,-19],[8,7],[6,17],[2,19],[-4,14],[5,11],[11,-7],[11,-11],[6,-11],[6,-16],[3,15],[-4,10],[-12,14],[1,10],[-2,10],[-4,3],[-1,10],[5,8],[15,13],[6,12],[4,-6],[2,-19],[5,8],[12,-12],[5,-2],[4,10],[-8,14],[-4,15],[7,4],[-8,6],[-1,6],[10,1],[20,9],[12,-6],[27,-4],[7,-6],[5,1],[14,-4],[19,0],[17,-7]],[[7918,4263],[-7,-3],[-15,3],[-8,-7],[-12,0],[-10,-13],[-1,-8],[3,-8],[-5,-16],[-9,-6],[4,-26],[-2,-7],[2,-15],[-2,-7],[-9,-12],[-23,6],[-5,5],[-5,10],[-2,17],[-10,-2],[-12,10],[-4,15],[2,13],[-2,19],[7,23],[-1,9],[6,7],[24,15],[36,22],[5,2],[13,-9],[2,-8],[9,-3],[4,-9],[31,-11],[-4,-6]],[[8186,4298],[-13,-6],[-4,-9],[-8,-7],[-3,-8],[1,-11],[-9,-7],[-8,-13],[-1,-16],[-8,-9],[-8,-13],[-6,-14],[-7,-6],[-9,4],[-3,-9],[5,-13],[-2,-7],[-9,-3],[-8,-8],[2,-14],[-3,-23],[-9,3],[-4,-3],[12,-12],[-5,-8],[0,-9],[5,-13],[-3,-6],[2,-9],[-13,-14],[-3,-10],[2,-7],[-5,-8],[3,-15],[-8,-13],[-9,-17],[-2,-15],[-11,-13],[2,-5],[-7,-16],[8,-6],[-5,-11],[5,-11],[-14,-9],[4,-5],[11,0],[11,-7],[5,-16],[7,-10],[-15,2],[-7,-6],[4,-11],[-3,-17],[6,-18],[-3,-3]],[[8046,3788],[-140,57],[-94,38],[-94,39],[-53,21],[-12,1],[-8,3],[16,21],[4,8],[-4,15],[-8,2],[-3,7],[1,9],[-7,12],[-11,9],[2,12],[-10,25],[3,15],[-12,12],[2,13],[-15,5],[-4,6],[-9,2],[-34,13],[-9,-5],[-25,-8],[-8,9],[-8,2],[-19,-4],[-8,-9],[-4,-15],[-7,5],[-20,-2],[-20,4],[-10,-13],[3,-12],[6,-9],[15,-2],[-18,-7],[-12,10],[-2,4],[1,15],[-16,3],[-9,-5],[-11,6],[-7,-2],[-8,6],[-9,1],[-3,4],[-14,1],[-15,11],[-17,0],[-6,4],[-18,-2],[-11,-14],[-18,0],[-7,3],[-11,-5],[-13,4],[-13,1],[-8,4],[-15,0],[-7,9],[-14,2],[-14,-4],[-19,4],[-37,27],[-8,3],[-18,-2],[-17,-8],[-9,0],[-25,5],[-21,0],[-24,-3],[-9,-6],[-1,-13],[-7,-12],[12,-16],[-7,-4],[-14,5],[-17,-12],[-16,-1],[-12,11],[-18,4],[-23,23],[-9,3],[-7,7],[-10,22],[-11,14],[-12,2],[-13,12],[-6,2],[-18,20],[-7,4],[-15,3],[-4,7],[-17,7],[-27,16],[-9,4],[-18,3],[-12,6],[-4,7],[3,5],[-2,12],[-8,6],[-19,3],[-11,7],[-10,16],[-3,9],[-4,22],[3,9],[-1,7],[4,6],[1,13],[-7,5],[-10,-2],[-3,8],[-28,12],[-20,2],[-12,5],[-3,-5],[-10,7],[-12,-4],[-7,14],[-15,7],[-11,-5],[-7,-18],[-2,-11],[-12,0],[3,-11],[-19,3],[-7,5],[0,7],[-11,17],[-3,11],[-16,13],[-3,19],[1,9],[6,11],[-2,4],[-15,0],[-15,14],[-5,18],[-7,0],[-8,6],[-15,-2],[-4,8],[-11,5],[-12,-2],[-10,1],[-8,-3],[-16,1],[-14,5],[-18,-5],[-14,-10],[-8,-9],[-6,0],[-6,9],[-11,1],[-15,8],[-13,-3],[-5,7],[-14,8],[-12,-3],[-12,6],[-19,0],[-10,10]],[[6098,4555],[0,67],[0,69],[0,69],[0,69],[0,69],[0,69],[0,69],[0,69],[0,69],[0,69],[0,69],[0,70],[0,69],[0,69],[0,69],[0,69]],[[6098,5658],[106,0],[105,0],[106,0],[105,0],[106,0],[105,0],[106,0],[105,0],[106,0],[105,0],[105,0],[106,0],[105,0],[106,0],[105,0],[149,0],[20,14],[7,19],[14,4],[8,5],[5,7],[12,8],[22,10],[9,3],[11,19],[4,2],[20,2],[7,-1],[2,-6],[12,-1],[6,-4],[12,5],[57,1],[8,4],[25,7],[19,0],[8,4],[14,-9],[19,-16],[9,-2],[28,-1],[29,6],[9,0],[21,-10],[9,-2],[10,-8],[15,-2],[2,-17],[5,-6],[13,-1],[9,-3],[23,-14],[5,-24],[1,-15],[6,-5],[2,-10],[5,-1],[10,4],[9,7],[4,8],[9,5],[0,8],[7,15],[19,6],[19,9],[7,-13],[16,-4],[4,10],[17,-1],[16,5],[4,6],[4,14],[1,14],[4,10],[-12,14],[-5,12],[-6,5],[2,5],[9,3],[9,8],[24,11],[12,0],[16,11],[14,3],[13,7],[3,7],[14,11],[8,-4],[2,-9],[10,-3],[8,9],[7,-6],[21,-8],[10,1],[11,6],[13,-1],[6,-2],[39,-3],[11,11],[6,9],[8,0],[18,4],[9,-2],[6,3],[27,19]],[[8814,5844],[6,-6],[6,1],[6,-21],[0,-11],[-6,-31],[0,-10],[3,-18],[12,-16],[-2,-15],[-4,-7],[2,-14],[-1,-9],[-6,-7],[-13,-10],[-14,-20],[-4,-13],[2,-13],[-5,-2],[-16,-26],[-2,-9],[6,-17],[-3,-6],[2,-10],[-8,-21],[0,-11],[-2,-6],[1,-12],[-6,-8],[-1,-11],[1,-9],[-5,-7],[-3,-19],[-7,-9],[-6,-11],[1,-21],[-3,-10],[-11,-18],[2,-6],[-3,-8],[-10,-15],[-3,-10],[-5,-8],[-6,-23],[-1,-12],[-7,-23],[3,-3],[1,-19],[8,-11],[10,-2],[0,-7],[-9,-14],[-1,-8],[4,-11],[-11,-10],[-6,-9],[-5,-17],[4,-17],[-10,-10],[-3,-12],[4,-4],[0,-10],[-20,-19],[1,-16],[-13,-14],[3,-6],[-13,-13],[-1,-8],[-10,-12],[-18,-14],[-13,-21],[1,-6],[-5,-6],[-4,-14],[12,-10],[-9,-16],[4,-12],[-5,-21],[4,-3],[-30,-10],[-10,-6],[-13,-10],[-2,-6],[-11,-4],[-14,-17],[-6,4],[-18,-7],[7,-4],[16,0],[7,-3],[-2,-6],[-9,-2],[-8,-6],[-11,2],[-27,-7],[-22,-11],[-8,-6],[1,-6],[-14,-11],[-1,-10],[-14,-10],[-5,-18],[-4,-10],[-8,-6],[-6,-11],[-10,1],[-14,-9],[4,-5],[-4,-6],[11,-1],[-4,-8],[-9,-9],[-4,-20],[-18,-5],[-7,-6],[-4,-13],[11,4],[-7,-17],[2,-11],[-3,-18],[-8,0],[-5,-9],[10,-5],[-2,-14],[-7,-11],[-10,10],[-9,-13],[13,-1],[1,-5],[-12,-1],[-5,-8],[4,-5],[-15,-12],[-15,-8],[-13,-14],[-10,-15],[1,-7],[-4,-10],[-1,-9],[3,-8],[-13,-6],[-5,0],[-8,-7],[9,-3],[9,-7],[-2,-8],[-5,-27],[-3,-7],[-12,-5],[-6,-12],[-5,-2],[10,-9],[3,-8],[-3,-9],[17,-7],[-2,-13],[-8,-7],[-7,7],[4,6],[-6,10],[-15,-4],[-4,-11],[5,-10]],[[5365,4211],[-9,-14],[14,-3],[-14,-14],[4,-4],[10,0],[8,-3],[20,4],[2,-10],[6,-6],[9,2],[6,5],[6,11],[21,-2],[13,-5],[2,-8],[12,-4],[-1,-11],[-9,-2],[-8,-10],[-14,4],[-11,6],[-19,2],[-19,-1],[-31,-12],[1,-16],[-4,-6],[-10,-2],[-21,-11],[-9,6],[-10,10],[-35,7],[-5,-3],[-3,-9],[-7,-2],[-26,5],[-22,-6],[-15,4],[-17,-6],[-12,-1],[-13,19],[-14,4],[-13,10],[2,9],[9,16],[0,6],[8,4],[15,1],[25,9],[59,8],[15,6],[29,6],[9,6],[7,1],[18,-6],[8,3],[13,0],[20,3]],[[5057,4324],[-10,1],[-4,14],[-9,7],[6,5],[10,-14],[6,-5],[1,-8]],[[4684,4608],[-4,2],[4,12],[11,4],[2,-8],[-8,-3],[-5,-7]],[[4491,4931],[-7,-3],[-5,6],[8,7],[9,4],[0,-9],[-5,-5]],[[6098,4555],[-7,7],[0,-127],[0,-110],[0,-110],[0,-110],[0,-110],[0,-109],[0,-110],[0,-109]],[[6091,3667],[-3,1],[-52,-3],[-24,7],[-32,22],[-13,4],[-8,8],[-5,15],[-11,14],[-10,19],[-22,15],[-5,17],[-18,8],[-10,-1],[-42,48],[-11,19],[8,6],[2,6],[-11,15],[-1,9],[-13,14],[24,11],[13,13],[4,17],[-2,32],[-27,55],[-20,37],[-15,28],[-11,9],[-13,17],[-56,46],[-15,11],[-21,11],[-7,7],[-18,9],[9,2],[9,-4],[75,-58],[22,-17],[25,-27],[22,-39],[0,9],[-12,24],[-3,12],[-26,27],[-12,6],[-10,9],[-41,31],[-4,1],[-16,11],[-11,7],[7,6],[2,9],[11,8],[22,-11],[-2,-15],[6,-8],[-6,-5],[4,-4],[15,-2],[5,3],[0,9],[4,12],[-15,12],[-15,7],[17,6],[12,-3],[5,6],[-5,8],[3,9],[-11,-2],[-3,9],[-7,5],[-10,3],[-26,-15],[-16,1],[-15,-7],[-2,-4],[4,-9],[14,-5],[-6,-5],[-19,4],[-8,7],[-17,-1],[5,-7],[15,0],[11,-7],[-14,-5],[-15,5],[-14,0],[-24,-6],[-3,-7],[-20,-11],[-21,-2],[-34,1],[-12,-4],[-10,0],[-15,11],[3,14],[8,6],[22,8],[6,5],[15,19],[15,7],[4,7],[0,13],[6,10],[-3,6],[2,17],[9,12],[0,13],[-5,27],[2,18],[9,11],[-9,4],[-3,6],[-9,5],[-1,8],[-17,13],[-6,13],[-8,3],[-7,15],[-7,26],[-5,7],[-11,6],[1,10],[-17,19],[-6,-12],[-8,-10],[-1,-8],[6,-10],[-9,-10],[-14,-13],[-9,-25],[-2,-14],[6,-7],[-7,-15],[-1,-15],[-12,-20],[-11,-34],[1,-6],[-5,-6],[0,-16],[-17,-10],[-11,3],[-13,7],[-17,3],[-17,-1],[-15,-11],[-21,0],[-15,-15],[-28,3],[-13,-6],[-6,-6],[-17,-2],[-8,10],[4,9],[17,13],[6,11],[-4,13],[7,9],[-1,7],[13,14],[14,-5],[10,0],[18,4],[9,0],[9,-5],[18,-6],[12,8],[3,26],[4,9],[0,10],[8,21],[-7,20],[-1,14],[-4,4],[-9,-4],[6,13],[4,0],[4,11],[2,21],[-2,10],[-6,11],[4,6],[7,-3],[11,17],[-5,13],[4,6],[14,10],[3,7],[-6,7],[25,20],[13,20],[5,-1],[14,16],[15,2],[1,20],[-7,16],[-9,13],[1,8],[-11,14],[-2,8],[10,15],[9,2],[12,8],[9,2],[7,-3],[4,5],[-2,13],[-7,10],[-10,4],[-12,47],[8,8],[-11,9],[-8,3],[-1,13],[-9,10],[-9,0],[-2,-22],[6,-2],[4,-8],[2,-26],[-5,-10],[-7,-5],[5,-10],[-1,-4],[-10,0],[-11,8],[-9,-2],[-8,-7],[-1,-9],[-17,-16],[-13,-7],[-4,-18],[-10,-16],[-3,-21],[-4,-9],[-11,-15],[-12,-25],[-6,-9],[-15,-11],[-29,-6],[-12,10],[-8,-1],[-2,-7],[-8,-5],[-1,-13],[-15,-1],[-21,-13],[-23,-8],[-5,-10],[-20,-13],[-13,-4],[-14,-10],[-4,-13],[-12,-17],[-13,-22],[-21,-10],[-5,-6],[2,-16],[-2,-14],[-6,-3],[-4,11],[-5,-1],[-23,-10],[-5,-13],[5,-6],[-14,-5],[-3,-12],[6,-11],[-1,-5],[-10,1],[-8,-9],[4,-4],[10,1],[9,3],[8,8],[6,-4],[4,8],[6,2],[-1,-17],[-9,-13],[9,-22],[-10,-6],[-8,11],[-14,6],[-9,12],[-9,4],[-9,-1],[-12,-13],[1,-6],[-13,-1],[-6,16],[-20,18],[-7,10],[-11,8],[-15,6],[-8,0],[4,11],[-11,10],[-13,6],[-12,-3],[-12,-6],[-2,6],[7,8],[2,9],[8,8],[12,-10],[15,-3],[-2,-6],[10,-8],[0,-6],[12,-7],[20,5],[-13,5],[1,9],[-11,-2],[-3,10],[4,11],[-7,14],[-4,29],[-4,12],[-5,9],[-8,1],[-8,9],[9,5],[-3,25],[-9,10],[-6,14],[-11,5],[-16,16],[-13,11],[-21,14],[-6,7],[-7,2],[0,8],[4,13],[-3,19],[-8,23],[-18,18],[-10,5],[10,5],[-9,14],[-18,4],[-8,-4],[4,-5],[9,0],[7,-9],[-8,-4],[-8,9],[-10,2],[-14,8],[-7,1],[-21,-8],[-4,-3],[-12,9],[-3,12],[-9,15],[-11,-1],[9,14],[-5,7],[-9,-1],[-14,4],[-5,5],[14,12],[2,5],[-6,12],[-8,10],[1,5],[31,-3],[-4,-8],[5,-9],[5,11],[6,5],[6,11],[-6,20],[-9,14],[-18,15],[-8,1],[-6,-4],[-11,1],[-8,-9],[-13,1],[-8,-9],[-10,3],[3,5],[-2,11],[8,13],[4,-5],[8,7],[-12,17],[-18,14],[-5,-4],[-5,10],[-16,7],[-2,14],[-7,5],[-14,0],[-3,-14],[-4,-1],[-14,7],[-3,6],[-12,-5],[1,-6],[14,-6],[-3,-4],[-9,3],[-5,-4],[-23,4],[-6,-5],[-18,7],[-10,-3],[-20,20],[-10,2],[-7,-3],[-3,8],[-7,3],[-29,23],[-10,2],[-20,0],[-16,3],[-15,-2],[-9,-3],[-5,-6],[7,-9],[-14,2],[-10,0],[-11,-4],[-20,0],[-15,9],[-18,19],[-34,18],[-31,21],[-53,27],[-42,16],[-36,12],[-9,1],[-10,-4],[-21,-14],[-35,-10],[-9,-1],[-20,0],[-33,4],[-51,0],[-10,3],[-24,0],[-17,-4],[-29,1],[-41,-6],[-47,-2],[-19,-4],[-19,0],[-17,-3],[-18,0],[-14,-5],[-30,-2]],[[5447,6317],[81,0],[81,0],[82,0],[81,0],[82,0],[81,0],[82,0],[81,0],[0,-83],[0,-82],[0,-82],[0,-83],[0,-82],[0,-83],[0,-82],[0,-82]],[[7290,3516],[10,-2],[15,2],[-10,-11],[-9,2],[-8,5],[2,4]],[[7041,3566],[1,-8],[-18,8],[-14,-3],[-17,3],[14,12],[22,3],[7,-12],[5,-3]],[[7046,3609],[13,2],[8,-3],[7,-8],[-17,-3],[-14,-11],[-15,6],[-3,9],[12,11],[9,-3]],[[8046,3788],[-4,-5],[-12,-4],[-24,-1],[0,4],[-15,5],[10,-12],[-1,-6],[-7,-5],[-13,-18],[-11,-2],[-4,-6],[-14,-2],[-12,-9],[-30,0],[-9,-3],[-10,2],[-17,0],[-8,3],[-9,-3],[-33,0],[-9,-1],[-25,0],[-14,-6],[-26,3],[-64,-3],[-38,-7],[-47,-14],[-34,-15],[-37,-21],[-42,-30],[-47,-39],[-21,-17],[-22,-22],[-22,-15],[-42,-8],[-15,0],[-9,-5],[-16,0],[-15,-4],[-5,-4],[-13,9],[-21,-1],[-6,-3],[-10,-9],[12,-14],[5,0],[6,-20],[7,1],[8,8],[10,3],[10,15],[6,-5],[-1,-6],[3,-19],[-7,-5],[-3,-17],[7,-1],[3,-8],[-11,-5],[-2,-11],[-7,-1],[-14,8],[3,11],[-9,4],[-8,9],[-3,13],[-15,15],[-19,11],[-16,-3],[-3,-14],[-14,-3],[-5,3],[-5,15],[-15,29],[-4,10],[-16,3],[-20,-9],[-9,0],[-6,4],[-13,18],[-14,6],[-12,2],[9,9],[-1,13],[5,6],[12,-2],[11,9],[-9,10],[1,6],[-10,14],[-10,4],[-29,-1],[-12,-11],[-8,-12],[3,-3],[2,-14],[-20,3],[-9,-8],[-7,-2],[-8,-10],[-15,-1],[-15,3],[-34,29],[4,2],[12,-8],[20,1],[19,7],[2,8],[7,5],[3,7],[18,20],[2,7],[-4,17],[-6,6],[-12,6],[-6,8],[-4,13],[-10,7],[-6,-7],[-18,0],[-5,-9],[-15,-6],[-14,-11],[-24,-6],[-8,-8],[-15,-5],[-13,0],[-7,-9],[35,-7],[13,3],[15,9],[16,-9],[-3,-12],[-5,-1],[-8,-8],[0,-6],[-26,-1],[-9,-3],[-10,3],[-9,-2],[-20,-12],[-13,-10],[-8,-1],[-6,-6],[-11,-3],[-4,-5],[-14,-4],[-12,-10],[-4,-9],[-8,-2],[-8,-13],[-13,-11],[-31,-8],[-9,-14],[-11,-3],[-8,-8],[-8,-3],[-19,13],[-16,7],[-9,2],[-20,-1],[-9,4],[-5,7],[-13,10],[-13,6],[-24,4],[-30,9],[-10,9],[-24,14],[-30,15],[-10,0],[-15,8],[-19,1],[-19,-9],[-11,2],[-18,7],[-23,14],[-8,4],[-40,5],[-20,-5],[-9,-6],[-3,-6],[8,-11],[-11,-1],[-13,-9],[-8,10],[-16,3],[-2,-6],[-11,3],[6,11],[-6,10],[-34,26],[-18,10],[-36,15]],[[8810,6006],[13,0],[-9,-20],[-11,-47],[-11,-2],[-3,6],[4,16],[-3,5],[3,16],[-3,9],[8,12],[0,10],[12,-5]],[[8797,6019],[-7,19],[-4,5],[-3,18],[1,13],[-2,8],[5,5],[15,6],[3,-9],[-9,-27],[-1,-20],[3,-11],[-1,-7]],[[8766,6594],[-1,-27],[5,-15],[12,-10],[3,-8],[-23,-54],[-23,-45],[-17,-45],[4,-12],[-4,-14],[-6,-3],[-12,15],[0,8],[-3,11],[-6,7],[-2,13],[8,6],[3,20],[8,8],[7,15],[-3,12],[2,8],[-11,4],[5,8],[24,15],[7,6],[10,13],[5,16],[-2,9],[-10,16],[-7,7],[7,14],[19,12],[1,-10]],[[8354,6786],[-6,-2],[-2,9],[-5,6],[4,5],[8,-13],[1,-5]],[[8278,6877],[7,1],[2,-6],[13,-3],[11,-6],[11,-1],[-3,-14],[5,-17],[8,-4],[2,-16],[-5,-5],[-13,-1],[-10,10],[-2,8],[-11,15],[-9,6],[-19,25],[8,3],[5,5]],[[7994,7101],[-4,10],[5,10],[5,-6],[-6,-14]],[[8174,7131],[-7,-9],[-13,9],[10,15],[4,-10],[6,-5]],[[8054,7173],[2,-5],[-9,-7],[-8,2],[15,10]],[[8033,7148],[-7,-1],[-2,17],[3,10],[10,-5],[0,-9],[-4,-12]],[[8119,7270],[-4,-5],[-10,4],[5,6],[9,-5]],[[7845,7575],[-6,-12],[-10,1],[-8,10],[7,6],[-3,4],[4,15],[4,0],[3,-14],[9,-10]],[[7831,7622],[-8,-12],[2,-8],[-14,-1],[0,7],[16,18],[4,-4]],[[7722,7629],[-6,-3],[-1,12],[6,1],[1,-10]],[[7373,7831],[1,-8],[-12,-7],[-9,10],[12,6],[8,-1]],[[7322,7913],[-2,-6],[-10,-1],[0,11],[7,3],[5,-7]],[[7235,8025],[14,-3],[-5,-11],[2,-8],[9,-15],[6,-4],[-8,-12],[-6,-6],[-15,6],[-5,20],[-8,11],[-9,6],[-6,7],[6,4],[21,-7],[0,11],[4,1]],[[5787,8272],[-10,-2],[-17,0],[-7,5],[8,5],[5,8],[8,8],[9,-7],[4,-17]],[[5815,8415],[3,-4],[-1,-13],[-6,2],[-9,-2],[-6,-6],[-6,11],[-6,5],[-6,-7],[-7,0],[0,-9],[-6,-3],[1,-9],[-6,-12],[-7,4],[-6,-1],[-3,-9],[-15,-7],[-14,0],[-10,11],[-1,-9],[-9,-9],[-2,13],[4,5],[4,16],[8,7],[3,9],[8,4],[6,8],[9,3],[10,0],[25,6],[12,6],[13,1],[6,-7],[14,-4]],[[6794,8913],[5,11],[4,-4],[-9,-7]],[[5447,8395],[13,-16],[9,-4],[18,-14],[20,-7],[7,-5],[14,1],[26,-11],[11,4],[24,-1],[6,-6],[15,-7],[11,-2],[14,-6],[23,-2],[14,-6],[5,-14],[7,-5],[14,-7],[-4,-7],[0,-12],[5,-19],[10,-18],[14,-13],[9,-3],[19,-1],[8,-2],[15,-10],[15,-11],[14,-14],[35,-8],[6,-4],[21,-7],[6,-11],[10,-8],[25,-2],[27,3],[36,7],[8,6],[14,1],[13,9],[7,1],[20,15],[9,2],[5,8],[17,6],[5,7],[6,16],[4,27],[6,7],[6,26],[-2,12],[22,29],[7,19],[8,1],[17,20],[6,14],[2,15],[6,3],[7,14],[2,12],[-3,8],[6,10],[7,21],[0,9],[4,9],[12,22],[-10,31],[5,8],[1,11],[8,45],[10,37],[18,42],[2,15],[4,8],[9,9],[-1,11],[4,4],[3,14],[-7,19],[-7,10],[-12,57],[-1,14],[-5,16],[3,18],[13,34],[2,19],[-4,18],[-22,29],[-3,18],[1,19],[12,45],[7,18],[8,12],[7,20],[5,-2],[8,21],[-1,9],[-11,13],[-3,9],[-1,15],[-7,16],[9,15],[8,2],[12,8],[8,10],[12,33],[9,-4],[7,-7],[2,-13],[0,-15],[10,-1],[-7,20],[18,6],[-2,3],[-16,3],[-6,7],[-9,7],[24,14],[-7,2],[-7,-3],[-16,-1],[-6,3],[-10,12],[-9,3],[9,6],[-15,8],[-2,-19],[2,-4],[-15,-4],[-1,8],[22,47],[3,14],[10,9],[2,12],[5,8],[3,14],[7,10],[8,9],[6,-5],[4,-17],[13,6],[10,-7],[2,7],[-9,12],[-8,2],[-1,17],[4,19],[9,12],[1,11],[26,81],[0,22],[6,19],[0,19],[-3,18],[1,7],[5,5],[32,6],[17,18],[6,16],[5,7],[22,1],[14,-8],[-3,-7],[-8,-6],[-3,-7],[-8,-3],[0,-16],[6,0],[5,12],[11,0],[4,-13],[14,-9],[9,-1],[3,-9],[8,-15],[1,-13],[3,-6],[-3,-5],[1,-19],[9,-6],[6,-19],[-10,-19],[4,-4],[-1,-15],[5,-9],[1,-28],[-1,-19],[3,-7],[22,-16],[10,-1],[12,5],[10,-1],[18,-16],[-22,-33],[-4,-3],[1,-22],[-3,-18],[6,-3],[18,0],[14,-10],[5,-10],[1,-13],[3,-9],[7,-5],[14,-4],[10,-8],[-7,-12],[2,-3],[-7,-11],[-3,-16],[3,-11],[7,-3],[6,4],[12,-2],[10,6],[-10,-20],[3,-7],[-1,-27],[5,-27],[0,-29],[9,-10],[6,-13],[-3,-14],[3,-5],[-7,-17],[-7,-36],[6,-15],[8,-12],[1,-9],[4,-6],[15,-13],[3,-22],[1,-21],[9,-28],[7,-14],[11,-12],[6,-4],[20,-5],[8,1],[17,9],[10,10],[11,7],[4,8],[1,17],[11,1],[4,-9],[10,-3],[32,15],[7,18],[7,-3],[16,-20],[-3,-8],[2,-14],[8,2],[3,-5],[-4,-8],[1,-15],[7,-6],[6,-10],[17,1],[9,-11],[19,-2],[5,-2],[6,-11],[1,-12],[16,-13],[9,-2],[21,-10],[15,1],[-1,-10],[13,-15],[15,1],[-3,-6],[-19,-27],[-2,-16],[5,-16],[8,-4],[10,6],[0,-9],[-9,-3],[-4,-8],[0,-12],[-6,-3],[5,-23],[-1,-9],[8,-6],[3,-6],[-2,-11],[11,-24],[-1,-14],[3,-4],[-4,-9],[0,-7],[16,-19],[7,-15],[0,-9],[-6,-22],[5,-3],[1,-13],[-10,-14],[0,-16],[-3,-8],[6,-7],[7,-1],[4,-11],[8,-8],[3,-7],[10,-16],[11,-9],[7,-3],[8,-13],[6,-3],[4,-11],[8,-8],[-8,-8],[6,-8],[4,7],[11,10],[9,-5],[8,7],[8,0],[-3,-13],[-7,-9],[-6,-15],[2,-7],[5,-3],[9,-17],[3,-17],[8,-11],[5,-14],[9,-8],[1,-25],[-1,-2],[8,-13],[6,-6],[3,-7],[-7,-8],[-3,-8],[1,-14],[-3,-14],[3,-10],[-2,-12],[-6,-14],[-10,-19],[-4,-16],[4,-23],[17,-19],[13,-4],[5,-3],[1,-10],[5,-15],[14,-7],[14,0],[-1,-10],[-4,-17],[-6,-14],[-3,-36],[8,-10],[4,-8],[17,-12],[8,-10],[7,-6],[12,-5],[6,-7],[5,-1],[15,-8],[8,-3],[12,5],[13,-14],[21,-15],[16,4],[9,11],[2,9],[8,-11],[-3,-10],[2,-6],[16,-21],[7,3],[21,-5],[5,2],[30,0],[6,4],[22,-28],[6,-20],[3,-5],[1,-11],[-1,-8],[4,-7],[16,-16],[22,-2],[-7,17],[-1,15],[16,-5],[5,-5],[3,-20],[8,-11],[11,-7],[14,-1],[2,6],[11,2],[13,-13],[14,-2],[12,-4],[12,-16],[-7,-4],[-2,-6],[8,-4],[5,-7],[17,-9],[3,-6],[8,1],[1,10],[4,4],[-7,6],[-2,6],[5,4],[8,-5],[5,0],[10,5],[1,-12],[4,-13],[6,-1],[-1,-8],[11,5],[6,-11],[-1,-7],[12,5],[4,4],[10,-8],[-3,-4],[13,-14],[-2,-9],[2,-7],[16,-11],[0,-9],[-5,-5],[-7,2],[-9,8],[1,5],[-5,8],[-8,-9],[-15,4],[4,-10],[-5,-9],[-9,-3],[8,-17],[6,0],[4,-19],[6,-3],[5,-8],[6,2],[6,-6],[6,-12],[8,-7],[13,1],[12,-11],[4,-13],[11,2],[3,-5],[9,-1],[5,-9],[13,-11],[0,-8],[-8,-13],[0,-8],[6,-12],[15,-2],[0,-8],[6,-13],[-5,-7],[9,-3],[-10,-8],[3,-11],[11,4],[8,-2],[0,-7],[8,-11],[4,2],[4,8],[7,-7],[-12,-11],[0,-9],[7,-13],[-8,-7],[-1,-8],[9,-17],[-1,-9],[2,-10],[9,-13],[3,-19],[8,-13],[0,-8],[8,-11],[-4,-9],[13,-6],[11,-16],[-2,-23],[8,4],[12,10],[3,8],[7,0],[8,-11],[3,-6],[18,-15],[8,-16],[10,-8],[-6,20],[-14,33],[-4,5],[-3,18],[14,30],[14,4],[5,-3],[6,-13],[6,-8],[5,-3],[1,-8],[6,-5],[-2,-5],[8,-10],[19,-5],[12,-8],[10,-5],[13,-10],[11,-3],[21,-17],[-8,18],[2,5],[-8,6],[-2,12],[2,13],[5,10],[7,-5],[8,0],[5,-9],[11,-13],[10,-3],[0,-5],[-7,-9],[-6,4],[-6,-4],[10,-9],[1,-14],[7,3],[2,17],[6,-8],[-2,-12],[6,-6],[4,-10],[-7,-33],[-1,-16],[-10,-2],[7,-8],[-2,-6],[3,-10],[-4,-18],[1,-8],[7,-5],[-1,-7],[8,-14],[-9,-7],[5,-23],[14,-14],[-4,-9],[6,-12],[11,7],[20,-9],[3,-7],[6,-2],[12,-12],[8,-21],[5,-7],[20,-4],[4,-8],[4,0],[7,-8],[12,-12],[10,-13],[4,5],[10,-4],[7,-5],[-1,-12],[6,-3],[3,8],[9,2],[9,-8],[4,5],[-4,8],[-9,5],[0,5],[12,0],[12,-9],[-5,-4],[6,-5],[9,9],[1,-14],[6,-12],[9,-7],[10,-1],[7,-7],[16,-44],[12,-23],[5,-4],[9,-13],[6,-6],[33,-23],[22,-5],[14,-13],[5,-9],[1,-10],[2,-23],[18,-27],[9,-5],[1,-13],[9,-9],[15,-3],[15,-6],[8,2],[13,-3],[4,-28],[-10,-6],[1,-6],[12,7],[-1,-8],[6,-5],[-11,-10],[-4,-9],[2,-13],[-3,-10],[11,-14],[8,-2],[9,-14],[3,-17],[5,0],[6,8],[7,-15],[17,-3],[-12,-25],[-14,-48],[-1,-8],[3,-11],[11,-6],[-5,-14],[-1,-41],[2,-7],[7,-2],[-2,-14],[2,-12],[-2,-9],[2,-18],[12,-26],[1,-7],[-4,-5],[-8,3],[-16,-5],[-10,-14],[5,-6],[13,1],[-1,-10],[-9,-7],[-2,-8],[5,-5],[14,-4],[6,-7],[1,-10],[5,-8],[9,-2],[13,-23],[2,-17],[6,-7],[2,-8],[12,-13],[-2,-6],[10,0],[-3,-11],[0,-17],[-7,-4],[10,-6],[1,-20],[12,-17]],[[6377,9675],[-17,-4],[-4,-8],[-8,3],[-8,16],[1,6],[20,13],[16,-26]],[[6381,9693],[-6,-2],[-6,9],[3,5],[7,1],[7,-8],[-5,-5]],[[6384,9785],[-6,-10],[-19,9],[3,14],[4,3],[13,1],[5,-3],[5,-9],[-5,-5]],[[6351,9792],[-6,2],[-8,8],[-1,4],[10,15],[6,-2],[6,-9],[-1,-10],[-6,-8]],[[6483,9970],[2,-3],[-11,-9],[-19,0],[-7,2],[0,8],[6,2],[12,-2],[17,2]],[[6372,9988],[-18,1],[-3,8],[9,2],[16,-5],[-4,-6]],[[7480,2498],[-10,-26],[-17,3],[-2,9],[-6,4],[-4,-14],[-8,-3],[-13,16],[5,3],[11,-8],[4,12],[-2,7],[15,2],[-2,6],[12,12],[6,2],[5,-17],[6,-8]],[[7496,2529],[-17,-4],[-3,7],[9,6],[-20,7],[8,14],[6,6],[8,-9],[9,-27]],[[7656,2659],[-5,-4],[-17,0],[7,-12],[-20,-2],[7,13],[-7,4],[3,9],[12,7],[11,-2],[4,-10],[5,-3]],[[7691,2723],[-12,6],[8,3],[4,-9]],[[6916,3081],[6,2],[22,-6],[19,0],[16,-9],[4,-5],[10,-3],[3,7],[31,-3],[14,-9],[14,-1],[8,-4],[17,5],[3,-9],[19,-8],[19,-2],[7,-10],[11,-9],[13,-4],[14,-1],[2,-4],[11,-1],[22,-11],[9,-2],[20,-7],[31,-3],[15,1],[27,7],[3,-8],[14,9],[6,8],[19,6],[9,-3],[5,-8],[0,-9],[12,-3],[10,8],[-11,2],[-7,5],[3,13],[20,5],[19,9],[4,-3],[29,-3],[25,14],[12,0],[5,-8],[10,-6],[8,-1],[16,13],[17,23],[15,4],[11,-9],[8,3],[14,-9],[14,5],[7,4],[9,23],[6,3],[24,-9],[10,-13],[15,-1],[17,-18],[9,-17],[-13,-10],[8,-4],[-8,-19],[0,-11],[10,-12],[3,-15],[-11,-28],[0,-19],[6,-8],[1,-12],[-6,-13],[5,-14],[-10,-11],[6,-16],[8,-9],[-6,-19],[0,-11],[14,-13],[-10,-13],[10,-3],[-2,-13],[-7,-8],[-12,6],[8,12],[-7,9],[9,5],[-19,13],[-14,3],[13,6],[5,9],[-21,-2],[2,-17],[-14,-5],[-4,-21],[-7,-6],[-2,-7],[-10,-14],[8,0],[2,-6],[-6,-4],[2,-17],[-1,-16],[-9,-7],[-8,5],[-9,-4],[10,-11],[5,-13],[-1,-15],[-14,-9],[1,-19],[6,2],[6,-8],[7,1],[5,-8],[-3,-6],[4,-8],[-10,-9],[3,-25],[5,-11],[-8,-10],[-13,9],[-8,8],[-6,-13],[-10,-9],[-4,6],[-16,12],[-1,6],[11,6],[-21,8],[-6,11],[3,4],[10,4],[-1,8],[12,0],[-3,-13],[15,-9],[6,-1],[16,4],[-12,16],[2,13],[-17,0],[-7,3],[-9,-1],[-14,7],[-9,9],[-18,-7],[4,-15],[8,-12],[-10,-11],[-16,-5],[10,15],[-4,4],[3,12],[-12,-4],[-3,8],[-12,6],[-12,16],[-8,0],[12,-13],[9,-17],[-6,-12],[0,-14],[-13,7],[-4,-3],[10,-13],[-9,-7],[-2,-10],[2,-20],[-11,-7],[-11,4],[1,6],[-15,2],[6,7],[-5,5],[-10,-5],[-6,4],[-1,15],[-10,-4],[-1,-15],[21,-12],[8,-10],[-23,-27],[1,-8],[-14,-8],[1,-9],[-10,-5],[10,-5],[-3,-7],[-15,-6],[-16,7],[-16,-5],[-8,10],[-14,6],[-8,18],[-13,-13],[-29,1],[-8,6],[-8,-6],[-9,9],[-12,0],[-2,-9],[-11,6],[-15,-8],[-12,-3],[2,16],[-10,22],[2,8],[19,-2],[13,-10],[7,7],[14,-4],[-2,14],[-16,9],[-6,-10],[-10,1],[-7,6],[-6,-7],[-10,9],[-3,13],[-11,5],[1,-10],[-10,-2],[9,-9],[-18,1],[-5,11],[-1,8],[-10,7],[-6,10],[0,7],[-13,1],[4,10],[-12,5],[-11,14],[-15,1],[-9,9],[-17,32],[-6,4],[1,11],[-4,11],[-6,1],[-4,8],[-9,4],[7,8],[-11,12],[-2,8],[2,8],[-9,27],[0,13],[23,-9],[5,-8],[20,-10],[8,-29],[4,3],[0,16],[9,-2],[7,16],[-9,6],[-11,-1],[-21,20],[-5,16],[-4,5],[-10,-9],[-11,-3],[9,16],[-4,18],[-9,17],[-12,11],[-20,14],[-15,23],[-7,7],[-7,1],[-3,13],[-10,23],[-16,22],[-10,7],[7,5],[-3,12],[-18,25],[2,12],[-6,10],[2,9],[-15,19],[7,5],[-4,9],[8,7],[9,3],[2,17],[-4,23],[2,10],[6,0],[9,-15]],[[6977,3091],[-26,-9],[-12,1],[-1,12],[14,11],[3,-6],[22,-9]],[[7663,3113],[-19,4],[-3,7],[6,4],[26,5],[-10,-20]],[[6922,3147],[-1,-17],[-5,-5],[0,-13],[-8,4],[0,12],[4,8],[10,11]],[[6947,3139],[-8,-1],[-9,9],[8,1],[6,9],[14,-4],[-2,-12],[-9,-2]],[[7705,3161],[7,-2],[11,-12],[-13,-6],[-3,-8],[-15,5],[-3,7],[-7,0],[-14,-6],[-3,4],[-29,-2],[-11,6],[-6,0],[2,11],[13,6],[14,1],[12,-5],[4,6],[15,2],[9,6],[5,-1],[12,-12]],[[7566,3220],[-4,4],[2,9],[7,0],[-5,-13]],[[7608,3304],[41,-41],[5,-8],[10,-4],[19,-2],[-1,-22],[-12,-10],[6,-4],[7,6],[8,-17],[-6,-14],[-20,8],[-5,-9],[-15,-6],[-11,4],[-7,7],[4,4],[-10,9],[1,6],[-6,9],[-8,2],[-3,9],[-12,3],[5,12],[-6,18],[-11,-4],[-15,7],[8,7],[12,5],[2,14],[11,3],[9,8]],[[6765,3229],[-32,-16],[-8,4],[-3,12],[4,4],[-1,15],[-11,7],[1,16],[4,4],[1,32],[7,2],[11,8],[-3,14],[11,4],[22,-12],[6,-12],[-2,-9],[5,-19],[-5,-19],[9,-7],[-1,-12],[-6,-11],[-9,-5]]],"transform":{"scale":[0.0046048387390739106,0.004551431705670572],"translate":[112.91944420700008,-54.749932549999876]}}