{"type":"Topology","objects":{"states":{"type":"GeometryCollection","geometries":[{"type":"Polygon","properties":{"name":"Ağstafa"},"id":"AZE-1676","arcs":[[0,1,2,3]]},{"type":"Polygon","properties":{"name":"Daşkəsən"},"id":"AZE-1677","arcs":[[4,5,6,7,8]]},{"type":"Polygon","properties":{"name":"Gədəbəy"},"id":"AZE-1678","arcs":[[-8,9,10,11]]},{"type":"Polygon","properties":{"name":"Gəncə"},"id":"AZE-1679","arcs":[[12,13]]},{"type":"Polygon","properties":{"name":"Xanlar"},"id":"AZE-1680","arcs":[[-13,14,15,16,-5,17,18]]},{"type":"Polygon","properties":{"name":"Goranboy"},"id":"AZE-1681","arcs":[[19,20,-16,21,22]]},{"type":"Polygon","properties":{"name":"Kəlbəcər"},"id":"AZE-1682","arcs":[[-17,-21,23,24,25,26,27,-6]]},{"type":"Polygon","properties":{"name":"Mingəçevir"},"id":"AZE-1683","arcs":[[28]]},{"type":"Polygon","properties":{"name":"Qazax"},"id":"AZE-1684","arcs":[[29,-3]]},{"type":"Polygon","properties":{"name":"Şəmkir"},"id":"AZE-1685","arcs":[[-18,-9,-12,30,31]]},{"type":"Polygon","properties":{"name":"Samux"},"id":"AZE-1686","arcs":[[32,-22,-15,-14,-19,-32,33,34]]},{"type":"Polygon","properties":{"name":"Tovuz"},"id":"AZE-1687","arcs":[[-34,-31,-11,35,-1,36]]},{"type":"Polygon","properties":{"name":"Yevlakh Rayon"},"id":"AZE-1688","arcs":[[37,38,39,40,-23,41],[-29],[42]]},{"type":"Polygon","properties":{"name":"Bakı"},"id":"AZE-1689","arcs":[[43,44,45,46,47],[48]]},{"type":"MultiPolygon","properties":{"name":"Abşeron"},"id":"AZE-1690","arcs":[[[-49]],[[-46,49,50,51,52]]]},{"type":"Polygon","properties":{"name":"Ağdam"},"id":"AZE-1691","arcs":[[53,54,55,56,-25,57]]},{"type":"Polygon","properties":{"name":"Ağdaş"},"id":"AZE-1692","arcs":[[58,59,60,61,62,-39,63]]},{"type":"Polygon","properties":{"name":"Ağsu"},"id":"AZE-1693","arcs":[[64,65,66,67]]},{"type":"Polygon","properties":{"name":"Hajigabul"},"id":"AZE-1694","arcs":[[-50,-45,68,69,70,71,-65,72,73]]},{"type":"Polygon","properties":{"name":"Astara"},"id":"AZE-1695","arcs":[[74,75,76]]},{"type":"Polygon","properties":{"name":"Bərdə"},"id":"AZE-1696","arcs":[[77,78,-54,79,-40,-63]]},{"type":"Polygon","properties":{"name":"Beyləqan"},"id":"AZE-1697","arcs":[[80,81,82,83,84]]},{"type":"Polygon","properties":{"name":"Biləsuvar"},"id":"AZE-1698","arcs":[[85,86,87,88,89,90]]},{"type":"Polygon","properties":{"name":"Cəbrayıl"},"id":"AZE-1699","arcs":[[91,92,93,94,95]]},{"type":"Polygon","properties":{"name":"Cəlilabad"},"id":"AZE-1700","arcs":[[96,97,98,99,-89]]},{"type":"Polygon","properties":{"name":"Dəvəçi"},"id":"AZE-1701","arcs":[[100,101,102,103,104,105]]},{"type":"Polygon","properties":{"name":"Füzuli"},"id":"AZE-1702","arcs":[[106,-92,107,108,-83]]},{"type":"Polygon","properties":{"name":"Göyçay"},"id":"AZE-1703","arcs":[[109,110,-60,111,112]]},{"type":"Polygon","properties":{"name":"İmişli"},"id":"AZE-1704","arcs":[[113,114,-91,115,-81,116,117]]},{"type":"Polygon","properties":{"name":"İsmayıllı"},"id":"AZE-1705","arcs":[[118,-67,119,-113,120,121]]},{"type":"Polygon","properties":{"name":"Kürdəmir"},"id":"AZE-1706","arcs":[[-72,122,-118,123,124,-110,-120,-66]]},{"type":"MultiPolygon","properties":{"name":"Lankaran"},"id":"AZE-1707","arcs":[[[125,-76,126,127]],[[128,129,130]]]},{"type":"Polygon","properties":{"name":"Masallı"},"id":"AZE-1708","arcs":[[131,-130,132,-128,133,134,-98]]},{"type":"Polygon","properties":{"name":"Lerik"},"id":"AZE-1709","arcs":[[-127,-75,135,136,-134]]},{"type":"Polygon","properties":{"name":"Neftçala"},"id":"AZE-1710","arcs":[[137,-131,-132,-97,138]]},{"type":"Polygon","properties":{"name":"Qobustan"},"id":"AZE-1711","arcs":[[-51,-74,139,140]]},{"type":"Polygon","properties":{"name":"Siyəzən"},"id":"AZE-1712","arcs":[[141,142,-102]]},{"type":"Polygon","properties":{"name":"Saatlı"},"id":"AZE-1713","arcs":[[-86,-115,143]]},{"type":"Polygon","properties":{"name":"Sabirabad"},"id":"AZE-1714","arcs":[[144,145,-87,-144,-114,-123,-71]]},{"type":"Polygon","properties":{"name":"Salyan"},"id":"AZE-1715","arcs":[[-44,146,-139,-88,-146,147,-69]]},{"type":"Polygon","properties":{"name":"Şamaxı"},"id":"AZE-1716","arcs":[[-104,148,-140,-73,-68,-119,149]]},{"type":"Polygon","properties":{"name":"Sumqayıt"},"id":"AZE-1717","arcs":[[-47,-53,150,151]]},{"type":"Polygon","properties":{"name":"Ucar"},"id":"AZE-1718","arcs":[[-111,-125,152,-61]]},{"type":"Polygon","properties":{"name":"Xizı"},"id":"AZE-1719","arcs":[[153,-151,-52,-141,-149,-103,-143]]},{"type":"Polygon","properties":{"name":"Yardımlı"},"id":"AZE-1720","arcs":[[-135,-137,154,-99]]},{"type":"Polygon","properties":{"name":"Zərdab"},"id":"AZE-1721","arcs":[[-124,-117,-85,155,-78,-62,-153]]},{"type":"Polygon","properties":{"name":"Ağcabədi"},"id":"AZE-1722","arcs":[[-84,-109,156,-55,-79,-156]]},{"type":"Polygon","properties":{"name":"Balakən"},"id":"AZE-1723","arcs":[[157,158]]},{"type":"Polygon","properties":{"name":"Qəbələ"},"id":"AZE-1724","arcs":[[159,160,-121,-112,-59,161,162,163]]},{"type":"Polygon","properties":{"name":"Oğuz"},"id":"AZE-1725","arcs":[[-163,164,165]]},{"type":"Polygon","properties":{"name":"Qax"},"id":"AZE-1726","arcs":[[166,-42,-33,167,168,169]]},{"type":"Polygon","properties":{"name":"Şəki"},"id":"AZE-1727","arcs":[[-165,-162,-64,-38,-167,170],[171]]},{"type":"Polygon","properties":{"name":"Quba"},"id":"AZE-1728","arcs":[[-105,-150,-122,-161,172,173]]},{"type":"Polygon","properties":{"name":"Qusar"},"id":"AZE-1729","arcs":[[-173,-160,174,175]]},{"type":"Polygon","properties":{"name":"Xaçmaz"},"id":"AZE-1730","arcs":[[-106,-174,-176,176]]},{"type":"Polygon","properties":{"name":"Zaqatala"},"id":"AZE-1731","arcs":[[-169,177,-158,178]]},{"type":"Polygon","properties":{"name":"Xocavənd"},"id":"AZE-1734","arcs":[[-157,-108,-96,179,180,181,182,-56]]},{"type":"Polygon","properties":{"name":"Lankaran"},"id":"AZE-1735","arcs":[[183,-181,184,185,-27,186]]},{"type":"Polygon","properties":{"name":"Qubadli"},"id":"AZE-1736","arcs":[[-95,187,188,-185,-180]]},{"type":"Polygon","properties":{"name":"Şuşa"},"id":"AZE-1737","arcs":[[-182,-184,189]]},{"type":"Polygon","properties":{"name":"Tərtər"},"id":"AZE-1738","arcs":[[-80,-58,-24,-20,-41]]},{"type":"Polygon","properties":{"name":"Xocalı"},"id":"AZE-1739","arcs":[[-183,-190,-187,-26,-57]]},{"type":"Polygon","properties":{"name":"Zəngilan"},"id":"AZE-1740","arcs":[[190,-188,-94]]},{"type":"Polygon","properties":{"name":"Sədərək"},"id":"AZE-2415","arcs":[[191,192]]},{"type":"Polygon","properties":{"name":"Ordubad"},"id":"AZE-2418","arcs":[[193,194]]},{"type":"Polygon","properties":{"name":"Şərur"},"id":"AZE-2419","arcs":[[195,196,-193,197]]},{"type":"Polygon","properties":{"name":"Babək"},"id":"AZE-2420","arcs":[[198,199,200,201,202,203,204]]},{"type":"Polygon","properties":{"name":"Culfa"},"id":"AZE-2421","arcs":[[-194,205,-202,206,-200,207,208]]},{"type":"Polygon","properties":{"name":"Naxçıvan"},"id":"AZE-2422","arcs":[[-201,-207]]},{"type":"Polygon","properties":{"name":"Şahbuz"},"id":"AZE-2423","arcs":[[-208,-199,209]]},{"type":"Polygon","properties":{"name":"Shirvan"},"id":"AZE-5563","arcs":[[-148,-145,-70]]},{"type":"Polygon","properties":{"name":"Şəki"},"id":"AZE-5564","arcs":[[-172]]},{"type":"Polygon","properties":{"name":"Yevlakh"},"id":"AZE-5566","arcs":[[-43]]},{"type":"Polygon","properties":{"name":"Kangarli"},"id":"AZE-5567","arcs":[[-204,210,-196,211]]}]}},"arcs":[[[1779,8115],[-124,-77],[-82,-121],[-157,-48],[44,-166],[-73,-169],[-108,-37],[-85,-194]],[[1194,7303],[-109,181]],[[1085,7484],[-26,298],[56,267],[-11,105],[-208,31],[-227,131],[-91,136]],[[578,8452],[271,271],[116,20],[119,-74],[149,13],[84,-102],[257,-121],[117,-28],[-63,-132],[151,-184]],[[2331,6441],[220,-189],[-123,-228],[166,-206],[-1,-86],[-82,-111],[-43,-151]],[[2468,5470],[-125,-16],[-236,37],[-101,-48],[-16,-104]],[[1990,5339],[-124,101]],[[1866,5440],[68,311],[-61,155],[31,182],[128,96]],[[2032,6184],[143,242],[70,71],[86,-56]],[[1866,5440],[-417,291],[-106,121],[-146,358],[-101,124],[-26,188],[45,96],[142,113]],[[1257,6731],[22,-126],[174,-72],[32,-139],[128,-102],[44,56],[22,222],[-8,250],[23,125]],[[1694,6945],[155,-320],[144,-155],[40,-89],[-1,-197]],[[2925,6551],[-117,-180],[-85,100],[75,192]],[[2798,6663],[91,-2],[36,-110]],[[2925,6551],[106,-11]],[[3031,6540],[48,-137],[13,-259],[-146,-188],[-133,-215],[-54,-163],[-2,-198]],[[2757,5380],[-149,27],[-140,63]],[[2331,6441],[65,57],[179,63],[55,294],[55,118]],[[2685,6973],[113,-310]],[[3840,5963],[-227,-218],[-133,0],[-274,-160],[-62,-99]],[[3144,5486],[-187,-144],[-200,38]],[[3031,6540],[31,133],[104,121],[-9,59],[233,281],[157,220]],[[3547,7354],[-5,-348],[-46,-226],[41,-84],[132,-63],[-100,-180],[104,-10],[107,-69],[7,-247],[122,-36],[-69,-128]],[[3144,5486],[-62,-240],[59,-274],[80,54],[107,-13],[135,-149],[87,-180]],[[3550,4684],[-113,-42]],[[3437,4642],[-139,-59],[-95,-111],[-103,76],[-105,-78]],[[2995,4470],[-432,-184],[-254,-56],[-91,108],[-69,-165],[-168,-167]],[[1981,4006],[-119,124],[-93,237],[-88,82],[-186,24],[-63,99],[114,90],[293,-59],[125,15],[64,208],[74,99],[50,305],[-97,121],[-65,-12]],[[3890,6823],[137,-16],[36,-71],[-144,-71],[-29,158]],[[1085,7484],[-83,-51],[-203,59],[-275,277],[177,-10],[36,141],[-94,89],[-147,12],[-89,281],[171,170]],[[1694,6945],[30,158],[221,199],[60,166],[86,20],[179,-27],[117,108],[168,273]],[[2555,7842],[189,-341],[-90,-428],[31,-100]],[[3289,7762],[205,-104],[53,-304]],[[2555,7842],[-209,135]],[[2346,7977],[85,46],[167,-13],[185,-227],[144,-69],[79,-113],[71,-22],[84,150],[128,33]],[[1257,6731],[186,146],[30,181],[-109,38],[-170,207]],[[1779,8115],[90,-66],[265,-116],[87,-13],[125,57]],[[3851,7196],[323,-209],[272,-140]],[[4446,6847],[-73,-328],[21,-190],[-47,-129]],[[4347,6200],[-62,-54],[-62,-166],[-215,-41],[-87,-160]],[[3921,5779],[-81,184]],[[3547,7354],[154,-58],[150,-100]],[[4304,6249],[11,170],[-141,0],[-31,-60],[82,-135],[79,25]],[[8191,3636],[-29,306],[25,110]],[[8187,4052],[-9,146],[-107,257]],[[8071,4455],[94,265],[-14,118],[77,268],[82,161],[-11,462],[132,84],[90,119],[254,20],[80,-30],[248,90],[34,46],[-213,89],[-141,26]],[[8783,6173],[35,93]],[[8818,6266],[191,-59],[217,64],[203,-9],[139,-189],[193,-64],[68,-170],[108,-88],[44,-116],[18,-237],[-252,172],[-147,41],[-165,-15],[-92,-79],[-197,129],[-95,-90],[12,-67],[-123,-110],[-118,-33],[-241,-136],[-151,-180],[7,-170],[-96,-46],[11,-160],[62,-97],[-108,-178],[36,-152],[-87,-260],[52,-208],[-116,-123]],[[8662,5655],[142,45],[-57,113],[-131,-48],[46,-110]],[[8071,4455],[-219,548],[-294,44],[-103,177],[-156,200],[-16,106]],[[7283,5530],[153,-106],[284,339],[162,79],[138,194]],[[8020,6036],[131,6],[116,64],[16,108],[129,198]],[[8412,6412],[69,-56],[121,-210],[181,27]],[[4130,5067],[255,9]],[[4385,5076],[-157,-158],[46,-122],[-116,-81],[-7,-158],[-45,-40],[39,-140],[147,-39],[154,50],[41,-83],[-66,-124]],[[4421,4181],[-114,10],[-51,-91],[-102,30],[-171,125],[-77,-23],[-55,-151],[-138,-77]],[[3713,4004],[127,310],[-136,115],[-45,127],[-222,86]],[[3550,4684],[8,103],[86,234],[209,122],[2,81],[128,-22],[50,-125],[97,-10]],[[4915,6769],[11,-251],[102,-99]],[[5028,6419],[54,-84],[-58,-242]],[[5024,6093],[-69,27],[-120,-52],[-27,-188],[103,-172]],[[4911,5708],[-52,-151],[-92,-113]],[[4767,5444],[-15,151],[-88,23],[-57,211],[-144,182],[15,104],[-131,85]],[[4446,6847],[192,-65],[76,21],[201,-34]],[[6609,5538],[-60,-152]],[[6549,5386],[-100,159],[-104,55],[-7,220],[-149,35],[-103,-105],[-69,81],[-112,41],[52,241]],[[5957,6113],[234,235],[24,53],[176,104],[107,97],[89,259]],[[6587,6861],[118,-235],[-67,-205],[-77,-89],[-20,-120],[118,-113],[124,-5],[145,-111],[-233,-190],[-12,-138],[-74,-117]],[[8187,4052],[-164,185],[-90,-30],[-243,44],[-139,106],[-124,-14]],[[7427,4343],[51,71],[-22,122],[-132,1]],[[7324,4537],[-61,60],[-138,36],[-167,106],[-10,162],[-200,80],[-167,3]],[[6581,4984],[1,330],[-33,72]],[[6609,5538],[143,-47],[211,-134],[111,108],[24,111]],[[7098,5576],[87,-59],[98,13]],[[6720,209],[60,199],[230,123]],[[7010,531],[161,11],[144,49]],[[7315,591],[10,-482],[-172,31],[-121,-108],[-183,-32],[-129,209]],[[4767,5444],[146,-46],[-71,-82]],[[4842,5316],[-302,-263],[-155,23]],[[4130,5067],[-23,205],[8,181],[-94,71],[-76,122],[-24,133]],[[5390,4916],[-76,-86],[123,-167],[-4,-111],[-131,-131],[54,-72],[-42,-186],[252,-232],[-12,-87],[-153,-139],[-16,-95]],[[5385,3610],[-77,-97],[-215,-150]],[[5093,3363],[0,117],[-114,118],[-170,243]],[[4809,3841],[-60,125],[25,128],[117,138],[203,50],[80,170],[37,272],[117,322]],[[5328,5046],[62,-130]],[[6441,3507],[98,116],[190,-136],[74,106]],[[6803,3593],[330,-132]],[[7133,3461],[-47,-295],[68,-115],[-26,-153]],[[7128,2898],[-147,31],[-63,-105],[-10,-166],[-113,-20],[-61,184],[-62,0],[-117,-145],[-117,-88],[-64,44],[-24,172]],[[6350,2805],[-21,111],[-173,226],[-300,446],[-169,164]],[[5687,3752],[111,15],[242,-259],[210,-159],[191,158]],[[4072,3062],[126,-85],[70,-147],[101,23],[74,-76]],[[4443,2777],[-284,-166],[-146,-339],[-119,-84],[-156,14]],[[3738,2202],[-78,179]],[[3660,2381],[-120,98],[-34,175],[-60,126],[54,139]],[[3500,2919],[137,-42],[35,217],[100,-63],[10,-72],[135,-149],[138,52],[-21,126],[38,74]],[[7128,2898],[-86,-154],[0,-218],[64,-181],[-20,-195]],[[7086,2150],[-73,17],[-87,-64],[27,-131],[-143,-104],[-104,-151],[-89,-29]],[[6617,1688],[-111,126],[-204,-34]],[[6302,1780],[9,78],[-63,180],[-129,86],[-102,123],[-68,153],[37,180],[112,100],[111,28],[141,97]],[[7690,8474],[103,-236],[32,-311],[32,-77]],[[7857,7850],[-164,134],[-113,-50],[-128,0],[-59,-100],[33,-205],[-44,-88],[-122,-60],[-26,-75],[38,-263]],[[7272,7143],[-112,-107]],[[7160,7036],[-182,115]],[[6978,7151],[-3,235],[-27,69],[104,179],[-140,195],[47,138],[139,170],[-24,77],[19,234]],[[7093,8448],[115,39],[118,-30],[81,38],[283,-21]],[[5093,3363],[-127,-141],[-188,-78],[-133,-112],[-148,-217],[-54,-38]],[[4072,3062],[78,88],[-19,112],[-69,62],[80,249],[146,114],[245,67]],[[4533,3754],[276,87]],[[5812,6057],[13,-151],[-75,-52]],[[5750,5854],[-163,27],[-187,114],[-101,-49],[-133,98],[-74,-31],[-68,80]],[[5028,6419],[257,102]],[[5285,6521],[168,-65],[135,-7],[185,-68],[76,-77],[-44,-131],[7,-116]],[[6330,4704],[10,-61],[-131,-111]],[[6209,4532],[-42,-97],[47,-130],[-67,-206],[47,-123],[107,-46],[85,-94],[-15,-201],[70,-128]],[[5687,3752],[-62,-66],[-136,3],[-104,-79]],[[5390,4916],[107,-38]],[[5497,4878],[87,-60],[124,4],[185,157],[25,-113],[135,-95],[119,0],[56,-93],[102,26]],[[6458,7304],[174,-192],[11,-127],[-56,-124]],[[5957,6113],[-145,-56]],[[5285,6521],[130,232],[203,166],[8,129],[101,70],[6,89],[-61,184],[75,54],[72,187]],[[5819,7632],[106,-20],[293,-183],[135,-12],[105,-113]],[[6581,4984],[-210,-195],[-41,-85]],[[5497,4878],[97,70],[70,120],[-18,418]],[[5646,5486],[79,136],[25,232]],[[7364,1416],[-115,-56],[28,-238],[29,-115],[9,-416]],[[7010,531],[58,138],[-67,78],[-49,225],[-157,130],[-21,126],[49,120]],[[6823,1348],[121,-111],[69,18],[224,181],[127,-20]],[[7968,2176],[-72,-401],[-205,-152],[-25,149],[108,37],[38,101],[-19,111],[-121,26],[-17,176],[-163,31],[-59,-170],[3,-204],[29,-61],[-61,-294]],[[7404,1525],[-45,297],[-82,96],[13,187]],[[7290,2105],[213,310],[89,86],[143,-195],[205,-90],[28,-40]],[[7086,2150],[95,-54],[109,9]],[[7404,1525],[-40,-109]],[[6823,1348],[-82,208]],[[6741,1556],[-91,17],[-33,115]],[[6720,209],[-182,289],[-33,138],[-188,-52],[-147,178],[-4,146]],[[6166,908],[90,109],[89,212],[396,327]],[[8060,3183],[18,-91],[202,-258],[-18,-147],[-73,-43],[-92,76],[-59,-29],[-65,-164],[-5,-351]],[[7128,2898],[161,-155],[67,-16],[116,106],[-16,137],[188,327],[122,-171],[81,-34],[213,91]],[[7098,5576],[-71,98],[63,207],[-54,354],[-44,64],[59,109],[15,245],[141,116]],[[7207,6769],[103,-37],[138,-137],[108,-153],[175,-111],[172,-219],[117,-76]],[[7857,7850],[42,-235],[85,-172],[229,-322]],[[8213,7121],[-232,-44],[-162,42],[-167,117],[-52,147],[-87,-142],[-241,-98]],[[6209,4532],[68,-54],[217,111],[81,-64],[-25,-83],[68,-71],[101,50],[226,-155],[57,-92],[-12,-107],[30,-236],[-44,-84],[-169,-72],[-4,-82]],[[7324,4537],[-6,-124],[70,-93]],[[7388,4320],[58,-136],[6,-264],[83,-106],[-41,-151],[-233,-186],[-128,-16]],[[8191,3636],[-73,-130],[-58,-323]],[[7388,4320],[39,23]],[[7160,7036],[-23,-144],[70,-123]],[[6458,7304],[145,-2],[375,-151]],[[8412,6412],[88,74]],[[8500,6486],[103,-107],[141,-38],[74,-75]],[[5646,5486],[-201,-28],[-183,10],[-89,-42],[-58,101],[-204,181]],[[8213,7121],[139,-153],[39,13],[122,-136],[-50,-225],[37,-134]],[[6166,908],[-27,47],[-237,147],[-116,116],[-40,199],[122,164],[330,73],[104,126]],[[5328,5046],[-58,125],[-76,-87],[-154,69],[-92,-69],[-106,232]],[[4533,3754],[50,121],[-27,110],[-89,70],[-46,126]],[[3457,9841],[-13,-164],[-237,-229],[-51,-168],[-94,-109],[-124,-42],[-97,-85],[-151,41]],[[2690,9085],[-47,128],[-109,-16],[-24,274],[52,142],[160,-14],[131,158],[106,242],[170,-23],[42,-77],[1,-165],[66,-32],[89,85],[130,54]],[[5430,8016],[70,-82],[132,-32]],[[5632,7902],[45,-170],[142,-100]],[[4915,6769],[79,97]],[[4994,6866],[3,175],[96,292],[-1,137],[106,258],[30,140],[-10,176]],[[5218,8044],[87,-42],[125,14]],[[4994,6866],[-172,111],[-159,148],[-74,206],[-130,178],[22,116],[114,305],[38,270]],[[4633,8200],[238,-44],[120,-117],[98,68],[129,-63]],[[4297,8858],[-66,-219],[-147,-121],[-302,-178],[-140,-276],[-1,-248],[81,-51],[124,-243],[5,-326]],[[3289,7762],[52,284],[79,219],[-105,177]],[[3315,8442],[209,471],[92,36],[234,-52],[106,28],[71,120]],[[4027,9045],[141,37],[61,-50],[68,-174]],[[4297,8858],[93,-184],[17,-253],[49,-103],[177,-118]],[[4340,7912],[28,76],[-83,135],[-44,-203],[99,-8]],[[5632,7902],[346,319],[353,299],[122,123],[338,192]],[[6791,8835],[179,-381],[123,-6]],[[5430,8016],[152,91],[-12,155],[91,183],[105,42],[93,284],[59,44],[206,48],[300,248],[77,136],[88,267]],[[6589,9514],[93,-57],[-41,-151],[150,-471]],[[6589,9514],[208,356],[137,-128],[244,-381],[10,-70],[122,-165],[68,-177],[67,-54],[95,-184],[59,-26],[91,-211]],[[3315,8442],[-156,139],[-174,89],[-265,242],[-30,173]],[[3457,9841],[64,14],[43,-184],[117,-130],[129,-67],[40,-114],[89,-90],[88,-225]],[[3500,2919],[49,126],[-52,71],[-163,-4]],[[3334,3112],[84,102],[-42,116],[128,83]],[[3504,3413],[96,191]],[[3600,3604],[92,-82],[116,119],[-21,111],[-112,174],[38,78]],[[3155,3896],[29,-178],[-46,-228],[105,-73],[74,10],[55,115],[98,14],[34,-143]],[[3334,3112],[-140,-129],[-149,67]],[[3045,3050],[24,138],[63,80],[-86,116],[-113,-13],[-129,127],[-61,6],[-185,-93],[-65,46],[-99,159],[-124,80],[-118,231],[-171,79]],[[2995,4470],[-10,-160],[78,-76],[61,-158],[31,-180]],[[3660,2381],[-142,-107],[-111,-178],[-73,55],[-20,207],[-54,7]],[[3260,2365],[-146,161],[-40,129],[-215,157],[-25,90],[80,117],[131,31]],[[3155,3896],[231,72],[127,-31],[65,-43],[22,-290]],[[3738,2202],[-166,-229],[-52,-129],[-133,-102],[-106,-202],[-102,-127],[-71,-22],[-68,268],[38,223],[-32,175],[-148,142],[-2,88],[104,38],[108,-69],[152,109]],[[88,3533],[-88,206],[212,45],[107,50]],[[319,3834],[-182,-190],[-49,-111]],[[1775,1554],[34,73],[-117,125],[21,155],[75,119],[111,375],[115,169]],[[2014,2570],[102,-62],[49,-108],[-56,-90],[6,-148],[120,-251],[93,-324],[104,-249],[-239,97],[-418,119]],[[703,3347],[-71,-322],[-138,-189]],[[494,2836],[-168,136],[-51,153],[-75,337],[-112,71]],[[319,3834],[144,99],[60,-38],[132,-208],[26,-101],[-20,-170],[42,-69]],[[1160,3141],[-119,-172],[66,-44],[35,-122],[162,-100],[81,-150]],[[1385,2553],[-34,-124]],[[1351,2429],[-323,-5],[-69,-67],[124,-113],[155,22]],[[1238,2266],[107,-71],[-38,-192],[80,-181],[-27,-184]],[[1360,1638],[-174,102],[-7,139],[-68,59],[-91,186],[5,73],[-116,84],[-186,76],[-47,-18],[-69,275]],[[607,2614],[80,-36],[130,75],[4,193],[-52,230],[54,252],[55,97]],[[878,3425],[84,-169],[111,-23],[87,-92]],[[1775,1554],[-91,45],[-159,2],[-165,37]],[[1238,2266],[113,163]],[[1385,2553],[206,128],[85,-65],[93,140]],[[1769,2756],[106,-46],[139,-140]],[[1160,3141],[60,-13],[231,161],[229,69],[131,-59],[27,-288],[-68,-168],[-1,-87]],[[607,2614],[-113,222]],[[703,3347],[175,78]]],"transform":{"scale":[0.0005596779966996616,0.00034948131863186754],"translate":[44.77455855300019,38.395977885000065]}}