{"type":"Topology","objects":{"cities":{"type":"GeometryCollection","geometries":[{"type":"Point","properties":{"name":"Ponta Pora","state":"Mato Grosso do Sul"},"coordinates":[2977,0]},{"type":"Point","properties":{"name":"Maracaju","state":"Mato Grosso do Sul"},"coordinates":[3829,2618]},{"type":"Point","properties":{"name":"Jardim","state":"Mato Grosso do Sul"},"coordinates":[2325,2988]},{"type":"Point","properties":{"name":"Tres Lagoas","state":"Mato Grosso do Sul"},"coordinates":[9193,4951]},{"type":"Point","properties":{"name":"Aquidauana","state":"Mato Grosso do Sul"},"coordinates":[2883,5863]},{"type":"Point","properties":{"name":"Paranaiba","state":"Mato Grosso do Sul"},"coordinates":[9999,8111]},{"type":"Point","properties":{"name":"Dourados","state":"Mato Grosso do Sul"},"coordinates":[4403,854]},{"type":"Point","properties":{"name":"Corumba","state":"Mato Grosso do Sul"},"coordinates":[0,9999]},{"type":"Point","properties":{"name":"Campo Grande","state":"Mato Grosso do Sul"},"coordinates":[4699,5924]}]}},"arcs":[],"transform":{"scale":[0.0006450638960406234,0.00035143488307303703],"translate":[-57.65000594240047,-22.53000852578981]}}