{"type":"Topology","objects":{"cities":{"type":"GeometryCollection","geometries":[{"type":"Point","properties":{"name":"Guanhaes","state":"Minas Gerais"},"coordinates":[7360,5103]},{"type":"Point","properties":{"name":"Leopoldina","state":"Minas Gerais"},"coordinates":[7674,1024]},{"type":"Point","properties":{"name":"Nova Lima","state":"Minas Gerais"},"coordinates":[6446,3323]},{"type":"Point","properties":{"name":"Pouso Alegre","state":"Minas Gerais"},"coordinates":[4324,0]},{"type":"Point","properties":{"name":"Itauna","state":"Minas Gerais"},"coordinates":[5715,3204]},{"type":"Point","properties":{"name":"Caratinga","state":"Minas Gerais"},"coordinates":[8182,3605]},{"type":"Point","properties":{"name":"Diamantina","state":"Minas Gerais"},"coordinates":[6690,5904]},{"type":"Point","properties":{"name":"Nanuque","state":"Minas Gerais"},"coordinates":[9999,6498]},{"type":"Point","properties":{"name":"Barbacena","state":"Minas Gerais"},"coordinates":[6527,1484]},{"type":"Point","properties":{"name":"Pocos de Caldas","state":"Minas Gerais"},"coordinates":[3685,653]},{"type":"Point","properties":{"name":"Guaxupe","state":"Minas Gerais"},"coordinates":[3543,1380]},{"type":"Point","properties":{"name":"Sao Joao del Rei","state":"Minas Gerais"},"coordinates":[6040,1617]},{"type":"Point","properties":{"name":"Muriae","state":"Minas Gerais"},"coordinates":[7928,1617]},{"type":"Point","properties":{"name":"Passos","state":"Minas Gerais"},"coordinates":[3644,2240]},{"type":"Point","properties":{"name":"Conselheiro Lafaiete","state":"Minas Gerais"},"coordinates":[6507,2299]},{"type":"Point","properties":{"name":"Formiga","state":"Minas Gerais"},"coordinates":[4842,2611]},{"type":"Point","properties":{"name":"Frutal","state":"Minas Gerais"},"coordinates":[1279,3249]},{"type":"Point","properties":{"name":"Iturama","state":"Minas Gerais"},"coordinates":[0,3694]},{"type":"Point","properties":{"name":"Ituiutaba","state":"Minas Gerais"},"coordinates":[751,4821]},{"type":"Point","properties":{"name":"Araguari","state":"Minas Gerais"},"coordinates":[2030,5311]},{"type":"Point","properties":{"name":"Almenara","state":"Minas Gerais"},"coordinates":[9644,8975]},{"type":"Point","properties":{"name":"Sete Lagoas","state":"Minas Gerais"},"coordinates":[6040,4110]},{"type":"Point","properties":{"name":"Divinopolis","state":"Minas Gerais"},"coordinates":[5380,3072]},{"type":"Point","properties":{"name":"Ipatinga","state":"Minas Gerais"},"coordinates":[7796,4065]},{"type":"Point","properties":{"name":"Araxa","state":"Minas Gerais"},"coordinates":[3299,3917]},{"type":"Point","properties":{"name":"Lavras","state":"Minas Gerais"},"coordinates":[5269,1440]},{"type":"Point","properties":{"name":"Uba","state":"Minas Gerais"},"coordinates":[7360,1632]},{"type":"Point","properties":{"name":"Campo Belo","state":"Minas Gerais"},"coordinates":[4994,1974]},{"type":"Point","properties":{"name":"Ponte Nova","state":"Minas Gerais"},"coordinates":[7411,2686]},{"type":"Point","properties":{"name":"Curvelo","state":"Minas Gerais"},"coordinates":[5857,5134]},{"type":"Point","properties":{"name":"Paracatu","state":"Minas Gerais"},"coordinates":[3380,7448]},{"type":"Point","properties":{"name":"Bocaiuva","state":"Minas Gerais"},"coordinates":[6487,7581]},{"type":"Point","properties":{"name":"Aracuai","state":"Minas Gerais"},"coordinates":[8253,7952]},{"type":"Point","properties":{"name":"Janauba","state":"Minas Gerais"},"coordinates":[6994,9525]},{"type":"Point","properties":{"name":"Governador Valadares","state":"Minas Gerais"},"coordinates":[8355,4970]},{"type":"Point","properties":{"name":"Pirapora","state":"Minas Gerais"},"coordinates":[5350,7254]},{"type":"Point","properties":{"name":"Juiz de Fora","state":"Minas Gerais"},"coordinates":[6928,668]},{"type":"Point","properties":{"name":"Teofilo Otoni","state":"Minas Gerais"},"coordinates":[8832,6453]},{"type":"Point","properties":{"name":"Uberaba","state":"Minas Gerais"},"coordinates":[2284,3620]},{"type":"Point","properties":{"name":"Januaria","state":"Minas Gerais"},"coordinates":[5918,9999]},{"type":"Point","properties":{"name":"Belo Horizonte","state":"Minas Gerais"},"coordinates":[6378,3422]},{"type":"Point","properties":{"name":"Montes Claros","state":"Minas Gerais"},"coordinates":[6436,8159]},{"type":"Point","properties":{"name":"Uberlandia","state":"Minas Gerais"},"coordinates":[1949,4925]}]}},"arcs":[],"transform":{"scale":[0.0009850978180539708,0.0006740676102142311],"translate":[-50.20002140461014,-22.220001608470852]}}