{"type":"Topology","objects":{"cities":{"type":"GeometryCollection","geometries":[{"type":"Point","properties":{"name":"Tocantinopolis","state":"Tocantins"},"coordinates":[9999,9999]},{"type":"Point","properties":{"name":"Gurupi","state":"Tocantins"},"coordinates":[132,1220]},{"type":"Point","properties":{"name":"Porto Nacional","state":"Tocantins"},"coordinates":[3983,2878]},{"type":"Point","properties":{"name":"Araguaina","state":"Tocantins"},"coordinates":[5246,8584]},{"type":"Point","properties":{"name":"Palmas","state":"Tocantins"},"coordinates":[4778,3629]},{"type":"Point","properties":{"name":"Alvorada","state":"Tocantins"},"coordinates":[0,0]}]}},"arcs":[],"transform":{"scale":[0.0001662183633734541,0.0006151040722586449],"translate":[-49.08200179197547,-12.470002422234018]}}