{"type":"Topology","objects":{"cities":{"type":"GeometryCollection","geometries":[{"type":"Point","properties":{"name":"Varzea Grande","state":"Mato Grosso"},"coordinates":[5369,1123]},{"type":"Point","properties":{"name":"Coceres","state":"Mato Grosso"},"coordinates":[3735,575]},{"type":"Point","properties":{"name":"Juina","state":"Mato Grosso"},"coordinates":[1360,6945]},{"type":"Point","properties":{"name":"Barra do Garcas","state":"Mato Grosso"},"coordinates":[9999,808]},{"type":"Point","properties":{"name":"Pontes e Lacerda","state":"Mato Grosso"},"coordinates":[1539,1712]},{"type":"Point","properties":{"name":"Barra do Bugres","state":"Mato Grosso"},"coordinates":[4117,1918]},{"type":"Point","properties":{"name":"Rondonopolis","state":"Mato Grosso"},"coordinates":[7159,0]},{"type":"Point","properties":{"name":"Mato Grosso","state":"Mato Grosso"},"coordinates":[823,2013]},{"type":"Point","properties":{"name":"Aripuana","state":"Mato Grosso"},"coordinates":[0,9999]},{"type":"Point","properties":{"name":"Sinop","state":"Mato Grosso"},"coordinates":[6181,6328]},{"type":"Point","properties":{"name":"Colider","state":"Mato Grosso"},"coordinates":[6192,7743]},{"type":"Point","properties":{"name":"Alta Floresta","state":"Mato Grosso"},"coordinates":[5644,8999]},{"type":"Point","properties":{"name":"Cuiaba","state":"Mato Grosso"},"coordinates":[5433,1235]}]}},"arcs":[],"transform":{"scale":[0.0008380843374084383,0.0007300232790235346],"translate":[-60.64000431480821,-16.46949989946353]}}