{"type":"Topology","objects":{"cities":{"type":"GeometryCollection","geometries":[{"type":"Point","properties":{"name":"Concordia","state":"Santa Catarina"},"coordinates":[1481,6195]},{"type":"Point","properties":{"name":"Blumenau","state":"Santa Catarina"},"coordinates":[8620,7318]},{"type":"Point","properties":{"name":"Brusque","state":"Santa Catarina"},"coordinates":[9008,6557]},{"type":"Point","properties":{"name":"Ararangua","state":"Santa Catarina"},"coordinates":[7624,0]},{"type":"Point","properties":{"name":"Jaragua do Sul","state":"Santa Catarina"},"coordinates":[8596,8912]},{"type":"Point","properties":{"name":"Tubarao","state":"Santa Catarina"},"coordinates":[8790,1666]},{"type":"Point","properties":{"name":"Laguna","state":"Santa Catarina"},"coordinates":[9373,1666]},{"type":"Point","properties":{"name":"Joacaba","state":"Santa Catarina"},"coordinates":[2768,6412]},{"type":"Point","properties":{"name":"Cacador","state":"Santa Catarina"},"coordinates":[3934,7861]},{"type":"Point","properties":{"name":"Canoinhas","state":"Santa Catarina"},"coordinates":[5439,9999]},{"type":"Point","properties":{"name":"Sao Francisco do Sul","state":"Santa Catarina"},"coordinates":[9810,9783]},{"type":"Point","properties":{"name":"Porto Uniao","state":"Santa Catarina"},"coordinates":[3788,9783]},{"type":"Point","properties":{"name":"Itajai","state":"Santa Catarina"},"coordinates":[9615,7392]},{"type":"Point","properties":{"name":"Imbituba","state":"Santa Catarina"},"coordinates":[9664,2574]},{"type":"Point","properties":{"name":"Lajes","state":"Santa Catarina"},"coordinates":[5658,4095]},{"type":"Point","properties":{"name":"Xapeco","state":"Santa Catarina"},"coordinates":[0,6666]},{"type":"Point","properties":{"name":"Joinville","state":"Santa Catarina"},"coordinates":[9222,9499]},{"type":"Point","properties":{"name":"Criciuma","state":"Santa Catarina"},"coordinates":[7891,942]},{"type":"Point","properties":{"name":"Florianopolis","state":"Santa Catarina"},"coordinates":[9999,4934]}]}},"arcs":[],"transform":{"scale":[0.000411847290601191,0.00027603142801370227],"translate":[-52.64002750813563,-28.940004863706122]}}