{"type":"Topology","objects":{"cities":{"type":"GeometryCollection","geometries":[{"type":"Point","properties":{"name":"Apodi","state":"Rio Grande do Norte"},"coordinates":[0,6405]},{"type":"Point","properties":{"name":"Santa Cruz","state":"Rio Grande do Norte"},"coordinates":[6919,1950]},{"type":"Point","properties":{"name":"Nova Cruz","state":"Rio Grande do Norte"},"coordinates":[9225,0]},{"type":"Point","properties":{"name":"Caico","state":"Rio Grande do Norte"},"coordinates":[2736,78]},{"type":"Point","properties":{"name":"Acu","state":"Rio Grande do Norte"},"coordinates":[3479,6955]},{"type":"Point","properties":{"name":"Mossoro","state":"Rio Grande do Norte"},"coordinates":[1798,9999]},{"type":"Point","properties":{"name":"Natal","state":"Rio Grande do Norte"},"coordinates":[9999,5404]}]}},"arcs":[],"transform":{"scale":[0.00025583087515693517,0.00012796881087899617],"translate":[-37.80000309401373,-6.469593486663143]}}