{"type":"Topology","objects":{"cities":{"type":"GeometryCollection","geometries":[{"type":"Point","properties":{"name":"Santa Cruz Cabralia","state":"Bahia"},"coordinates":[8864,1871]},{"type":"Point","properties":{"name":"Paulo Afonso","state":"Bahia"},"coordinates":[9999,9999]},{"type":"Point","properties":{"name":"Brumado","state":"Bahia"},"coordinates":[4944,4292]},{"type":"Point","properties":{"name":"Jaguaquara","state":"Bahia"},"coordinates":[7468,5088]},{"type":"Point","properties":{"name":"Itapetinga","state":"Bahia"},"coordinates":[7053,3076]},{"type":"Point","properties":{"name":"Ubaitaba","state":"Bahia"},"coordinates":[8419,4187]},{"type":"Point","properties":{"name":"Itabuna","state":"Bahia"},"coordinates":[8493,3614]},{"type":"Point","properties":{"name":"Itamaraju","state":"Bahia"},"coordinates":[8122,983]},{"type":"Point","properties":{"name":"Guanambi","state":"Bahia"},"coordinates":[3281,4269]},{"type":"Point","properties":{"name":"Porto Seguro","state":"Bahia"},"coordinates":[8790,1696]},{"type":"Point","properties":{"name":"Valenca","state":"Bahia"},"coordinates":[8790,5287]},{"type":"Point","properties":{"name":"Serrinha","state":"Bahia"},"coordinates":[8894,7287]},{"type":"Point","properties":{"name":"Tucano","state":"Bahia"},"coordinates":[9220,8082]},{"type":"Point","properties":{"name":"Senhor do Bonfim","state":"Bahia"},"coordinates":[7142,8690]},{"type":"Point","properties":{"name":"Remanso","state":"Bahia"},"coordinates":[4291,9684]},{"type":"Point","properties":{"name":"Itambe","state":"Bahia"},"coordinates":[6489,3088]},{"type":"Point","properties":{"name":"Bom Jesus da Lapa","state":"Bahia"},"coordinates":[2316,5416]},{"type":"Point","properties":{"name":"Itaberaba","state":"Bahia"},"coordinates":[6978,6269]},{"type":"Point","properties":{"name":"Nova Vicosa","state":"Bahia"},"coordinates":[8359,0]},{"type":"Point","properties":{"name":"Alagoinhas","state":"Bahia"},"coordinates":[9755,6713]},{"type":"Point","properties":{"name":"Juazeiro","state":"Bahia"},"coordinates":[6682,9895]},{"type":"Point","properties":{"name":"Jequie","state":"Bahia"},"coordinates":[7305,4713]},{"type":"Point","properties":{"name":"Ilheus","state":"Bahia"},"coordinates":[8834,3626]},{"type":"Point","properties":{"name":"Canavieiras","state":"Bahia"},"coordinates":[8968,2620]},{"type":"Point","properties":{"name":"Santa Maria da Vitoria","state":"Bahia"},"coordinates":[1173,5251]},{"type":"Point","properties":{"name":"Irece","state":"Bahia"},"coordinates":[4647,7696]},{"type":"Point","properties":{"name":"Xique-Xique","state":"Bahia"},"coordinates":[3370,8257]},{"type":"Point","properties":{"name":"Vitoria da Conquista","state":"Bahia"},"coordinates":[6177,3544]},{"type":"Point","properties":{"name":"Barreiras","state":"Bahia"},"coordinates":[0,6713]},{"type":"Point","properties":{"name":"Feira de Santana","state":"Bahia"},"coordinates":[8953,6585]},{"type":"Point","properties":{"name":"Salvador","state":"Bahia"},"coordinates":[9678,5745]}]}},"arcs":[],"transform":{"scale":[0.0006735016966892964,0.000855020397876542],"translate":[-45.00000289059204,-17.88000811887025]}}