{"type":"Topology","objects":{"cities":{"type":"GeometryCollection","geometries":[{"type":"Point","properties":{"name":"Rio Largo","state":"Alagoas"},"coordinates":[8847,9256]},{"type":"Point","properties":{"name":"Palmeira dos Indios","state":"Alagoas"},"coordinates":[569,9999]},{"type":"Point","properties":{"name":"Penedo","state":"Alagoas"},"coordinates":[959,0]},{"type":"Point","properties":{"name":"Arapiraca","state":"Alagoas"},"coordinates":[0,6091]},{"type":"Point","properties":{"name":"Maceio","state":"Alagoas"},"coordinates":[9999,7638]}]}},"arcs":[],"transform":{"scale":[0.00009381680998023551,0.00008531081786598236],"translate":[-36.669994549087335,-10.269619935246055]}}