{"type":"Topology","objects":{"cities":{"type":"GeometryCollection","geometries":[{"type":"Point","properties":{"name":"Jaboatao","state":"Pernambuco"},"coordinates":[9699,6753]},{"type":"Point","properties":{"name":"Olinda","state":"Pernambuco"},"coordinates":[9999,7338]},{"type":"Point","properties":{"name":"Cabo de Santo Agostinho","state":"Pernambuco"},"coordinates":[9681,5796]},{"type":"Point","properties":{"name":"Carpina","state":"Pernambuco"},"coordinates":[9275,8189]},{"type":"Point","properties":{"name":"Arcoverde","state":"Pernambuco"},"coordinates":[6077,5105]},{"type":"Point","properties":{"name":"Barreiros","state":"Pernambuco"},"coordinates":[9381,2927]},{"type":"Point","properties":{"name":"Salgueiro","state":"Pernambuco"},"coordinates":[2438,7021]},{"type":"Point","properties":{"name":"Goiana","state":"Pernambuco"},"coordinates":[9734,9680]},{"type":"Point","properties":{"name":"Timbauba","state":"Pernambuco"},"coordinates":[9169,9999]},{"type":"Point","properties":{"name":"Garanhuns","state":"Pernambuco"},"coordinates":[7084,2606]},{"type":"Point","properties":{"name":"Caruaru","state":"Pernambuco"},"coordinates":[8003,5849]},{"type":"Point","properties":{"name":"Petrolina","state":"Pernambuco"},"coordinates":[0,0]},{"type":"Point","properties":{"name":"Recife","state":"Pernambuco"},"coordinates":[9880,6946]}]}},"arcs":[],"transform":{"scale":[0.0005660582334297742,0.00018805900772443472],"translate":[-40.50996687983189,-9.380010153341345]}}