{"type":"Topology","objects":{"cities":{"type":"GeometryCollection","geometries":[{"type":"Point","properties":{"name":"Manacapuru","state":"Amazonas"},"coordinates":[7045,5694]},{"type":"Point","properties":{"name":"Maues","state":"Amazonas"},"coordinates":[9253,5557]},{"type":"Point","properties":{"name":"Fonte Boa","state":"Amazonas"},"coordinates":[2879,6752]},{"type":"Point","properties":{"name":"Eirunepe","state":"Amazonas"},"coordinates":[0,1096]},{"type":"Point","properties":{"name":"Manicore","state":"Amazonas"},"coordinates":[6529,2253]},{"type":"Point","properties":{"name":"Barcelos","state":"Amazonas"},"coordinates":[5291,8851]},{"type":"Point","properties":{"name":"Tonantins","state":"Amazonas"},"coordinates":[1577,6262]},{"type":"Point","properties":{"name":"Tefe","state":"Amazonas"},"coordinates":[3939,5598]},{"type":"Point","properties":{"name":"Coari","state":"Amazonas"},"coordinates":[5134,4616]},{"type":"Point","properties":{"name":"Sao Cabriel da Cachoeira","state":"Amazonas"},"coordinates":[2124,9999]},{"type":"Point","properties":{"name":"Novo Airao","state":"Amazonas"},"coordinates":[6799,6606]},{"type":"Point","properties":{"name":"Itacoatiara","state":"Amazonas"},"coordinates":[8705,5898]},{"type":"Point","properties":{"name":"Parintins","state":"Amazonas"},"coordinates":[9999,6621]},{"type":"Point","properties":{"name":"Natal","state":"Amazonas"},"coordinates":[7312,655]},{"type":"Point","properties":{"name":"Crato","state":"Amazonas"},"coordinates":[5203,0]},{"type":"Point","properties":{"name":"Manaus","state":"Amazonas"},"coordinates":[7516,5955]}]}},"arcs":[],"transform":{"scale":[0.001313511132205708,0.0007331396795307787],"translate":[-69.87380761888164,-7.463899720391055]}}