{"type":"Topology","objects":{"cities":{"type":"GeometryCollection","geometries":[{"type":"Point","properties":{"name":"Barra Mansa","state":"Rio de Janeiro"},"coordinates":[0,2399]},{"type":"Point","properties":{"name":"Nova Iguacu","state":"Rio de Janeiro"},"coordinates":[2456,1210]},{"type":"Point","properties":{"name":"Duque de Caxias","state":"Rio de Janeiro"},"coordinates":[3017,1012]},{"type":"Point","properties":{"name":"Niteroi","state":"Rio de Janeiro"},"coordinates":[3754,152]},{"type":"Point","properties":{"name":"Cabo Frio","state":"Rio de Janeiro"},"coordinates":[7473,219]},{"type":"Point","properties":{"name":"Macae","state":"Rio de Janeiro"},"coordinates":[8350,3589]},{"type":"Point","properties":{"name":"Miracema","state":"Rio de Janeiro"},"coordinates":[6912,9999]},{"type":"Point","properties":{"name":"Volta Redonda","state":"Rio de Janeiro"},"coordinates":[263,2667]},{"type":"Point","properties":{"name":"Petropolis","state":"Rio de Janeiro"},"coordinates":[3403,2733]},{"type":"Point","properties":{"name":"Nova Friburgo","state":"Rio de Janeiro"},"coordinates":[5719,4382]},{"type":"Point","properties":{"name":"Campos","state":"Rio de Janeiro"},"coordinates":[9999,7753]},{"type":"Point","properties":{"name":"Rio de Janeiro","state":"Rio de Janeiro"},"coordinates":[3308,0]}]}},"arcs":[],"transform":{"scale":[0.00028502144241230985,0.00015132034272305925],"translate":[-44.16995019690387,-22.923077315615956]}}