{"type":"Topology","objects":{"cities":{"type":"GeometryCollection","geometries":[{"type":"Point","properties":{"name":"Santana do Livramento","state":"Rio Grande do Sul"},"coordinates":[2287,4482]},{"type":"Point","properties":{"name":"Canoas","state":"Rio Grande do Sul"},"coordinates":[8665,6111]},{"type":"Point","properties":{"name":"Quarai","state":"Rio Grande do Sul"},"coordinates":[924,5331]},{"type":"Point","properties":{"name":"Santa Vitoria do Palmar","state":"Rio Grande do Sul"},"coordinates":[5454,0]},{"type":"Point","properties":{"name":"Sao Lourenco do Sul","state":"Rio Grande do Sul"},"coordinates":[7492,3650]},{"type":"Point","properties":{"name":"Canela","state":"Rio Grande do Sul"},"coordinates":[9207,7062]},{"type":"Point","properties":{"name":"Sao Gabriel","state":"Rio Grande do Sul"},"coordinates":[4061,5432]},{"type":"Point","properties":{"name":"Rosario do Sul","state":"Rio Grande do Sul"},"coordinates":[3181,5551]},{"type":"Point","properties":{"name":"Cachoeira do Sul","state":"Rio Grande do Sul"},"coordinates":[6128,5925]},{"type":"Point","properties":{"name":"Osorio","state":"Rio Grande do Sul"},"coordinates":[9999,6179]},{"type":"Point","properties":{"name":"Santa Cruz do Sul","state":"Rio Grande do Sul"},"coordinates":[6817,6468]},{"type":"Point","properties":{"name":"Sao Luiz Gonzaga","state":"Rio Grande do Sul"},"coordinates":[3123,8675]},{"type":"Point","properties":{"name":"Santo Angelo","state":"Rio Grande do Sul"},"coordinates":[4120,8862]},{"type":"Point","properties":{"name":"Carazinho","state":"Rio Grande do Sul"},"coordinates":[6290,8879]},{"type":"Point","properties":{"name":"Erechim","state":"Rio Grande do Sul"},"coordinates":[7067,9999]},{"type":"Point","properties":{"name":"Uruguaiana","state":"Rio Grande do Sul"},"coordinates":[0,6367]},{"type":"Point","properties":{"name":"Sao Borja","state":"Rio Grande do Sul"},"coordinates":[1583,8251]},{"type":"Point","properties":{"name":"Novo Hamburgo","state":"Rio Grande do Sul"},"coordinates":[8723,6469]},{"type":"Point","properties":{"name":"Rio Grande","state":"Rio Grande do Sul"},"coordinates":[7287,2496]},{"type":"Point","properties":{"name":"Camaqua","state":"Rio Grande do Sul"},"coordinates":[7741,4550]},{"type":"Point","properties":{"name":"Bento Goncalves","state":"Rio Grande do Sul"},"coordinates":[8166,7386]},{"type":"Point","properties":{"name":"Vacaria","state":"Rio Grande do Sul"},"coordinates":[9017,8523]},{"type":"Point","properties":{"name":"Ijui","state":"Rio Grande do Sul"},"coordinates":[4648,8710]},{"type":"Point","properties":{"name":"Santa Rosa","state":"Rio Grande do Sul"},"coordinates":[3856,9592]},{"type":"Point","properties":{"name":"Santa Maria","state":"Rio Grande do Sul"},"coordinates":[4824,6513]},{"type":"Point","properties":{"name":"Passo Fundo","state":"Rio Grande do Sul"},"coordinates":[6847,8946]},{"type":"Point","properties":{"name":"Jaguarao","state":"Rio Grande do Sul"},"coordinates":[5454,1630]},{"type":"Point","properties":{"name":"Bage","state":"Rio Grande do Sul"},"coordinates":[4384,3735]},{"type":"Point","properties":{"name":"Pelotas","state":"Rio Grande do Sul"},"coordinates":[6979,3005]},{"type":"Point","properties":{"name":"Caxias do Sul","state":"Rio Grande do Sul"},"coordinates":[8679,7368]},{"type":"Point","properties":{"name":"Porto Alegre","state":"Rio Grande do Sul"},"coordinates":[8633,5894]}]}},"arcs":[],"transform":{"scale":[0.0006820679219641939,0.0005890617137909239],"translate":[-57.08998844565343,-33.520035381302534]}}