{"type":"Topology","objects":{"states":{"type":"GeometryCollection","geometries":[{"type":"Polygon","properties":{"name":"Goiás"},"id":"BRA-1294","arcs":[[0,1,2,3,4,5,6]]},{"type":"MultiPolygon","properties":{"name":"São Paulo"},"id":"BRA-1311","arcs":[[[7]],[[8]],[[9]],[[10,11,12,13,14]]]},{"type":"MultiPolygon","properties":{"name":"Pernambuco"},"id":"BRA-1313","arcs":[[[15]],[[16,17,18,19,20,21]]]},{"type":"Polygon","properties":{"name":"Acre"},"id":"BRA-576","arcs":[[22,23,24]]},{"type":"Polygon","properties":{"name":"Amazonas"},"id":"BRA-592","arcs":[[25,26,27,-25,28,29]]},{"type":"MultiPolygon","properties":{"name":"Maranhão"},"id":"BRA-593","arcs":[[[30]],[[31]],[[32]],[[33]],[[34]],[[35]],[[36]],[[37,38,39,40]]]},{"type":"MultiPolygon","properties":{"name":"Pará"},"id":"BRA-594","arcs":[[[41]],[[42]],[[43]],[[44]],[[45]],[[46]],[[47]],[[48]],[[49]],[[50]],[[51]],[[52]],[[53]],[[54]],[[55]],[[56]],[[57]],[[58]],[[59,60,-40,61,62,-26,63,64]]]},{"type":"Polygon","properties":{"name":"Rondônia"},"id":"BRA-595","arcs":[[65,66,-23,-28]]},{"type":"Polygon","properties":{"name":"Tocantins"},"id":"BRA-596","arcs":[[67,68,-7,69,-62,-39]]},{"type":"Polygon","properties":{"name":"Distrito Federal"},"id":"BRA-599","arcs":[[-3]]},{"type":"Polygon","properties":{"name":"Mato Grosso do Sul"},"id":"BRA-600","arcs":[[-5,70,-14,71,72,73]]},{"type":"Polygon","properties":{"name":"Minas Gerais"},"id":"BRA-601","arcs":[[74,75,-15,-71,-4,-2,76]]},{"type":"Polygon","properties":{"name":"Mato Grosso"},"id":"BRA-602","arcs":[[-70,-6,-74,77,-66,-27,-63]]},{"type":"Polygon","properties":{"name":"Rio Grande do Sul"},"id":"BRA-612","arcs":[[78,79]]},{"type":"MultiPolygon","properties":{"name":"Paraná"},"id":"BRA-613","arcs":[[[80]],[[81,82,83,-72,-13]]]},{"type":"MultiPolygon","properties":{"name":"Santa Catarina"},"id":"BRA-614","arcs":[[[84]],[[85]],[[86,-80,87,-83]]]},{"type":"Polygon","properties":{"name":"Ceará"},"id":"BRA-621","arcs":[[88,89,-21,90,91]]},{"type":"Polygon","properties":{"name":"Piauí"},"id":"BRA-622","arcs":[[-91,-20,92,-68,-38,93]]},{"type":"Polygon","properties":{"name":"Alagoas"},"id":"BRA-623","arcs":[[94,95,96,-18]]},{"type":"MultiPolygon","properties":{"name":"Bahia"},"id":"BRA-624","arcs":[[[97]],[[98]],[[-97,99,100,101,-77,-1,-69,-93,-19]]]},{"type":"Polygon","properties":{"name":"Espírito Santo"},"id":"BRA-625","arcs":[[-102,102,103,-75]]},{"type":"Polygon","properties":{"name":"Paraíba"},"id":"BRA-626","arcs":[[104,-22,-90,105]]},{"type":"MultiPolygon","properties":{"name":"Rio de Janeiro"},"id":"BRA-627","arcs":[[[106]],[[107,-11,-76,-104]]]},{"type":"MultiPolygon","properties":{"name":"Rio Grande do Norte"},"id":"BRA-628","arcs":[[[-106,-89,108]],[[109]]]},{"type":"Polygon","properties":{"name":"Sergipe"},"id":"BRA-629","arcs":[[110,-100,-96]]},{"type":"Polygon","properties":{"name":"Roraima"},"id":"BRA-670","arcs":[[-64,-30,111]]},{"type":"MultiPolygon","properties":{"name":"Amapá"},"id":"BRA-681","arcs":[[[112]],[[113]],[[114]],[[115]],[[-60,116]]]}]}},"arcs":[[[6220,5369],[6,-9],[26,-22],[6,-9],[-2,-6],[-18,-13],[-2,-5],[-4,-29],[0,-15],[21,-9],[2,-15],[-5,-10],[-20,-14],[-6,-16],[-4,-19],[-9,-30],[-1,-24],[4,-30],[8,-33],[12,-19],[9,-29],[14,-10],[6,-7],[6,-12],[21,-14],[-4,-17],[-6,-12],[0,-18],[8,-21],[3,-19],[-4,-14],[-9,-12],[-11,-19]],[[6267,4838],[-7,-4],[-6,-10],[-25,-3],[-7,5],[-17,1],[-4,16],[-8,12],[-8,7],[-26,16],[-3,0],[-14,-22],[5,-18],[-5,-12],[5,-10],[2,-22],[-10,-8],[-10,0],[-22,13],[-7,3],[-15,-1],[-13,-10],[-8,-46],[9,-2],[7,-22],[-18,-28],[2,-29],[14,-11],[3,-33],[3,-10],[2,-22],[-7,-10],[-25,-8],[-11,0],[-13,-6],[-11,4],[-8,-15],[-14,-14],[-10,2],[-7,-4]],[[5980,4537],[-12,15],[0,24],[2,15],[5,10],[4,21],[-2,7],[2,24],[-23,14],[-3,9],[-77,2],[-92,1],[-4,-10],[-3,-23],[-5,-7],[-2,-12],[9,-11],[-7,-16],[-10,-11],[4,-23],[6,-7],[-4,-19],[15,-2],[73,-1],[124,0]],[[5980,4537],[-1,-8],[-7,-19],[4,-21],[-6,-19],[-11,-20],[-8,-7],[-4,-22],[3,-10],[7,-9],[13,-6],[18,-18],[8,-18],[4,-17],[6,-11],[6,-20],[2,-15],[-9,-2],[-9,-11],[5,-12],[-11,-6],[-4,-9],[-8,-2],[-8,-9],[1,-5],[-8,-11],[-9,-8],[0,-10],[-8,-9],[-10,4],[-6,-15],[-1,-17],[10,-16],[6,-3],[11,8],[14,-4],[13,-9],[6,-18],[-2,-13],[-5,-5],[-7,-14],[-6,-21],[1,-14],[16,-46],[-10,-4],[-6,-8],[-16,-10],[-3,-5],[-27,-11],[-11,-12],[-11,-17],[-55,-33],[-8,-1],[-34,10],[-10,2],[-19,12],[-18,3],[-16,-1],[-55,3],[-46,-3],[-30,6],[-15,-10],[-25,-10],[-9,-7],[-6,-9],[-37,-40],[-6,-2],[-7,7],[-10,14],[-5,13],[-8,0],[-7,-8],[-54,-24],[-9,-1],[-35,4],[-10,-3],[-17,-10],[-34,-7],[-13,-6],[-29,-43],[-11,-12],[3,-19],[-1,-9],[-12,-18],[-15,-5],[-9,5],[-9,-11],[-12,-8],[-3,-11],[-12,-9],[-7,-9],[-3,-16],[-5,-14],[10,-13],[-6,-5],[-17,7],[-5,-5]],[[5161,3657],[-16,27],[-11,14],[-12,8],[-11,-1],[-10,5],[-18,4],[-21,21],[-6,3],[-25,6],[-22,2],[-45,20],[-16,16],[-20,6],[-13,5],[-8,12],[-17,13],[-22,9],[-16,-1],[-5,3],[-17,18],[-12,7],[-27,-4],[-17,3],[-15,0],[-25,8],[-6,4],[1,7],[11,26],[13,19],[4,13],[-4,5],[-20,9],[-8,2],[-17,-10],[-11,7],[-5,17],[4,51],[-3,20]],[[4693,4031],[-13,31],[-8,30],[-7,9],[-12,23],[-3,23],[5,16],[0,13],[7,22],[-3,21],[10,15],[6,16],[12,19],[7,8],[3,9],[-1,10],[6,25],[-1,4],[12,13],[24,12],[11,7],[21,24],[4,16],[14,15],[4,27],[-12,8],[-3,8],[3,18],[10,7],[17,6],[3,7],[-1,11],[5,8],[15,7],[4,8],[23,11],[5,13],[13,19],[10,6],[10,2],[24,2],[10,5],[9,14],[12,-3],[7,2],[4,11],[9,11],[11,28],[-4,18],[10,2],[8,15],[3,16],[5,8],[-1,17],[7,12],[-2,14],[12,15],[7,3],[14,20],[13,7],[9,10],[14,4],[7,6],[5,-14],[9,-1],[18,10],[6,6],[3,11],[8,6],[2,17],[5,4],[1,16],[7,25],[5,4],[9,28],[0,9],[-6,22],[6,22],[3,20],[9,23],[-2,6],[16,5],[2,9],[-3,7],[-1,22],[3,9],[1,15],[-3,12],[-1,26],[8,3],[7,6],[6,19],[3,16],[8,10],[13,20],[1,8],[13,23],[7,19],[-3,9],[2,18],[-3,12],[8,7],[-3,8],[11,9],[4,8],[4,19],[-1,8]],[[5268,5356],[4,10],[4,28],[7,5],[4,17],[9,11],[2,7],[26,23],[19,14],[4,-5],[-1,-16],[-12,-13],[-3,-11],[1,-21],[-14,-23],[-3,-11],[1,-27],[7,-10],[42,-23],[18,-1],[13,-12],[51,-26],[27,-4],[10,-3],[22,-12],[8,0],[4,8],[2,21],[14,34],[35,69],[18,14],[13,5],[-3,-17],[4,-6],[16,-9],[15,-13],[8,-10],[6,-14],[-2,-18],[2,-9],[6,-16],[2,-29],[-4,-20],[1,-17],[7,-8],[13,12],[3,18],[3,23],[8,6],[7,0],[24,-10],[26,2],[9,4],[23,20],[13,7],[5,-2],[-7,-25],[22,-6],[17,-14],[7,-3],[11,2],[14,-11],[39,-15],[5,8],[-13,32],[0,12],[11,11],[7,-1],[3,-9],[8,-9],[1,-7],[7,-9],[3,-12],[7,9],[15,2],[24,13],[9,0],[45,26],[27,7],[11,-2],[22,2],[17,9],[23,28],[12,8],[23,6],[13,6],[19,1],[10,3],[16,9]],[[5948,2319],[-11,-7],[-12,-5],[-53,-47],[-8,-4],[-12,-22],[-5,3],[4,13],[11,13],[25,21],[10,5],[14,15],[11,5],[10,9],[16,1]],[[6186,2518],[14,-2],[7,-13],[-12,2],[-5,-3],[-9,3],[5,13]],[[6445,2556],[-2,-19],[-8,-6],[4,-8],[6,-3],[2,-10],[-10,-3],[-6,13],[-22,-7],[-8,1],[-5,6],[-1,9],[21,19],[7,20],[8,-1],[14,-11]],[[6533,2906],[14,-5],[6,-7],[6,-12],[12,-14],[6,-12],[22,-5],[21,2],[17,7],[4,-4],[30,2],[11,-19],[0,-8],[-8,-3],[-10,-10],[0,-9],[-6,-9],[-19,-10],[-9,1],[-13,-3],[-4,4],[-12,-8],[-13,1],[-20,-12],[-11,-3],[-6,-9],[-10,-4],[-2,-23],[0,-16],[-13,-17],[1,-8],[10,-15],[6,0],[5,-8],[9,-7]],[[6557,2663],[-13,-7],[-14,-1],[-5,7],[-11,2],[-16,-14],[-14,-6],[7,-5],[-13,-13],[-15,-8],[-12,1],[0,-12],[-12,-5],[-11,4],[-6,-6],[-13,-7],[-6,2],[-4,-12],[2,-12],[5,-2],[-1,-9],[3,-7],[-3,-10],[-13,-1],[-10,-3],[-10,9],[-15,0],[-22,8],[-15,0],[-9,4],[-9,0],[-20,-6],[-14,-8],[-2,-5],[-12,0],[-18,-23],[-1,-16],[-7,-3],[-9,2],[-12,-9],[3,13],[-5,11],[-15,8],[-10,-5],[-4,-9],[5,-15],[-14,-8],[-28,-13],[-34,-22],[-25,-13],[-18,-12],[-7,-6],[-9,-20],[2,-9],[-11,-4],[-20,-16],[-10,-12],[-58,-37],[-22,-6],[-21,-14],[-43,-35],[-15,-17],[-9,-19],[-6,-4],[-11,2],[-5,-5],[18,-5],[14,6],[-7,-26],[-7,-11],[-12,-3],[-14,-17],[-3,-7]],[[5806,2162],[0,3],[11,17],[-4,3],[-10,-5],[-12,4],[-9,8],[0,11],[-9,34],[-8,-5],[-6,6],[-10,0],[-6,9],[-12,4],[-11,-9],[1,-10],[-11,-13],[-13,7],[-6,14],[6,6],[2,21],[4,5],[-1,17],[7,5],[6,12],[-14,7],[-5,7],[-9,3],[-8,-6],[-6,7],[-7,-3],[-17,-2],[-11,8],[-27,-3],[-12,9],[-11,-11],[-20,1],[-17,-3],[-17,6],[-1,19],[-4,7],[7,9],[4,15],[-3,9],[10,8],[2,17],[-10,6],[-7,19],[-7,8],[1,16],[-5,9],[-13,7],[-9,10],[-9,15],[-6,14],[-7,1],[-11,17],[7,8],[4,31],[-12,18],[-4,12],[-2,16],[-5,7],[9,25],[-1,15],[-5,23],[-7,16],[-12,16],[-1,8],[-9,2],[-16,8],[-9,2],[-6,5],[-1,13],[-11,6],[-2,13],[-13,0],[-22,-8],[-18,-1],[-12,3],[-7,-5],[-17,10],[-7,0],[-7,-8],[-16,0],[-9,4],[-19,3],[-11,-1],[-11,-7],[-13,2],[-7,15],[-15,16],[-51,14],[-16,7],[-19,13],[-20,10],[-18,-1],[-8,-6],[-17,-2],[-21,9],[-12,-3],[-11,11],[-19,0],[-10,2],[-25,16],[-18,7],[-17,-5],[-4,-16],[-7,-9],[-6,-1],[-10,11],[-12,-5],[-29,4],[-17,-3],[-13,11],[-8,1],[-18,-9],[-22,4],[-14,0],[-8,5],[-12,0],[-10,-5],[-15,-12],[-11,-11],[-14,-6]],[[4667,2830],[13,14],[14,28],[8,2],[10,18],[11,1],[17,9],[6,10],[21,14],[10,9],[13,5],[11,9],[12,4],[12,10],[21,21],[10,26],[2,15],[14,16],[10,6],[5,17],[8,13],[11,6],[13,12],[-4,12],[-10,18],[0,7],[8,11],[16,-1],[8,5],[8,16],[13,15],[4,12],[-5,32],[3,11],[15,10],[11,24],[23,26],[2,5],[3,28],[0,17],[5,10],[4,17],[14,5],[12,13],[18,27],[12,15],[14,7],[29,9],[11,9],[13,19],[8,22]],[[5154,3496],[9,13],[18,15],[39,15],[10,5],[17,18],[5,10],[15,6],[14,-2],[14,-17],[6,-3],[102,-16],[75,0],[31,-9],[5,-3],[15,3],[10,0],[5,-10],[-10,-5],[-2,-13],[3,-23],[17,-33],[8,-3],[7,3],[11,14],[7,18],[6,7],[9,-2],[5,-9],[2,-12],[-1,-23],[1,-20],[15,-10],[8,8],[-3,14],[-2,24],[10,24],[6,4],[23,2],[13,-3],[8,0],[13,8],[17,-2],[19,5],[20,0],[12,-7],[9,6],[-5,19],[9,2],[7,-18],[19,-12],[6,0],[12,9],[3,10],[0,12],[10,-8],[4,-14],[11,4],[3,17],[-2,7],[8,7],[28,1],[8,-6],[6,-8],[9,-1],[7,11],[11,2],[14,6],[9,-10],[-2,-10],[9,-9],[5,-1],[16,-11],[11,-12],[4,-10],[-2,-15],[-5,-5],[-4,-42],[8,-8],[22,-12],[4,-6],[5,-22],[-1,-10],[-10,-8],[-2,-12],[-9,-15],[-3,-27],[10,-7],[7,-9],[-1,-10],[6,-29],[16,-17],[9,-30],[4,-8],[-1,-15],[5,-2],[19,1],[12,6],[6,6],[11,0],[17,-10],[7,7],[12,-15],[10,0],[11,-8],[4,-16],[-6,-8],[0,-12],[-5,-7],[-5,-12],[-11,-4],[-4,-20],[-9,-11],[5,-14],[-3,-9],[9,-21],[-8,-7],[-8,-13],[3,-7],[12,-3],[5,-8],[-14,-19],[-8,-20],[1,-10],[7,-9],[5,-14],[21,-7],[3,-10],[18,-10],[15,-3],[-6,-7],[1,-20],[-11,-5],[-3,-7],[24,-17],[1,-25],[3,-5],[13,-4],[14,2],[16,6],[7,-11],[24,4],[12,11],[15,-2],[9,-5],[5,7],[12,-3],[1,10],[7,3],[4,11],[-3,7],[-10,0],[-4,6],[19,13],[2,3],[-6,11],[15,4],[0,-18],[7,1],[12,8],[5,-8],[7,-1],[13,7],[5,7],[7,-4],[2,-9],[31,11],[6,11],[5,0],[9,9],[28,15],[6,0],[13,5],[11,-1],[20,12]],[[8770,6647],[-10,2],[1,12],[10,15],[3,-11],[-4,-18]],[[8758,6715],[13,-5],[7,-15],[-6,-15],[-7,-1],[-2,-11],[-5,-9],[0,-11],[10,-4],[8,-22],[-9,-41],[-6,1],[0,-11],[-5,-19],[-7,-16],[-2,-17],[1,-11],[-4,-8],[-16,-49],[-12,-27],[-1,-16],[-9,-16],[-5,-28]],[[8701,6364],[-35,7],[-20,1],[-13,5],[-5,8],[-8,-1],[-23,-7],[-19,-13],[-10,-1],[-12,7],[-1,5],[-19,-1],[-19,-8],[-10,3],[-24,-21],[0,-10],[-26,-18],[-6,-14],[-18,-16],[-21,-2],[-22,-13],[-9,-8],[-17,4],[-40,3],[-10,-1],[-6,-6],[-8,-16],[-13,12],[-12,6],[-17,3],[-12,8],[-47,51],[-18,10],[-11,15],[-9,1],[-15,-11],[-12,2],[-4,12],[-11,17],[-5,0],[-8,-8],[-2,-21],[-4,-8],[-14,-13],[-16,-22],[-6,-4],[-22,-6],[-5,-5],[-9,-16],[-18,-17]],[[8010,6257],[-3,8],[-9,34],[-6,9],[6,31],[-7,6],[-14,-10],[-6,-2],[-16,9],[-7,14],[9,14],[1,7],[-4,7],[-10,4],[-8,-2],[-5,-8],[-3,-10],[-2,-18],[-10,1],[-12,32],[-13,6],[-7,8],[-13,4],[-9,-3],[-16,-2],[-4,8],[-10,6],[-26,8],[-4,5],[-13,2],[-7,12],[-4,14],[-20,12],[-10,-2],[-45,-27],[-12,-1],[-7,-4],[3,-21],[-3,-10],[-23,-7],[-15,-1],[-8,-5],[1,-10],[4,-10],[-5,-16],[-16,-18],[-19,-5],[-14,-10],[-9,1],[-12,9],[-9,-2],[-5,-9],[-13,-63],[-8,-5],[-9,3],[-10,-9],[-17,-6],[-6,-12],[-15,-6],[-14,4],[-10,7],[-3,6],[11,17],[0,15],[-3,20],[-13,4],[-20,13],[-1,15],[-8,15],[-1,26],[2,20],[-8,8],[-8,-3],[-5,5],[-3,11],[-16,-4],[-8,4],[-1,14],[-12,3],[-12,-2],[-11,-5],[-14,0],[-10,6]],[[7308,6416],[20,10],[16,10],[11,22],[18,6],[3,9],[11,18],[8,1],[13,-5],[6,8],[2,13],[12,-3],[5,10],[9,7],[5,13],[15,10],[14,18],[7,3],[10,25],[3,32],[-3,18],[-10,9],[-16,10],[8,19],[1,12],[-15,32],[-1,22],[10,7],[24,3]],[[7494,6755],[62,-1],[20,-6],[25,2],[25,12],[23,3],[43,-6],[5,-3],[22,-23],[12,-4],[13,-10],[16,-5],[10,-19],[14,-15],[19,-8],[11,-10],[8,-26],[15,8],[9,-7],[12,22],[11,15],[7,0],[3,10],[14,1],[7,8],[6,3]],[[7906,6696],[10,-2],[2,-13],[13,-4],[0,-12],[14,-7],[12,3],[5,5],[10,-3],[11,12],[6,-4],[7,-17],[-1,-12],[10,-5],[20,11],[9,2],[9,-6],[5,16],[10,1],[9,-4],[9,5],[9,17],[8,6],[16,6],[6,5],[13,18],[25,12],[10,6],[14,21],[3,8],[9,5],[5,-5],[6,3],[9,14],[20,7],[24,-19],[19,-11],[9,-1],[2,-14],[4,-7],[-4,-8],[-24,-11],[-8,-1],[-9,-5],[-4,-19],[11,-30],[-2,-6],[-11,-7],[-4,-11],[-13,-20],[-8,-7],[-1,-10],[21,5],[7,6],[15,-5],[2,-10],[-3,-8],[6,-30],[14,-17],[23,-13],[6,1],[12,10],[10,4],[12,0],[13,13],[4,7],[12,8],[5,8],[-6,16],[1,6],[9,10],[7,1],[3,8],[27,4],[7,6],[-2,15],[20,4],[16,-4],[11,11],[4,-10],[7,0],[10,10],[9,0],[1,-11],[5,-1],[20,3],[7,-5],[4,9],[11,-1],[3,13],[12,4],[20,8],[7,-1],[15,10],[13,5],[2,6],[8,38],[2,7],[28,-1],[13,15],[11,5],[25,-6],[11,2],[10,-3],[14,-15],[5,-11],[19,-9]],[[1609,6127],[41,-20]],[[1650,6107],[-5,-9],[-23,-10],[-29,-26],[-36,-42],[-11,-7],[-7,-1],[-7,-8],[-6,-2],[-13,3],[-18,-3],[-1,-12],[-15,-1],[-6,-10],[-11,-12],[-22,-10],[-13,-19],[-9,-9],[-9,-24],[-7,-2],[-17,12],[-7,2],[-41,-2],[-12,-8],[-11,-21],[-15,-20],[-6,-15],[-11,-16],[-9,-6],[-10,-1],[-12,-10],[-14,-1],[-10,-3],[-18,-13],[-32,-8],[-6,4],[0,17],[7,12],[-11,5],[-18,-6],[-16,4],[-9,0],[-17,8],[-11,0],[-26,4],[-12,0],[-23,5],[-24,-5],[-21,1],[-28,-4],[-7,2],[-13,8],[-15,0],[-18,2],[-54,-31],[-20,-6],[-23,1],[-10,6],[-22,25],[-5,-1],[-19,-17],[0,118],[0,65],[1,114],[2,10],[11,7],[8,15],[-4,13],[-9,10],[-5,18],[13,0],[-3,6],[8,13],[4,16],[-14,-3],[-9,-7],[-12,-15],[-15,-10],[-17,-17],[-11,-7],[-10,-16],[-13,-12],[-9,-13],[-14,-4],[-18,-10],[-8,-17],[-11,-4],[-15,-10],[-10,3],[-8,-6],[-128,0],[-52,0],[3,6],[0,14],[5,10],[-8,21],[-16,12],[-2,9],[3,15],[-9,17],[-2,17],[-7,0],[-11,10],[-8,3],[-24,1],[-14,6],[-48,12],[-90,0],[5,9],[11,13],[12,20],[9,4],[5,12],[10,9],[5,16],[-4,26],[-9,14],[-11,9],[-18,29],[-6,16],[-8,6],[-13,4],[-9,7],[-9,14],[-2,9],[2,11],[-2,10],[-10,6],[-10,11],[-18,11],[-5,8],[-3,17],[-6,10],[-4,11],[1,14],[-9,18],[-6,14],[-18,9],[-6,6],[-4,16],[3,5],[8,-4],[7,6],[3,9],[-2,11],[-7,6],[-16,6],[-6,5],[-29,35],[-11,10],[11,5],[6,20],[-8,19],[4,4],[9,-4],[9,2],[8,6],[19,1],[10,9],[-4,20],[-17,27]],[[47,6824],[256,-121],[513,-145],[127,-76],[666,-355]],[[3391,8707],[5,-79],[-4,-24],[0,-29],[3,-16],[8,-11],[17,-9],[2,-8],[-3,-11],[-1,-30],[2,-8],[8,-11],[17,-18],[13,0],[5,-3],[11,-11],[8,-4],[5,-7],[6,-27],[1,-12],[4,-9],[17,-18],[14,-3],[4,-4],[8,-15],[9,-8],[6,0],[11,-16],[23,-13],[18,-19],[16,-5],[21,-22],[7,-2],[11,-14],[20,-8],[26,-17],[25,-10],[14,3],[5,-2],[5,-11],[14,-1],[18,-11],[8,-18],[10,-13],[20,-11],[14,-12],[7,-3],[13,1],[5,-6],[-4,-19],[3,-12],[14,-8],[11,-4],[13,10],[13,5],[8,-2],[0,-19],[4,-3],[15,-4],[0,-9],[4,-8],[-2,-13],[-82,-204],[-344,-848],[-11,-19],[-17,-17],[-11,-17],[0,-21],[8,-27],[9,-17],[16,-14],[23,-26],[7,-14],[3,-14],[0,-20],[8,-10]],[[3555,6768],[-16,-20],[-3,-11],[-1,-13],[4,-10],[0,-11],[-6,-13],[-8,-10],[-6,-13],[-13,-12],[-5,-10],[0,-15],[12,-32],[4,-21],[0,-8],[-8,-23],[0,-13],[-6,-13],[-5,-15],[-10,-12],[1,-23],[3,-10],[-8,-21],[-4,-17],[-6,-8],[-10,-7],[-687,-6]],[[2777,6401],[1,13],[-5,4],[-23,3],[-7,-9],[-16,-5],[-5,-10],[-4,-18],[-10,-4],[-9,4],[-8,11],[-31,11],[-4,22],[-5,11],[1,8],[-9,6],[-16,-1],[-5,5],[-8,28],[-7,20],[-5,5],[-14,4],[-19,-4],[-3,20],[-18,17],[-6,14],[-3,13],[-11,13],[-23,12],[-17,2],[-142,2],[-12,-20],[3,-16],[-3,-6],[-10,-1],[-20,-6],[-4,-4],[1,-13],[-3,-7],[-17,-5],[-11,-1],[-9,-6],[-6,-12],[-11,-15],[2,-8],[11,-10],[3,-7],[-6,-18],[-11,-19],[-17,-8],[-8,6],[-6,-7],[1,-18],[3,-7],[-3,-16],[3,-16],[-5,-4],[-10,4],[-9,-3],[-10,3],[-20,1],[-13,-9],[-13,4],[-7,-2],[-11,-13],[-9,-4],[-21,2],[-14,9],[-6,-1],[-14,-9],[-10,-9],[-9,-16],[5,-24],[-13,-19],[-4,-10],[-6,-6],[-7,-12],[-11,-10],[-12,5],[-7,11],[0,13],[-5,7],[-1,8],[-5,2],[-11,-9],[-14,-8],[-19,-17],[-5,-15],[-9,-1],[-10,10],[-8,0],[-16,-9],[-6,-8],[-4,-14],[-14,-8],[-6,0],[-4,7],[-11,11],[-7,3],[-15,18],[-15,3],[-23,-4],[-22,0],[-11,3],[-11,-2],[-22,2],[2,-19],[-3,-11],[-23,-29],[-21,-7],[-8,-7],[-14,-15],[-11,0],[-7,-12],[-12,-11]],[[47,6824],[-1,4],[10,37],[1,14],[3,8],[10,6],[5,10],[20,17],[18,12],[15,15],[17,14],[21,2],[17,8],[7,7],[8,21],[2,12],[-7,17],[-5,31],[-11,14],[-2,18],[9,19],[13,32],[7,8],[24,36],[5,14],[4,24],[-3,24],[9,24],[2,15],[6,11],[-1,19],[-4,16],[10,3],[4,6],[15,3],[9,8],[21,-2],[6,11],[23,18],[7,1],[5,12],[5,0],[10,10],[2,14],[12,6],[5,6],[16,0],[15,12],[12,8],[7,8],[6,11],[6,-2],[14,8],[11,12],[9,6],[19,2],[7,6],[8,-3],[9,3],[8,-6],[11,1],[10,5],[10,-1],[4,10],[7,2],[20,1],[5,-6],[13,8],[4,12],[11,0],[6,-8],[10,13],[9,-10],[10,9],[12,-5],[5,10],[9,-10],[16,22],[5,12],[7,4],[-1,8],[3,7],[13,6],[14,-4],[7,2],[2,7],[9,4],[0,-12],[11,-7],[4,11],[7,1],[7,-8],[10,9],[6,2],[16,-8],[4,7],[7,-8],[-2,-15],[3,-8],[11,-10],[6,-1],[5,-10],[5,4],[6,14],[14,1],[7,-16],[9,-2],[8,6],[6,13],[-1,7],[4,9],[13,83],[14,82],[13,83],[19,124],[14,82],[13,83],[13,83],[12,75],[4,17],[0,12],[4,24],[-1,11],[5,15],[-11,23],[2,11],[-2,13],[-20,20],[-1,11],[-7,10],[0,6],[-12,21],[10,23],[-5,12],[-1,8],[-5,15],[-8,6],[-18,8],[-10,11],[-11,9],[-4,8],[-19,10],[-5,8],[-20,23],[-4,15],[2,89],[2,94],[4,-4],[9,4],[10,-1],[33,5],[16,9],[9,7],[17,-4],[5,10],[9,2],[12,8],[14,-4],[17,-19],[10,4],[6,-3],[-1,-7],[16,-1],[8,7],[6,-2],[6,5],[-4,10],[-9,10],[6,7],[-2,22],[5,6],[-13,11],[2,9],[-7,11],[-12,13],[-11,7],[-8,-1],[-10,-8],[-14,8],[-16,-1],[-15,4],[-22,-4],[-3,6],[-7,3],[-15,-9],[-5,0],[0,157],[-1,10],[11,0],[13,7],[22,1],[15,8],[9,0],[16,-4],[17,-8],[9,-1],[125,0],[142,0],[-6,4],[-1,7],[-10,2],[0,10],[-10,5],[5,7],[13,39],[7,-10],[10,-4],[6,-8],[9,-28],[6,-9],[8,-8],[15,-2],[15,5],[16,14],[27,41],[17,21],[19,13],[8,1],[8,7],[16,-6],[6,-6],[11,-30],[6,-11],[24,-37],[9,-20],[7,-27],[3,-16],[-6,-74],[3,-20],[4,-1],[43,13],[105,-108],[13,-10],[14,-4],[13,4],[9,-2],[7,-5],[10,2],[7,9],[15,3],[9,5],[13,17],[10,9],[19,10],[9,7],[10,2],[26,-2],[11,-12],[4,-17],[-4,-12],[-12,-20],[1,-12],[5,-9],[9,-1],[16,10],[9,16],[0,10],[5,11],[13,19],[4,2],[15,-1],[9,3],[6,8],[2,10],[2,22],[5,12],[8,2],[18,1],[1,6],[14,11],[13,4],[13,13],[15,-7],[9,1],[28,21],[12,23],[32,22],[10,-2],[-7,-27],[1,-6],[9,-1],[11,21],[16,13],[12,13],[11,7],[10,18],[2,10],[0,15],[3,16],[2,22],[3,9],[10,8],[16,4],[27,-1],[9,4],[32,29],[13,7],[11,-1],[22,7],[6,22]],[[2380,9222],[12,-14],[10,-6],[8,0],[12,4],[11,1],[4,-4],[2,-12],[16,-19],[11,-5],[16,1],[18,-2],[32,-18],[2,-15],[-8,-14],[5,-25],[-8,-9],[-9,-25],[15,-28],[22,-20],[2,-14],[12,-45],[2,-14],[8,-19],[1,-25],[12,-28],[2,-12],[-8,-10],[-12,-8],[0,-15],[11,-35],[0,-13],[-9,-15],[-2,-8],[2,-13],[-1,-9],[-8,-17],[0,-18],[10,-21],[-5,-13],[-7,-7],[-2,-7],[4,-9],[13,-20],[3,-17],[4,-8],[16,-12],[8,-19],[0,-32],[12,-13],[3,-23],[-1,-8],[-12,-13],[-3,-7],[-7,0],[-16,6],[-5,-3],[-1,-17],[4,-7],[15,-7],[8,-12],[15,-18],[17,-10],[8,-16],[15,-6],[13,-12],[12,-7],[8,-16],[12,-10],[13,-32],[13,-4],[14,7],[11,-10],[16,-2],[8,1],[-4,27],[0,5],[10,34],[0,18],[4,13],[-5,20],[1,14],[6,15],[4,26],[8,9],[8,14],[16,10],[11,3],[21,10],[5,13],[19,3],[7,-1],[11,-10],[29,-6],[6,-15],[20,-19],[12,-27],[-1,-9],[6,-6],[22,-2],[9,6],[19,1],[3,10],[7,13],[29,9],[8,9],[-3,13],[-13,16],[-4,10],[2,14],[15,40],[1,19],[13,22],[8,27],[11,13],[7,15],[3,16],[13,9],[4,12],[5,3],[57,2],[202,-1]],[[6604,7925],[8,8],[-2,-20],[-4,-11],[2,-9],[-9,-5],[-11,-17],[-4,3],[6,11],[3,15],[-4,15],[1,16],[7,15],[15,10],[-1,-15],[-3,-12],[-4,-4]],[[7143,7938],[-14,1],[-18,8],[-2,11],[5,4],[9,-10],[7,-2],[13,-12]],[[7154,7958],[7,-13],[-10,-4],[-8,12],[-8,4],[-6,7],[18,-2],[7,-4]],[[6761,8020],[9,6],[4,-4],[-3,-13],[-13,-4],[-4,8],[7,7]],[[6818,8029],[-9,2],[-2,10],[14,3],[-3,-15]],[[6801,8034],[-11,-1],[-6,-6],[-7,4],[3,9],[-2,11],[5,11],[7,7],[13,3],[6,-8],[-6,-9],[-2,-21]],[[6520,8323],[3,-6],[-2,-8],[-17,-17],[-13,4],[-1,9],[2,8],[9,13],[6,-3],[6,4],[7,-4]],[[7202,7940],[-3,-19],[-2,-4],[4,-14],[7,-7],[-6,-25],[-11,-15],[-7,-4],[-7,-19],[-4,-1],[-7,-12],[-23,-7],[2,-11],[-18,-25],[-8,-8],[-14,-3],[-20,-1],[-4,-4],[-9,0],[-7,-4],[-10,7],[-4,-9],[-12,-21],[-13,-12],[-10,-21],[2,-23],[-8,-12],[-7,-23],[-9,-6],[-17,-24],[-2,-11],[-7,-15],[-12,-9],[-11,-16],[1,-17],[5,-17],[15,-8],[8,-24],[-3,-18],[-8,-18],[-8,-5],[4,-19],[-4,-7],[0,-9],[10,-9],[4,-18],[7,-9],[-1,-8],[4,-13],[1,-21],[7,-16],[0,-8],[-6,-8],[0,-23],[-4,-7],[-14,-13],[-8,-15],[-7,-8],[-10,-22],[-6,-8],[-11,-6],[4,-23],[-6,-15],[2,-19],[2,-8],[-3,-7],[3,-16],[7,-14],[-4,-9],[8,-14],[9,-4],[8,-16],[26,-17],[-1,-30],[-4,-17],[3,-14],[-4,-3],[-1,-15],[-7,-14],[-3,-18],[-12,-15],[-9,-6],[-12,2],[-14,-5],[-14,7],[-23,-12],[-15,-2],[-12,-9],[-9,0],[-10,10],[-10,6],[-2,7],[-8,2],[-18,11],[-8,1],[-23,-3],[-3,-4],[-17,-7],[-30,-4],[-6,-16],[-5,5],[-6,-11],[-11,-8],[-1,-10],[-14,-19],[-6,-2],[-7,-21],[-4,-6],[-11,-1],[-21,-8],[-11,-8],[-7,-10],[-11,-8],[-6,-11],[-11,-7],[-8,-16],[-5,-4],[-9,8],[-5,-2],[-9,2],[-18,-12],[-3,-8],[-26,-13],[-17,-3],[-17,-8],[-27,-5],[-12,-12],[-19,-11],[-8,-7],[-5,-10],[-3,-19],[-4,-12],[-7,-33],[2,-10],[-4,-7],[-3,-32],[-8,-18],[-9,-8],[-1,-14],[-17,-32],[-1,-21],[-2,-11],[-8,-6],[4,-6],[-7,-8],[-5,-16],[-8,-5],[-8,-13],[-8,-5],[-3,-14],[-6,-9],[-3,-13],[9,-21],[2,-9],[0,-18],[6,-16],[0,-30],[2,-8],[15,-12],[5,-9],[2,-13],[-2,-10],[-7,-9],[-1,-52],[3,-10],[-6,-14],[-2,-17],[2,-18],[-1,-9],[-9,-5],[0,-16],[-11,-20],[3,-13],[-3,-18],[1,-9]],[[6284,6004],[-20,12],[-12,16],[-23,9],[-20,-4],[-15,5],[-4,9],[-10,11],[-3,8],[-10,15],[1,14],[-4,16],[-6,7],[-16,11],[-9,10],[-9,5],[-3,12],[6,12],[10,3],[6,15],[9,10],[0,9],[-5,5],[-24,11],[-20,12],[-12,12],[-5,14],[1,20],[-5,16],[-10,16],[-11,9],[-16,0],[-10,4],[-6,9],[5,11],[19,23],[16,14],[1,5],[-5,18],[4,11],[5,30],[10,25],[11,12],[16,8],[13,2],[36,0],[-10,21],[8,10],[4,18],[-3,9],[8,27],[-5,27],[-12,5],[-7,9],[-7,2],[-9,-3],[-22,-3],[-7,-6],[-21,-3],[-16,-11],[-9,-10],[-7,-1],[-7,12],[-8,6],[-4,11],[-12,19],[-13,11],[-8,17],[-8,5],[0,6],[-7,16],[-8,3],[-5,12],[-8,3],[-2,11],[-9,-2],[-13,24],[-14,-3],[4,9],[15,10],[4,11],[-3,9],[-6,6],[-17,3],[-12,-10],[-4,11],[-12,10],[-6,8],[4,8],[8,4],[11,-3],[12,23],[16,15],[7,31],[-3,9],[0,16],[5,15],[-3,9],[7,26],[1,14],[10,16],[-3,12],[4,13],[-2,8],[8,19],[0,11],[-7,14],[-4,19],[0,33],[2,27],[-9,27],[-6,6],[3,39],[-6,16],[-9,13],[-13,2],[-29,20],[-8,2],[-18,0],[-4,9],[-2,17],[-7,7],[-23,6],[-14,-9],[-20,2],[-36,20],[-6,4],[-17,0],[-18,-6],[-13,-12],[-6,-17],[-6,-7],[-7,7],[-11,-3],[-8,-11]],[[5662,7276],[-2,4],[107,99],[102,92],[15,1],[6,-5],[11,1],[17,15],[15,26],[5,6],[8,22],[6,8],[11,8],[3,13],[6,11],[2,20],[4,9],[11,4],[14,14],[13,18],[10,6],[7,16],[5,35],[-1,8],[6,19],[0,10],[12,9],[0,8],[6,13],[-1,12],[18,17],[11,3],[1,9],[8,6],[3,16],[5,1],[17,26],[2,18],[4,9],[-3,19],[1,6],[16,11],[-5,3],[-15,25],[1,6],[13,13],[13,6],[8,7],[5,17],[10,2],[3,7],[-1,26],[5,6],[-8,7],[7,9],[1,22],[8,-3],[11,11],[10,17],[5,22],[8,21],[2,11],[0,32],[-8,3],[-12,-2],[-3,18],[17,2],[9,11],[0,21],[5,7],[-5,22],[6,13],[3,11],[8,12],[-8,8],[4,19],[13,8]],[[6253,8339],[5,5],[10,20],[10,5],[0,-12],[-6,-3],[-1,-11],[11,-7],[6,1],[1,11],[7,21],[8,-2],[-7,-11],[-1,-8],[4,-7],[3,-18],[5,10],[6,-11],[8,3],[3,14],[3,1],[6,18],[6,-7],[-7,-16],[10,4],[2,-13],[4,-4],[0,-15],[7,-6],[3,10],[-3,6],[6,6],[11,-5],[-1,-12],[8,7],[1,-24],[9,14],[4,11],[8,4],[3,-6],[-2,-9],[-12,-5],[-6,-29],[7,-5],[2,11],[7,8],[5,-3],[10,23],[-1,7],[11,-1],[3,-23],[-16,-15],[-1,-16],[7,-12],[-5,-26],[3,-12],[6,-3],[9,3],[2,7],[11,5],[0,7],[-7,13],[2,7],[10,14],[5,0],[4,11],[8,-1],[8,6],[12,-6],[7,-1],[2,-9],[7,-7],[3,13],[13,12],[6,9],[4,-7],[-1,-11],[-7,-4],[-6,-11],[-1,-8],[-6,-5],[5,-8],[8,8],[8,-4],[3,12],[6,-11],[0,-11],[8,-13],[11,-5],[-1,-16],[5,-7],[6,1],[4,6],[2,18],[13,-7],[-6,-5],[-4,-15],[11,-5],[2,6],[14,-8],[-13,-10],[13,-2],[3,-6],[4,-20],[-3,-15],[-12,-8],[-12,-17],[3,-5],[-13,-15],[-12,-2],[-2,-7],[8,-2],[4,-6],[-6,-12],[8,-2],[1,11],[4,10],[11,10],[6,4],[4,8],[9,9],[8,1],[8,-4],[6,-9],[3,-20],[5,-9],[-2,-17],[-5,-7],[-18,0],[-6,-4],[-4,-21],[-20,-43],[-5,-7],[1,-6],[-4,-13],[-1,-22],[-8,-16],[-2,-20],[2,-4],[14,-4],[0,-6],[-9,-8],[-10,-14],[-3,-10],[-13,-6],[5,-5],[7,5],[10,1],[8,6],[7,15],[9,3],[10,18],[12,7],[10,14],[6,20],[0,24],[7,28],[5,1],[-4,29],[4,6],[11,-1],[0,9],[5,5],[13,2],[33,18],[9,-4],[-2,-14],[2,-11],[-4,-10],[-7,-2],[-12,-29],[-26,-13],[-16,-16],[12,-6],[3,11],[15,-3],[3,-8],[-7,-7],[2,-8],[10,8],[7,17],[7,2],[6,-4],[1,15],[10,22],[13,8],[9,13],[8,-5],[17,5],[15,9],[14,-8],[-1,11],[13,0],[14,-7],[0,9],[5,5],[8,-12],[8,1],[2,16],[-7,16],[8,14],[10,1],[22,-3],[25,-8],[18,-10],[45,-19],[22,-14],[10,-3],[14,0],[9,-8],[9,-13],[11,-8],[9,-3],[12,4],[-4,-14],[12,-8],[8,6],[8,-7],[26,0],[1,-11],[8,-3],[17,2],[13,-1],[14,-4],[5,3],[14,-6],[1,12],[-17,12],[4,5],[35,-2],[-1,-9]],[[5455,8175],[-1,11],[10,5],[13,-1],[0,-8],[-17,-3],[-5,-4]],[[5520,8166],[-2,-3],[-13,5],[-4,2],[-2,5],[1,3],[6,6],[1,8],[18,18],[13,-14],[-3,-10],[-15,-20]],[[5496,8225],[10,-5],[-2,-9],[-15,-9],[-6,2],[0,16],[13,5]],[[5753,8344],[-14,-7],[-18,13],[7,13],[2,9],[8,4],[14,-3],[6,-13],[-5,-8],[0,-8]],[[5774,8386],[-19,1],[-2,12],[7,14],[10,20],[10,6],[8,-8],[0,-18],[-14,-27]],[[5835,8486],[8,-2],[6,-7],[-6,-10],[-10,-5],[-5,14],[7,10]],[[5191,8499],[3,-22],[-6,-12],[-21,-4],[-9,-9],[-11,-4],[-17,-11],[-2,11],[2,14],[8,14],[11,2],[13,15],[26,13],[3,-7]],[[5890,8501],[10,-1],[5,-7],[-2,-24],[-12,-2],[-3,19],[-8,3],[-2,12],[5,9],[7,-9]],[[5103,8506],[4,-12],[12,-8],[-1,-12],[-14,-31],[-3,-9],[-5,-32],[-4,-14],[-9,4],[-5,-2],[-17,-37],[-6,-8],[-27,-26],[-25,-17],[-16,-17],[-10,-8],[-15,-3],[-9,-5],[-12,7],[-2,8],[3,8],[8,13],[4,19],[3,6],[17,14],[4,9],[14,6],[7,9],[4,10],[-5,10],[1,34],[2,10],[12,14],[9,24],[5,8],[12,15],[18,14],[13,5],[3,-12],[8,5],[3,11],[15,-5],[4,-5]],[[5068,8531],[-5,6],[9,7],[7,11],[14,38],[9,11],[9,3],[5,6],[7,-5],[-4,-27],[-4,-10],[-7,-10],[-18,-15],[-14,-8],[-8,-7]],[[5355,8615],[13,-6],[7,1],[47,-12],[32,-11],[30,2],[13,3],[8,-2],[9,12],[13,7],[3,-1],[22,5],[11,-4],[35,-1],[7,-7],[12,7],[10,-1],[-3,-13],[17,2],[26,-8],[22,3],[13,-5],[26,-4],[8,-3],[6,-6],[-1,-20],[-11,-10],[-8,-19],[-1,-23],[-5,-13],[-3,-30],[-9,7],[3,-14],[-3,-7],[3,-12],[-3,-12],[-5,-5],[-12,-5],[-9,-20],[5,0],[0,-14],[-3,-5],[-17,-13],[-9,-4],[-8,-11],[-10,-5],[-1,-9],[12,-8],[-3,-16],[-6,-19],[-6,4],[-19,27],[0,-13],[5,-11],[18,-14],[-14,-9],[-3,-7],[-33,-7],[-11,10],[-9,24],[-9,-2],[2,-12],[-4,-19],[0,-15],[-5,-9],[-16,1],[-13,12],[-12,14],[0,-12],[12,-13],[-4,-8],[-22,6],[-8,9],[-4,-9],[-7,-6],[2,-13],[-3,-7],[-14,0],[-11,-12],[-4,0],[-7,12],[-2,12],[-7,2],[7,-16],[-2,-10],[-9,-9],[-10,-3],[-7,6],[-9,2],[-7,6],[-17,4],[-7,10],[2,12],[-7,-1],[1,-10],[-9,-11],[-14,-8],[-7,8],[-17,6],[-6,-2],[-2,-18],[-12,-7],[-12,0],[-35,8],[-10,9],[9,8],[-5,12],[-35,39],[-14,28],[1,11],[-2,17],[7,36],[-6,18],[6,4],[23,-14],[23,-4],[-10,10],[11,5],[2,12],[-23,-11],[-21,4],[-8,16],[-1,27],[6,27],[-3,9],[1,29],[9,27],[12,-22],[17,-9],[-1,9],[-13,2],[-10,28],[-2,11],[7,31],[4,4],[5,20],[12,12],[4,7],[10,1],[10,7],[18,-1],[10,15],[9,1],[13,-3],[39,-5]],[[5176,8570],[-6,-6],[-10,4],[-2,6],[-8,5],[-6,9],[1,18],[11,21],[3,11],[5,8],[13,3],[16,9],[12,3],[9,-10],[14,-6],[8,-18],[-3,-9],[-12,-12],[-19,-11],[-13,-15],[-13,-10]],[[5492,8667],[12,0],[11,-7],[2,-11],[5,-3],[-2,-12],[-14,-10],[-4,-6],[-12,-3],[-44,-1],[-6,-3],[-26,11],[2,9],[18,18],[26,15],[23,4],[9,-1]],[[5278,8649],[-11,-5],[-16,4],[-11,10],[-6,12],[-3,17],[9,9],[6,0],[21,-6],[9,-9],[4,-23],[-2,-9]],[[5339,8716],[-12,-4],[5,11],[13,10],[11,3],[0,-9],[-17,-11]],[[5482,8726],[-16,-9],[-21,-16],[-16,-18],[-14,-31],[-9,-6],[-21,-6],[-10,-5],[-14,18],[-13,5],[-11,-2],[-7,3],[-20,-7],[-11,9],[-2,8],[3,9],[-9,4],[0,17],[3,5],[14,0],[11,4],[13,-2],[20,0],[10,10],[6,10],[17,2],[9,-4],[14,2],[7,5],[40,17],[20,0],[7,-8],[0,-14]],[[5299,8784],[-2,-29],[7,-19],[0,-14],[-6,-8],[-14,-7],[-3,-15],[-13,4],[-7,6],[2,15],[8,2],[7,32],[7,8],[-5,13],[0,17],[11,17],[8,-11],[0,-11]],[[5369,8799],[1,-13],[-3,-6],[-28,-25],[-18,-14],[-8,-1],[-6,15],[-1,21],[3,9],[13,16],[24,1],[3,8],[13,5],[7,-16]],[[4307,9279],[10,-11],[0,-12],[4,-26],[-9,-21],[-6,-4],[-1,-11],[7,-11],[-7,-12],[5,-17],[0,-19],[2,-23],[4,-9],[11,-2],[13,4],[12,1],[18,-9],[19,4],[10,0],[16,-10],[21,-18],[7,1],[9,-12],[10,-18],[2,-9],[10,0],[6,4],[18,-15],[9,-16],[12,-4],[3,8],[13,-6],[4,6],[18,1],[2,-15],[11,3],[11,-2],[-2,-14],[4,-5],[2,-13],[16,6],[6,-1],[6,-20],[-12,-7],[1,-14],[6,-14],[4,-27],[16,-16],[10,-19],[8,-6],[29,-8],[5,-8],[0,-9],[-4,-16],[-2,-21],[2,-15],[0,-24],[10,-25],[10,-11],[2,-13],[5,-15],[-2,-21],[10,-18],[13,-45],[9,-3],[11,6],[28,-32],[6,-13],[10,-11],[-1,-41],[6,-14],[10,-2],[8,-7],[4,-21],[-2,-16],[2,-9],[-2,-13],[4,-1],[13,5],[9,-2],[7,-14],[-5,-8],[4,-20],[4,-9],[8,-3],[10,-12],[8,-4],[24,-2],[9,-7],[9,0],[13,3],[2,6],[18,-4]],[[4950,8352],[-5,-5],[-1,-12],[4,-22],[-2,-4],[-16,-18],[-16,-2],[-19,6],[-10,9],[-12,-2],[-6,-8],[-13,-6],[-15,-4],[-9,-5],[-8,-10],[-18,-9],[-14,-2],[-14,-5],[-6,-6],[0,-8],[26,7],[38,1],[22,5],[10,8],[9,-11],[2,-11],[-6,-13],[2,-13],[11,5],[8,13],[9,4],[10,-1],[7,4],[10,0],[20,9],[55,44],[16,3],[9,6],[16,6],[11,7],[8,16],[16,5],[5,-3],[9,6],[12,19],[11,11],[29,17],[10,13],[-5,13],[19,8],[19,-2],[4,-6],[0,-24],[-2,-7],[-8,-6],[-7,-10],[-13,-2],[25,-18],[6,-9],[-2,-20],[0,-15],[5,-8],[-3,-9],[9,-16],[3,-11],[17,-18],[4,-22],[4,-11],[-8,-7],[-6,-14],[-9,-6],[-2,-10],[-11,-3],[-15,11],[-2,-7],[14,-13],[20,2],[8,3],[1,15],[9,13],[11,-3],[10,-20],[9,-8],[13,-1],[5,-8],[-3,-7],[6,-20],[11,12],[2,11],[13,17],[8,3],[16,0],[10,-5],[2,8],[10,9],[19,6],[11,0],[10,-4],[12,-10],[6,-21],[-2,-21],[8,-14],[-4,24],[1,20],[6,7],[11,1],[7,-4],[12,1],[17,17],[8,1],[6,-6],[3,17],[9,8],[12,-9],[-6,-10],[1,-5],[1,-3],[15,-7],[3,-8],[-6,-15],[1,-5],[-8,-12],[-1,-20],[-3,-14],[-6,-5],[-7,-14],[-1,-13],[-4,-8],[-2,-10],[-4,-9],[1,-26],[-14,-23],[-12,-7],[-6,-9],[15,-1],[17,8],[4,3],[2,13],[8,6],[11,22],[0,19],[2,7],[21,42],[4,11],[3,18],[15,37],[7,10],[13,13],[5,23],[16,12],[9,10],[4,12],[6,9],[16,0],[-4,-19],[-8,-8],[1,-10],[-9,-18],[12,7],[4,11],[7,8],[0,8],[15,15],[17,28],[9,10],[9,23],[3,0],[15,-33],[9,-17],[8,-8],[18,-9],[-5,19],[-8,9],[23,7],[8,6],[-15,8],[-11,-5],[-11,7],[5,42],[11,17],[2,-4],[0,-17],[19,-4],[8,32],[8,14],[-6,20],[4,4],[18,3],[8,18],[5,30],[-5,7],[2,8],[9,15],[17,16],[4,-8],[-1,-7],[12,-15],[5,10],[15,11],[3,6],[10,-1],[-1,18],[4,11],[7,-9],[2,-9],[10,-2],[2,-18],[-3,-11],[17,8],[12,12],[3,26],[10,-9],[4,-15],[7,-11],[-1,-13],[16,0],[2,7],[-5,9],[-7,-7],[0,28],[2,7],[7,3],[3,-8],[0,-13],[27,18],[3,-2],[1,-12],[8,7],[10,-8],[-3,-12],[12,-4],[4,-7],[7,12],[8,5],[-3,-19],[4,-3],[4,-15],[8,15],[5,1],[8,12],[0,-16],[6,-7],[1,-9],[5,-6],[6,12],[7,3],[-3,9],[11,12],[2,-12],[-7,-9],[6,-7],[1,-9],[6,-1],[6,9],[6,-9],[7,10],[16,3],[4,-13],[-6,-8],[4,-15],[6,-4],[4,11],[13,11],[17,4],[2,-6],[-14,-7],[-2,-14],[2,-12],[6,-6],[4,5],[7,-3],[5,7],[8,-6],[11,0],[11,26],[11,6],[6,-3],[-11,-23],[3,-7],[-3,-27],[13,-1],[4,8],[12,10],[6,-18],[-4,-4],[0,-12]],[[5662,7276],[8,0],[12,-8],[18,-7],[5,3],[30,3],[7,-3],[11,-22],[11,-12],[13,-1],[3,-7],[8,-7],[4,-13],[-10,-14],[-9,-5],[-14,-2],[-1,-21],[4,-10],[10,-11],[2,-6],[-4,-8],[-14,-3],[-7,-5],[0,-12],[11,-8],[0,-11],[-8,-6],[-21,-6],[-3,-7],[1,-19],[4,-14],[7,-7],[-3,-9],[-16,5],[-9,-2],[-24,-22],[-13,-27],[2,-5],[0,-18],[-6,-8],[-30,-14],[-6,-6],[-11,-1],[-26,-9],[-9,-7],[-33,-24],[-4,-6],[-1,-10],[7,-31],[1,-36],[-8,-22],[-35,-49],[-3,-12],[0,-13],[3,-11],[15,-18],[19,-16],[14,-7],[-3,-30],[-4,-16],[-1,-20],[-6,-6],[-1,-11],[-16,-56],[-2,-10],[-16,-14],[-11,-28],[-17,-32],[1,-9],[-12,-17],[-6,-15],[-9,-7],[-13,-3],[-17,-13],[-14,-27],[-11,-14],[-13,-23],[-12,-12],[-5,-11],[-12,-15],[-3,-17],[-7,-24],[-3,-27],[-7,-19],[-1,-11],[-9,-10],[-10,-26]],[[5324,6126],[-210,12],[-28,2],[-850,57],[-306,25],[-6,0],[-14,7],[-10,8],[-18,8],[-21,-5],[-6,6],[-3,16],[-6,10],[-20,7],[-17,0],[-10,4],[-6,11],[0,17],[-2,11],[-5,7],[-16,8],[-11,8],[-16,8],[-14,11],[-2,8],[-25,23],[-7,4],[-15,5],[-7,27],[-7,10],[-2,30],[-7,16],[3,11],[0,16],[6,26],[-3,7],[-12,14],[-6,13],[-10,12],[-9,24],[-4,23],[-10,24],[-3,20],[-11,19],[-8,23],[-18,30],[-17,19]],[[3391,8707],[-23,278]],[[3368,8985],[10,-7],[7,-17],[14,-8],[14,4],[14,18],[6,3],[23,-3],[6,3],[7,-4],[9,17],[-2,11],[-5,16],[3,4],[19,4],[6,5],[1,12],[7,4],[4,10],[16,-8],[9,-1],[8,3],[8,-13],[18,-2],[10,2],[7,13],[2,9],[-1,12],[19,-1],[25,15],[16,2],[19,-4],[17,3],[7,6],[14,21],[8,22],[10,6],[10,12],[10,1],[13,-7],[19,14],[11,5],[7,-6],[4,-13],[10,-7],[20,0],[7,-8],[19,-4],[6,2],[9,8],[12,0],[10,6],[15,-8],[20,10],[15,-6],[11,2],[25,-11],[10,1],[15,-4],[14,-7],[14,-3],[15,5],[7,8],[1,10],[-2,35],[-16,20],[-8,6],[-5,16],[-4,4],[-14,2],[-2,7],[6,15],[6,5],[6,-3],[11,15],[2,16],[4,15],[4,2],[10,-3],[12,-12],[20,-6],[6,-10],[7,-3],[18,5],[8,5],[22,0],[25,-1],[6,3],[4,13],[11,7],[12,-6],[18,16],[7,1],[6,-9],[8,4],[13,12],[13,5],[-4,-17],[22,-25],[9,-3],[14,6]],[[2777,6401],[23,-20],[5,-17],[-10,-21],[-5,-22],[0,-12],[5,-18],[0,-7],[-14,-4],[0,-9],[-4,-11],[2,-6],[9,-8],[3,-8],[0,-14],[6,-27],[9,-19],[-9,-17],[-9,-5],[5,-8],[5,-27],[-4,-19],[0,-15],[-8,-17],[-1,-22],[5,-13],[-2,-16],[10,-24],[9,-14],[2,-7],[-4,-33],[-4,-31],[8,-6],[-1,-13],[-10,-8],[2,-22],[-3,-19],[3,-10],[9,-2],[230,-2],[0,-9],[13,-16],[8,-1],[6,6],[10,1],[7,-6],[15,-4],[7,3],[17,-2],[16,-8],[5,-14],[4,-19],[11,-28],[-4,-8],[-9,-8],[-4,-11],[-9,-12],[-17,-16],[-1,-15],[1,-22],[3,-13],[2,-21],[5,-8],[11,1],[6,-4],[9,-24],[2,-11],[8,-12],[2,-7],[0,-29],[6,-22],[8,-15],[-4,-15],[-15,-44],[-18,-23],[-2,-6],[-9,-37],[-10,-14],[-15,-5],[-10,-6],[-13,-18],[-4,-7],[-1,-18],[-17,-34],[-7,-38],[-5,-6],[-18,-11],[-39,-29],[-14,-16]],[[2976,5147],[-18,15],[-15,7],[-6,6],[-28,5],[-4,5],[0,10],[-17,-2],[-7,-10],[-20,-1],[-25,8],[-25,-13],[-10,-1],[-10,3],[-9,8],[-17,-2],[-15,-6],[-5,2],[-13,-4],[-8,4],[-4,17],[-20,20],[-10,6],[-17,21],[-8,12],[0,21],[-14,3],[-10,5],[-16,-6],[-20,1],[-11,8],[-6,8],[-8,3],[-14,0],[-19,9],[-3,10],[-7,7],[-8,-5],[-19,-1],[-5,10],[-7,2],[-14,20],[-12,2],[-5,7],[-3,10],[-8,11],[1,7],[-7,17],[-14,5],[-15,-9],[-10,-9],[-16,0],[-17,10],[-15,15],[-2,7],[-6,6],[-10,2],[-13,10],[-13,8],[-32,5],[-14,-5],[-13,-17],[-11,5],[-12,-4],[-4,8],[-14,0],[-9,-3],[-16,12],[-16,-6],[-2,8],[-12,-1],[-10,3],[-13,17],[-8,4],[5,29],[-5,6],[-13,5],[-10,1],[-16,9],[-6,7],[0,12],[-10,-4],[-7,9],[-6,14],[-10,4],[-5,-2],[-31,7],[-4,7],[5,12],[-8,9],[-2,15],[-6,19],[-16,10],[-1,-12],[-5,-2],[-7,7],[-2,13],[3,9],[-1,17],[-5,2],[-1,17],[-8,5],[-8,-2],[-6,7],[-7,22],[6,16],[-11,9],[-3,10],[6,9],[-8,11],[0,6],[12,12],[2,5],[-2,14],[9,11],[-2,10],[-2,22],[-9,11],[-10,6],[5,26],[-1,7],[-11,11],[2,17],[-5,24],[9,5],[3,14],[7,16],[8,4],[5,19],[4,6],[-4,30],[-4,14],[-3,20],[1,10],[7,16],[0,10],[-8,10],[-7,20],[-10,8],[-8,-1],[-14,-13],[-8,-16],[-8,-11],[-7,1],[-14,12],[-9,-1],[2,9],[-12,-4],[-6,10],[-6,-13],[-4,7],[-9,-6],[-9,2],[-11,-1],[-15,-8],[-13,6],[-23,-4],[-15,-9],[-22,-4],[-13,-7],[-8,-3],[-14,1],[-27,-5],[-3,-3]],[[6284,6004],[27,-4],[15,1]],[[6326,6001],[-5,-2],[-6,-21],[-11,-12],[-14,-8],[-27,-19],[-11,-3],[-11,-13],[-12,-6],[-11,-13],[-14,-13],[-2,-6],[8,-7],[2,-7],[7,-11],[-3,-9],[-16,-6],[-11,-8],[-14,-32],[-7,-22],[-15,-14],[-9,-21],[4,-15],[14,-10],[6,-15],[8,-7],[33,-5],[20,-6],[17,-9],[7,-6],[-5,-16],[-4,-4],[-27,-12],[-7,-10],[1,-14],[5,-6],[12,3],[9,-1],[12,-7],[7,-12],[-1,-5],[-14,-10],[-17,-8],[-8,-13],[-17,-11],[-3,-9],[-1,-55],[6,-21],[12,-8],[14,-3],[9,-9],[0,-25],[-17,-29],[-2,-8],[3,-13]],[[5268,5356],[-10,2],[-15,8],[-7,38],[-9,7],[4,7],[0,11],[4,16],[0,12],[4,6],[-4,31],[1,9],[-3,9],[-7,12],[-3,38],[1,11],[5,10],[-1,8],[3,13],[-6,4],[-7,39],[11,12],[2,14],[-3,7],[-9,5],[-9,16],[4,25],[7,25],[5,12],[2,30],[9,14],[2,14],[-5,25],[5,17],[-3,12],[6,8],[3,20],[-3,14],[6,12],[6,2],[6,12],[-1,9],[5,7],[1,15],[4,9],[12,15],[4,11],[4,22],[-2,15],[5,13],[16,21],[6,26],[10,20]],[[5161,3657],[0,-5],[6,-14],[-11,-7],[-3,-23],[-5,-8],[-2,-15],[5,-38],[0,-32],[3,-19]],[[4667,2830],[-69,-33],[-17,-11],[-10,-12],[-8,-25],[-2,-23],[-18,-48],[-7,-9],[-24,-16],[-19,-8],[-6,-8],[0,-9],[-10,-38],[-2,-15],[-9,-31],[0,-23],[-2,-11],[-5,-5],[-18,-9],[-15,-12]],[[4426,2484],[-27,17],[-13,18],[-42,27],[-6,1],[-13,-10],[-29,-11],[-15,-8],[-11,-13],[-12,-1],[-10,-4],[-14,0],[-14,-7],[-8,-1],[-23,7],[-14,1],[-7,3],[-7,12],[-4,50],[-4,16],[-15,18],[-2,35],[6,14],[0,8],[-9,13],[-1,10],[5,16],[-5,21],[-9,7],[0,19],[-9,11],[1,18],[-5,19],[0,10],[9,24],[-1,17],[-2,8],[-15,8],[-10,15],[-2,31],[-4,9],[-9,7],[-12,17],[-7,-5],[-14,2],[-9,6],[-6,-3],[-39,2],[-27,19],[-12,15],[-6,16],[-5,3],[-20,-5],[-8,-10],[-9,-15],[-15,-12],[-2,-6],[-12,12],[-4,-8],[-17,-1],[-7,-10],[-9,-1],[-7,7],[-22,8],[-15,-1],[-30,13],[-13,-7],[-14,3],[-12,-3],[-7,5],[-12,4],[-9,-3],[-10,5],[-13,-2],[-9,19],[-18,0],[-24,-10],[-7,6],[-7,-2],[-8,2],[-10,12],[0,10],[5,15],[8,18],[-6,14],[4,10],[-1,15],[10,17],[-10,16],[6,16],[-8,8],[4,20],[15,25],[2,6],[-11,11],[13,19],[4,23],[-5,22],[6,11],[1,11],[-6,-1],[-10,11],[-4,8],[9,6],[2,7],[-6,7],[-12,3],[18,16],[-10,13],[-10,1],[-9,14],[-1,12],[-3,13],[0,11],[4,12],[-13,7],[-8,8],[-4,17],[2,7],[-4,6],[-10,-1],[0,9],[8,3],[-9,13],[12,6],[12,9],[7,11],[8,3],[6,7],[14,0],[8,12],[-58,56],[-1,8],[25,58],[50,114],[16,3],[-2,27],[-4,7],[-9,1],[34,118],[15,49],[7,4],[15,1],[-2,8],[-8,0],[-9,6],[-8,16],[-11,31],[-21,40],[8,5],[-9,14],[2,9]],[[3647,4103],[21,-2],[4,-6],[3,-13],[16,-10],[8,-3],[8,-14],[9,15],[37,11],[6,4],[21,5],[11,6],[23,27],[0,15],[3,5],[17,13],[9,11],[3,23],[10,6],[8,14],[20,-1],[31,3],[9,2],[11,-4],[8,2],[9,7],[8,-1],[7,5],[11,12],[9,4],[23,4],[10,-1],[8,-5],[9,-14],[17,-4],[17,-8],[10,-10],[18,-2],[22,-8],[7,-16],[9,-12],[21,-12],[23,-9],[11,-11],[25,-15],[23,1],[23,6],[17,2],[19,12],[8,12],[18,10],[20,3],[18,-2],[24,-17],[6,-24],[17,0],[18,9],[11,3],[10,0],[13,10],[10,20],[20,13],[20,25],[9,14],[17,13],[14,0],[0,-14],[-7,-32],[-1,-17],[-7,-36],[-4,-6],[-20,-6],[-17,-34],[-7,-9],[-5,-12],[2,-8],[8,2],[16,-5],[23,-14],[9,-2],[28,4],[24,-5],[42,4],[36,-9],[21,4]],[[7569,4041],[-14,8],[-8,0],[-7,6],[-21,7],[-11,-9],[-12,8],[-14,-5],[-16,-10],[-14,3],[-13,-7],[-9,4],[-19,-4],[30,-31],[2,-12],[-4,-3],[-12,1],[-16,12],[-9,-4],[-14,-15],[-10,-1],[-12,-22],[-7,-8],[3,-10],[-4,-14],[6,1],[7,8],[15,-12],[4,-13],[-1,-22],[-4,-25],[5,-8],[12,0],[5,-7],[3,-17],[-4,-12],[-11,-5],[-24,0],[-8,5],[-16,0],[-8,-5],[-1,-7],[7,-9],[9,-4],[14,4],[10,-10],[6,-10],[-4,-17],[19,-20],[5,-9],[2,-15],[-2,-13],[4,-10],[-2,-18],[-5,-13],[0,-11],[-9,-11],[-11,3],[3,-14],[-8,-12],[-20,-18],[-5,-32],[-1,-20],[-11,-12],[-9,-2],[-7,-9],[-2,-14],[-5,-17],[-2,-14],[-5,-14],[-9,-7],[-69,1],[-9,-7],[-6,-15],[-12,-7],[-5,-9],[4,-11],[10,-7],[-3,-12],[2,-16],[-5,-5],[-7,-17],[9,-6],[-15,-29],[4,-5]],[[7198,3323],[-13,-7],[-1,-9],[-8,-17],[-9,-6],[-6,3],[-15,-1],[-10,-10],[2,-8],[8,-2],[-6,-17],[-13,-25],[0,-13],[-6,-12],[-3,-19],[-13,-10],[-4,-8],[-1,-21],[-15,-27],[0,-10],[19,-3],[4,-7],[-4,-11],[-12,-7],[-6,2],[-9,-8],[-12,-3],[-22,-14],[-28,-10],[-17,-10],[-29,-13],[-15,-12],[-19,-5],[-5,-12],[-7,1],[-11,-7],[-2,6],[4,12],[-20,1],[-6,4],[-21,1],[-27,-14],[-23,-2],[-4,5],[-19,-6],[-14,-1],[-10,4],[-9,-2],[-18,-10],[-11,-4],[-33,-13],[-7,-8],[-21,-12],[-9,-2],[-8,4],[-34,-4],[-20,-12],[-15,-3],[-14,-14],[-15,3],[-10,-4],[-13,-8]],[[6267,4838],[4,-20],[6,-10],[-14,-42],[-10,-22],[6,-2],[6,7],[14,7],[9,16],[5,0],[31,-5],[12,5],[10,12],[3,9],[11,9],[12,19],[20,-2],[13,8],[12,11],[7,3],[9,15],[12,15],[28,5],[49,31],[5,5],[5,15],[29,20],[12,11],[20,14],[22,8],[14,8],[10,2],[9,7],[18,-2],[6,4],[12,-8],[15,0],[14,-4],[9,2],[8,-6],[13,0],[13,-4],[10,-7],[-7,-13],[-6,-19],[-4,-8],[-3,-16],[3,-8],[0,-17],[10,-8],[19,-5],[7,-6],[48,-14],[10,3],[10,12],[4,8],[23,12],[12,4],[16,1],[11,-5],[17,-2],[9,-5],[9,0],[9,-9],[5,-9],[17,-14],[17,-16],[24,-18],[11,2],[13,-8],[21,-18],[38,-20],[14,-2],[5,3],[12,-10],[8,-10],[22,4],[11,-1],[19,13],[12,3],[67,-66],[31,-33],[7,-57],[8,-5],[21,-5],[10,-6],[14,7],[14,5],[12,12],[7,3],[12,-5],[14,3],[10,-6],[5,-8],[8,0],[13,5],[8,-2],[13,-8],[9,-10],[14,6],[20,-10],[16,-3],[17,1],[15,-20],[9,1],[17,-14],[2,-6],[9,-6],[15,-2],[10,-15],[6,-13],[0,-9],[-7,-6],[-4,-12],[-1,-11],[-5,-14],[-10,-10],[-16,-10],[-17,-28],[-1,-11],[-13,0],[-13,-5],[-4,-8],[0,-23],[-2,-15],[8,-23],[-11,-12],[-25,-1],[-15,4],[-12,-16],[-6,-33],[-5,-19],[3,-11],[0,-22],[-9,-13],[-2,-20],[8,-4],[5,10],[8,-4],[9,-21],[-4,-9],[1,-12],[6,-3],[12,0],[6,-17],[13,-9],[9,-14],[9,-5],[8,-8],[5,-13],[-3,-15],[-6,-11],[5,-15]],[[3647,4103],[-12,10],[-2,10],[-1,26],[-5,9],[-9,3],[-20,-2],[-15,5],[-9,9],[-11,5],[-11,12],[-12,5],[-6,12],[-18,10],[-16,6],[-4,8],[-1,32],[-5,14],[-1,18],[-6,13],[-2,12],[3,12],[-5,29],[-1,12],[6,16],[22,28],[3,9],[-4,14],[6,9],[-1,25],[-12,2],[-7,-10],[-9,-3],[-144,6],[-86,3],[-143,6],[-7,2],[-4,11],[-3,56],[-10,128],[-5,12],[-61,80],[-11,12],[68,1],[2,3],[-5,116],[-3,6],[-11,8],[-4,8],[7,3],[-1,11],[-7,18],[-6,20],[-14,16],[0,21],[-3,9],[1,11],[8,7],[6,9],[5,21],[-11,14],[-4,12],[-2,14],[-6,8],[-17,4],[-6,8],[-13,5],[-16,15]],[[5441,1132],[-22,-30],[-11,-22],[-17,-27],[-14,-33],[-11,-13],[-36,-99],[-10,-32],[-14,-35],[-61,-100],[-3,-8],[-27,-42],[-24,-25],[-12,-19],[-34,-41],[-26,-27],[-39,-31],[-54,-44],[-67,-40],[-5,-6],[-33,-39],[-4,5],[4,15],[-5,11],[10,9],[-3,8],[-14,16],[0,8],[9,5],[10,-4],[18,-12],[10,0],[9,4],[5,7],[-4,7],[11,2],[18,0],[8,6],[35,39],[3,11],[8,4],[6,16],[13,-8],[10,2],[20,14],[14,27],[5,19],[1,19],[-5,16],[5,21],[13,-4],[11,4],[9,-1],[0,-14],[9,6],[-5,14],[6,20],[1,12],[4,7],[10,2],[17,14],[9,2],[11,8],[8,17],[3,22],[-2,45],[-8,26],[8,3],[10,-10],[-2,-7],[4,-10],[6,-7],[10,9],[-2,10],[8,23],[-2,18],[-8,5],[-5,10],[-10,0],[-6,-9],[5,-9],[-4,-7],[-20,0],[-9,-9],[-22,4],[-5,-6],[-3,-25],[-11,9],[-11,5],[-1,8],[5,10],[0,7],[-9,9],[-15,-3],[-12,8],[-1,6],[-12,6],[3,10],[-7,8],[3,17],[-10,2],[-7,-31],[6,-17],[5,-7],[-6,-6],[12,-11],[9,5],[3,-17],[16,3],[3,-10],[-8,-6],[-14,3],[-12,-16],[-6,-20],[-2,-22],[5,-28],[-6,-1],[-7,25],[-8,1],[-5,-6],[0,-30],[5,-26],[-21,-3],[-5,-8],[-2,-23],[3,-11],[6,-7],[-40,-14],[-4,-8],[-3,-24],[-28,-1],[-13,-4],[-4,-8],[-15,1],[-9,-6],[3,-9],[-9,-7],[-3,-9],[1,-31],[3,-6],[-4,-13],[-5,2],[-3,12],[-8,4],[-3,-13],[9,-1],[0,-9],[-11,-12],[-24,-10],[-5,-9],[4,-9],[-8,-11],[15,-15],[2,-9],[-15,-8],[-5,-22],[10,-1],[0,-7],[16,-9],[9,10],[2,-22],[-8,-3],[-22,-19],[-6,-8],[-27,-55],[-15,-48],[-7,-30],[-33,-77],[-6,-9],[-22,-29],[-17,-18],[-22,-21],[-39,-32],[-23,-24],[-16,-14],[-25,-17],[-7,0],[-10,14],[-13,-1],[-6,11],[1,15],[5,2],[4,13],[8,-5],[3,8],[3,19],[0,11],[-7,26],[0,17],[4,5],[5,15],[12,5],[11,20],[2,-8],[12,-1],[9,9],[13,25],[3,27],[5,15],[13,-6],[16,17],[0,-18],[4,-2],[14,-16],[8,-7],[14,0],[8,5],[10,12],[10,28],[16,24],[6,19],[0,22],[-8,17],[-15,16],[-3,9],[3,21],[9,18],[-16,-5],[-3,-9],[-7,-3],[-13,-27],[10,-1],[2,-8],[-7,-6],[-27,-11],[-13,-12],[-4,-21],[-10,-9],[-25,-8],[-3,-3],[-21,13],[-11,1],[-22,10],[-13,14],[-20,15],[-19,29],[-1,13],[-4,16],[-12,16],[-11,30],[-13,2],[-11,9],[-3,8],[-9,7],[-15,4],[-15,12],[-9,-1],[-6,-6],[-8,3],[-23,19],[-29,28],[-14,11],[-4,22],[-6,8],[-12,10],[-6,11],[-14,4],[-37,5],[-10,5],[-8,9],[-16,11],[-13,18],[-13,-15],[-8,4],[-11,9],[-13,6],[-7,6],[-8,20],[-9,7],[-4,17],[-20,24],[-19,18],[-14,12],[-10,0],[-4,-8],[0,-15],[-3,-3],[-15,1],[-7,-16],[-22,-18],[-33,-1],[-3,4],[3,39],[5,15],[-5,15],[-15,11],[-11,19],[-10,9],[-3,8],[-11,12],[-31,21],[-15,19],[-19,14],[-14,15],[-10,3],[0,10],[-9,9],[-21,13],[-7,9],[-8,6],[-17,-2],[-10,3],[-19,-4],[-9,2],[-5,-4],[-11,-16],[-3,-14],[-11,-12],[-19,-2],[-13,6],[-10,-7],[-7,6],[-23,0],[-8,5],[-4,13],[18,15],[21,27],[20,15],[3,34],[4,9],[16,9],[20,2],[8,5],[17,17],[9,13],[3,9],[15,16],[18,16],[8,12],[1,8],[23,21],[6,16],[-2,7],[9,16],[8,8],[15,10],[16,4],[6,6],[1,16],[5,10],[15,9],[5,9],[1,22],[2,4],[15,4],[8,5],[18,25],[14,10],[4,6],[1,19],[2,4],[25,9],[-2,21],[15,8],[24,-5],[6,-11],[5,5],[5,16],[-6,10],[-15,6],[-4,8],[20,10],[14,12],[4,8],[11,-7],[11,17],[15,0],[11,14],[3,13],[9,2],[1,9],[14,2],[10,7],[6,9],[8,0],[9,-6],[3,9],[18,2],[-10,12],[2,6],[17,-4],[17,12],[2,9],[1,20],[12,3],[4,17],[5,5],[7,-9],[16,2],[17,10],[5,12],[7,3],[9,-8],[14,5],[5,6],[-3,8],[13,2],[5,-4],[21,-2],[6,11],[6,2],[0,7],[10,23],[13,-7],[8,1],[17,19],[2,4],[11,1],[-1,10],[15,-1],[6,8],[6,-10]],[[4516,1686],[13,4],[6,-8],[7,0],[9,7],[6,-3],[2,-13],[10,8],[9,2],[11,-5],[4,6],[0,12],[6,2],[6,-5],[10,4],[7,13],[21,-12],[-8,-20],[5,0],[16,9],[12,-4],[9,5],[12,2],[4,13],[11,1],[1,-12],[8,-12],[13,-2],[8,9],[6,-1],[4,-9],[9,-3],[10,-10],[29,-1],[13,4],[15,-5],[8,11],[5,-12],[10,-4],[11,0],[16,-5],[7,-6],[12,13],[4,-7],[9,1],[5,-10],[16,0],[3,-16],[22,-14],[5,-17],[8,2],[17,-4],[0,9],[9,0],[5,-6],[7,8],[7,-6],[11,1],[2,-10],[10,-8],[13,3],[8,-3],[3,-9],[10,-7],[3,-6],[9,7],[3,-10],[11,-6],[-2,-6],[15,-14],[8,1],[9,-7],[16,-7],[15,-29],[6,-6],[9,-1],[13,-17],[4,-26],[9,2],[12,-9],[7,-21],[11,-7],[16,-28],[19,-11],[12,4],[8,-5],[14,-1],[9,-6],[6,2],[23,-2],[12,-9],[4,7],[8,-4],[16,-2],[17,7],[5,-5],[13,5],[8,-8],[24,-7],[7,-5],[-3,-8],[5,-9],[-7,-5],[-8,3],[-7,-5],[-11,-19],[-18,-8],[1,-6],[-7,-11],[-2,-16],[3,-24],[-6,-21],[-6,-7],[-1,-11],[-8,-3],[-6,6],[-8,-15],[-14,-12],[0,-22],[6,-6],[11,-4],[9,-9],[4,9],[-12,14],[2,6],[23,7],[5,6],[18,-6],[13,-14],[15,-5],[8,-9]],[[5764,2119],[-5,-4],[-7,6],[-4,11],[4,10],[12,10],[4,-5],[-4,-16],[0,-12]],[[5806,2162],[-2,-5],[-18,-11],[-9,-22],[-7,2],[-1,10],[8,22],[-4,6],[-15,-11],[-9,6],[2,19],[-8,-6],[-1,-9],[-9,5],[-4,8],[-6,-3],[5,-15],[-5,-12],[8,-10],[-7,-6],[-3,-10],[-8,1],[-5,5],[-13,-4],[-13,5],[-24,20],[12,-27],[8,-5],[0,-7],[8,-3],[13,1],[8,3],[15,-9],[21,-6],[-16,-13],[-19,-38],[-4,-17],[-8,4],[-2,-8],[-16,2],[-20,-1],[0,-6],[37,0],[4,-7],[-5,-21]],[[5694,1989],[-16,3],[-60,-2],[-6,-7],[-32,-3],[-4,6],[-24,-9],[-18,-20],[-18,-10],[-18,-6],[-7,-13],[-14,-2],[-10,1],[-16,8],[-13,8],[-6,10],[-14,8],[-15,14],[-16,6],[-9,0],[-7,-4],[-38,-6],[-11,4],[-17,-4],[-3,-15],[-5,1],[-7,12],[-10,2],[-6,7],[-19,0],[-9,5],[1,-12],[-15,-4],[-7,-20],[-10,-13],[-3,-9],[-8,3],[-14,-8],[-19,0],[-11,-3],[-8,7],[-11,-3],[-5,3],[-14,-13],[-13,-4],[-12,-12],[-2,-9],[-7,-10],[5,-11],[-3,-9],[7,-13],[2,-14],[-10,-12],[-26,-7],[-9,3],[-14,18],[-24,-1],[-10,5],[-12,-5],[-37,1],[-15,4],[-15,0],[-19,14],[-8,11],[-16,9],[-23,3],[-7,-1],[-16,3],[-12,0],[-19,7],[-22,0],[-6,7],[-33,10],[-22,-7],[-17,3],[-12,-3],[-18,0],[-35,26],[-17,6],[-5,-1],[-18,-11],[-13,-1],[-8,4],[-15,5],[-9,-1]],[[4557,1918],[-1,10],[-15,24],[-7,25],[-14,15],[-4,26],[1,15],[-2,10],[-6,7],[0,12],[-8,18],[-13,-7],[-4,17],[-10,7],[-5,-2],[-16,4],[-7,6],[-13,0],[5,-13],[-12,1],[-9,5],[-8,1],[-6,-7],[-12,-2],[-1,-8],[-12,-6],[-19,18],[-12,-1],[2,13],[-4,10],[0,14],[12,-3],[-1,10],[11,1],[6,6],[15,2],[-6,8],[-3,11],[7,3],[13,1],[1,4],[18,3],[16,-1],[9,7],[-19,1],[-8,3],[-19,2],[-2,10],[5,20],[18,9],[-13,4],[-13,8],[-2,15],[2,8],[7,-1],[-1,17],[10,-6],[10,-9],[11,-1],[-17,20],[-4,10],[4,15],[8,5],[16,-2],[9,6],[-18,7],[-5,7],[-4,20],[0,16],[8,14],[0,12],[3,8],[2,22],[-14,16],[-2,17],[11,29]],[[5703,1519],[-5,1],[0,19],[4,14],[-1,6],[6,7],[-5,14],[8,3],[-6,21],[4,14],[16,5],[5,6],[10,-12],[1,-6],[-9,-20],[0,-15],[-8,-10],[-10,-18],[2,-18],[-7,-4],[-5,-7]],[[5695,1877],[-8,2],[-7,13],[-13,11],[6,11],[6,2],[4,7],[16,9],[3,10],[7,-5],[6,-13],[-5,-5],[-9,-25],[-6,-6],[0,-11]],[[5694,1989],[-7,-15],[7,-30],[-3,-7],[-9,-2],[-7,-11],[-10,1],[-10,7],[0,-11],[-10,-15],[14,-3],[4,-7],[17,-10],[7,-19],[-12,-25],[-4,-27],[0,-15],[13,-13],[11,-2],[-10,-15],[-1,-15],[2,-4],[-1,-18],[10,-9],[-7,-23],[4,-11],[9,-2],[8,9],[4,-7],[2,-16],[-12,7],[-17,-14],[1,-16],[9,-3],[4,-8],[-6,-19],[-12,-7],[-3,-9],[9,-20],[7,-9],[-8,-5],[-8,-9],[5,-18],[4,-8],[-5,-5],[11,-11],[3,-12],[-9,-19],[-2,-15],[4,-9],[-8,-20],[-5,-28],[5,-4],[-12,-12],[-2,-17],[-6,-7],[-13,-30],[-5,9],[2,21],[-12,12],[-6,-6],[3,-9],[-1,-11],[6,-3],[-3,-10],[17,-13],[3,-4],[-11,-18],[-16,-3],[-12,-6],[-8,-7],[-19,-11],[-63,-53],[-47,-52],[-36,-51]],[[4516,1686],[5,6],[5,26],[7,4],[10,21],[3,18],[-5,24],[-9,19],[6,3],[2,9],[-1,15],[3,8],[-2,13],[5,4],[-2,32],[2,8],[9,14],[3,8]],[[8233,7411],[-68,-26],[-12,-7],[-28,-27],[-43,-103],[-19,-25],[-11,-13],[-7,-19],[0,-19],[-10,-16],[-4,-18],[-25,-30],[-5,-10],[-6,-6],[-15,-5],[-11,8],[-9,-5],[-8,-11],[-4,-15],[-6,-3],[-4,-13],[-7,-10],[0,-16],[-4,-13],[6,-2],[12,6]],[[7945,7013],[-1,-7],[-11,-18],[-16,-55],[7,-16],[-7,-20],[-17,-14],[-4,-17],[3,-12],[10,-7],[4,-13],[-2,-20],[13,-8],[4,-9],[12,-3],[3,-15],[-2,-13],[-9,-21],[-11,-8],[1,-8],[-2,-11],[-13,-13],[-1,-9]],[[7494,6755],[2,16],[-7,16],[-4,18],[16,48],[16,26],[4,13],[1,11],[-7,6],[-7,13],[-31,7],[-18,10],[-5,8],[0,17],[-12,20],[-6,30],[2,13],[-3,18],[-14,46],[-6,17],[4,12],[-4,16],[-3,35],[-4,22],[2,20],[-5,26],[-2,21],[-17,14],[-11,15],[4,25],[-1,10],[-5,7],[-8,20],[-1,14],[-11,13],[-4,11],[1,26],[-10,23],[0,18],[-4,10],[2,20],[9,17],[13,11],[15,26],[-5,23],[-6,15],[-14,13],[-10,21],[-5,28],[-8,32],[-16,26],[-3,11],[-3,19],[-15,40],[0,7],[6,23],[10,13],[28,49],[2,17]],[[7336,7877],[1,6],[-5,15],[-8,8],[9,6],[14,0],[13,-3],[11,-8],[2,9],[32,4],[8,-2],[12,4],[3,-6],[18,11],[39,3],[18,11],[22,-5],[29,-1],[19,-3],[7,-6],[8,4],[16,-5],[14,0],[19,-14],[9,-3],[12,-14],[9,-4],[12,-11],[7,2],[17,-10],[8,-8],[16,-11],[3,-3],[20,-10],[8,0],[37,-29],[7,-7],[11,-3],[8,-11],[14,-2],[7,-3],[10,-12],[5,-16],[5,2],[9,-9],[11,-3],[4,-7],[13,-12],[8,-4],[8,-10],[14,-4],[16,-7],[15,0],[11,-19],[7,-20],[13,-14],[15,-10],[14,-23],[19,-27],[17,-20],[25,-20],[14,-16],[19,-5],[13,-30],[6,-9],[17,-15],[16,-8],[5,4],[20,-10],[23,-9],[11,-12],[8,-22]],[[7308,6416],[-6,-18],[-8,-13],[-8,-8],[-7,-18],[-13,-10],[-11,2],[-30,-6],[2,-37],[-3,-6],[-10,-4],[-8,-15],[-5,-6],[-7,2],[-8,9],[-7,-3],[-21,4],[-13,-16],[-11,-7],[-26,-5],[-10,2],[-6,-4],[-5,-11],[-16,-11],[-13,-23],[-20,4],[-4,-4],[-4,-16],[-4,-1],[-12,9],[-15,2],[-13,-2],[-9,-5],[-18,9],[-3,17],[-9,4],[-10,0],[-4,10],[-18,5],[-9,-4],[-7,-7],[-4,3],[-21,-1],[-9,-6],[-7,5],[-5,17],[-10,11],[-10,-6],[-4,-8],[-6,0],[-16,6],[-11,-8],[-5,-16],[-3,-4],[-27,4],[-3,-5],[0,-13],[10,-17],[8,-25],[1,-12],[4,-10],[6,-5],[3,-9],[0,-20],[-6,-18],[2,-9],[0,-13],[-11,-17],[-2,-16],[-9,-10],[-3,-9],[-8,-13],[-4,-14],[-9,-11],[-1,-11],[-6,-4],[-12,-1],[-28,-35],[-6,-5],[-16,-6],[-21,8],[-24,2],[-10,-6],[-17,-4],[-8,-9],[-10,-5],[-6,-13],[-20,-8],[-4,-4],[-7,-19],[-6,-5],[-9,0],[-18,4],[-11,-2],[-14,-7],[-22,9],[-14,9],[-10,3],[-15,8],[-6,7],[-8,17],[-13,18],[-5,11],[-3,23],[-10,18],[-19,22],[-35,0]],[[7202,7940],[8,5],[7,-9],[19,-13],[4,-12],[16,-6],[19,-1],[12,4],[10,-5],[17,-3],[5,-11],[6,0],[11,-12]],[[8701,6364],[-9,-20],[-10,-14],[-6,-17],[-10,-20],[-20,-29],[-10,-6],[-10,-10],[-2,-10],[-20,-33],[-17,-11],[-9,-24],[-10,-2],[-1,9],[-9,14],[-6,-2],[5,-12],[-1,-9],[-13,-13],[-12,23],[-3,8],[-10,-1],[14,-15],[5,-20],[16,1],[-12,-13],[-5,-15],[-14,-15],[-6,-14],[-6,-7],[-8,-18],[-12,-7],[-11,-17],[-25,-23],[-8,-12],[-1,-15],[-26,-37]],[[8419,5958],[-6,18],[-6,5],[-13,-3],[-11,2],[2,15],[-6,15],[-8,11],[-15,-6],[-17,12],[-13,4],[-6,12],[-7,7],[-8,3],[-4,7],[-2,22],[-9,12],[-8,-3],[-9,4],[-13,13],[-14,5],[-8,-1],[-18,24],[-14,8],[-17,5],[-8,5],[-11,-2],[-10,4],[-19,12],[-6,8],[-21,4],[-22,13],[-6,6],[-20,6],[-3,2]],[[8063,6207],[-3,12],[-20,10],[-13,2],[-9,5],[-8,21]],[[7860,5217],[2,-17],[-9,-26],[7,-11],[3,-10],[-13,-5],[-8,22],[2,21],[-11,5],[-4,12],[6,9],[11,-2],[14,2]],[[7925,5336],[6,-16],[-8,-4],[-21,-18],[-8,-10],[-7,-2],[0,18],[12,8],[14,14],[-3,23],[13,-8],[2,-5]],[[8063,6207],[-5,-5],[-6,-15],[1,-6],[11,-5],[-8,-20],[15,-38],[13,-10],[1,-10],[17,-18],[10,-15],[1,-8],[0,-25],[-2,-25],[-12,-30],[5,-16],[-2,-16],[2,-10],[7,-10],[-7,-13],[-13,-8],[-22,-11],[-9,-1],[-10,8],[-12,5],[-18,-3],[-12,-27],[2,-19],[10,-12],[3,-10],[15,-12],[9,-33],[15,-10],[5,-11],[-2,-22],[-4,-8],[9,-11],[10,-4],[4,2],[12,-9],[12,-21],[8,-4],[23,-5],[5,10],[14,-5],[20,5]],[[8178,5696],[15,4],[-4,-17],[-17,-39],[-1,-10],[-7,-11],[-13,-37],[-11,-26],[-14,-22],[-16,-33],[-19,-30],[-14,-24],[-14,-22],[-12,-20],[-5,-4],[-16,-20],[-15,-22],[-18,-19],[-6,-11],[-12,-7],[-7,-1],[-7,-6],[-17,-8],[-6,5],[7,18],[6,4],[-2,9],[3,8],[-6,12],[-1,21],[-8,0],[-7,5],[-12,0],[-5,16],[-10,7],[-6,-3],[-1,-14],[-6,-9],[3,-6],[-8,-18],[-11,-8],[-7,6],[-6,24],[-9,-4],[6,-12],[6,-5],[2,-11],[7,-5],[21,-4],[-4,-8],[0,-11],[-11,-17],[-7,-7],[-13,-5],[-1,-10],[12,-14],[-7,-8],[-13,-10],[-6,-8],[-3,-16],[2,-14],[-10,5],[-7,-1],[-5,-9],[-2,-10],[2,-14],[11,-1],[4,-11],[-2,-12],[7,-15],[1,-7],[-6,-15],[0,-16],[-4,-10],[-6,7],[-2,9],[-10,15],[-5,-3],[0,-8],[10,-6],[8,-16],[8,-3],[-2,-7],[-13,3],[-2,-6],[2,-11],[10,-5],[6,-11],[0,-8],[3,-10],[-11,-3],[-5,5],[-5,-7],[3,-6],[23,11],[-3,11],[4,12],[-8,12],[3,7],[10,2],[2,-28],[-5,-25],[-4,-8],[-2,-12],[-4,-8],[1,-26],[-4,-9],[-1,-17],[-4,-12],[-2,-20],[-4,-13],[-3,-22],[3,-23],[7,-13],[0,-21],[3,-18],[1,-67],[5,-24],[2,-22],[6,-40],[5,-38],[13,-33],[-6,-16],[-13,-45],[-2,-26],[-9,-18],[-2,-12],[0,-15],[-10,-20],[-9,-57],[-10,-36],[3,-25],[-6,-14],[-4,-32],[-9,-22],[-2,-34],[2,-23],[5,-17],[0,-33],[1,-6],[10,-20],[-3,-8],[-24,-28],[-4,-12],[-9,-6],[-15,-3],[-15,-12],[-11,-14],[-28,-48],[-8,-21],[-3,-13]],[[7688,3952],[-114,81],[-5,8]],[[7688,3952],[-12,-50],[-4,-42],[1,-56],[5,-48],[4,-39],[0,-35],[-2,-10],[-17,-48],[-11,-14],[-26,-12],[-17,-15],[-16,-43],[-10,-4],[2,-6],[-3,-13],[-7,-6],[3,-11],[-6,-26],[-12,-23],[-5,5],[-7,-4],[0,11],[-12,-6],[-4,-12],[1,-5],[19,2],[5,-2],[-10,-13],[-2,-11],[-5,-10],[-3,-12],[-11,-17],[-5,-12],[-7,-1],[-7,-8],[-10,-17],[-9,-10],[-4,-12],[-13,-2],[-20,-9],[-15,-22],[-4,-27],[-7,-15],[-17,-25],[-9,-21]],[[7399,3196],[-7,8],[-16,7],[-24,-4],[-20,0],[-11,7],[-17,4],[-11,-3],[-14,7],[-15,2],[-29,15],[-6,6],[-1,10],[3,17],[-3,10],[2,17],[-5,13],[-27,11]],[[8742,6982],[1,-20],[-2,-9],[8,-23],[-2,-15],[6,-26],[3,-5],[9,-7],[0,-16],[-4,-5],[0,-9],[-4,-13],[9,2],[6,8],[1,-23],[6,-7],[-1,-17],[0,-37],[-2,-29],[2,-8],[-3,-7],[-17,-1]],[[7945,7013],[3,7],[9,-13],[8,-2],[34,-24],[10,6],[24,-9],[11,15],[6,4],[7,-8],[5,11],[35,24],[6,13],[6,-1],[3,16],[5,14],[26,13],[15,2],[5,5],[17,3],[11,-3],[37,19],[10,-1],[9,-6],[0,-17],[-11,-14],[-14,-23],[-10,-11],[-14,-22],[-3,-18],[-5,-15],[-17,-9],[-4,-18],[2,-14],[20,-5],[20,0],[9,-4],[6,-7],[6,-18],[5,-3],[15,10],[25,8],[12,11],[10,-10],[8,1],[15,-2],[11,-4],[11,-14],[0,-6],[-6,-22],[8,-10],[5,-1],[12,11],[18,1],[9,13],[8,24],[-7,13],[-2,11],[1,13],[7,7],[8,-5],[6,2],[-8,22],[-8,15],[2,19],[3,7],[9,3],[11,14],[4,2],[16,2],[8,-8],[-1,-10],[7,-12],[51,-9],[22,-4],[20,1],[26,4],[11,5],[24,-8],[22,-2],[23,-13],[13,-3],[11,5],[39,-4],[7,-3],[8,5],[11,3]],[[6673,2727],[20,-7],[7,-8],[-32,-8],[-14,5],[-10,-2],[-5,4],[17,11],[8,8],[9,-3]],[[7399,3196],[0,-23],[-12,-20],[-7,-7],[-5,-14],[3,-10],[9,-12],[1,-11],[-3,-17],[4,-27],[9,-32],[-1,-10],[-5,-7],[-33,-21],[-23,-12],[-49,-15],[-20,-8],[-25,-12],[-24,-19],[-1,-7],[-16,-13],[-4,-9],[-10,-10],[-12,-7],[-7,-19],[1,-24],[13,-17],[-3,-11],[-10,-4],[-1,-13],[-8,-9],[4,-18],[-10,7],[-26,1],[-45,4],[-35,0],[-21,-1],[-11,-3],[-5,-4],[-37,-3],[-16,2],[-22,-1],[-9,8],[-11,3],[-2,10],[7,14],[15,16],[2,10],[-1,16],[-11,2],[-8,-8],[-6,1],[-17,-10],[-12,-4],[0,-10],[6,-15],[18,-13],[-2,-19],[-11,-6],[-51,-6],[-21,-8],[-18,2],[-56,-7],[-14,-1],[-8,-5],[-8,6],[4,7],[16,-4],[11,4],[26,-2],[28,6],[-10,12],[-8,1],[-6,9],[-13,3],[-4,5],[-12,3],[-9,-4],[-14,-3],[-10,-6],[-10,2],[-5,-12],[-8,-9],[-17,-7],[-12,2],[1,8],[-14,4],[-8,19],[-19,-7],[-3,-13],[-11,-5],[-11,-2],[-16,-8],[-6,5],[-9,-6],[-6,-12],[1,-5],[-4,-15],[1,-8],[8,-3],[21,-5],[15,-7],[-16,-20],[-20,4],[-12,-4]],[[8233,7411],[12,-21],[11,-5],[8,3],[11,-5],[15,2],[19,-2],[20,-21],[4,-8],[8,-4],[13,-2],[4,-4],[9,0],[11,-3],[7,-5],[3,8],[28,3],[18,-3],[47,-1],[12,6],[18,6],[18,-3],[57,-13],[18,-2],[16,-7],[12,-13],[8,-4],[11,-17],[5,-20],[7,-7],[12,-26],[15,-52],[0,-19],[6,-9],[0,-15],[5,-5],[0,-12],[10,-19],[-2,-16],[3,-2],[1,-32],[4,-8],[9,-4],[3,-27],[7,-9],[4,-14],[2,-18]],[[9994,8863],[-9,0],[-3,6],[4,7],[11,-1],[2,-8],[-5,-4]],[[8419,5958],[-11,-6],[-27,-7],[-43,-32],[-30,-25],[-11,-17],[-6,-13],[-13,-16],[-3,-13],[-16,-29],[-17,18],[-16,7],[1,-12],[22,-12],[1,-15],[-2,-9],[-11,-6],[-3,-9],[-7,-4],[-5,-10],[-6,-23],[-14,-6],[-6,8],[8,12],[2,9],[15,16],[-6,1],[-4,-10],[-5,-2],[-8,-12],[-3,-13],[-8,-5],[11,-6],[-3,-8],[-17,-13]],[[2380,9222],[3,12],[0,17],[3,13],[-6,5],[-28,1],[-14,3],[-29,1],[-29,-3],[-27,9],[-21,2],[-2,10],[10,24],[3,27],[-7,23],[-17,38],[-7,11],[-8,16],[-11,19],[-1,10],[2,22],[-1,11],[-5,32],[0,6],[10,19],[-1,20],[-14,15],[-13,18],[-25,14],[-21,20],[-10,15],[-20,21],[-10,22],[-4,15],[-17,13],[-2,16],[4,8],[11,1],[10,-6],[9,-10],[11,-25],[5,-2],[50,8],[28,-2],[15,-5],[11,-9],[6,-17],[7,-28],[6,-8],[9,0],[28,17],[9,0],[9,-4],[10,-1],[17,4],[11,-2],[15,-16],[10,-5],[9,3],[5,19],[5,7],[8,1],[9,-3],[14,-10],[8,-9],[13,-20],[14,-12],[24,-32],[6,-10],[15,-9],[9,0],[15,9],[6,0],[10,16],[3,10],[-3,22],[-7,22],[-1,7],[5,17],[0,14],[8,5],[13,1],[19,-3],[6,2],[5,22],[12,4],[5,9],[7,2],[10,-2],[43,-21],[9,-1],[9,4],[17,14],[10,2],[14,-5],[14,2],[8,6],[12,14],[13,5],[18,-3],[9,3],[7,-1],[6,4],[4,9],[2,19],[3,7],[10,5],[28,1],[9,6],[-7,16],[6,3],[13,-2],[11,-5],[8,-1],[13,4],[18,3],[8,4],[7,10],[4,17],[6,16],[9,3],[22,11],[19,16],[15,21],[4,13],[-1,12],[-15,44],[-7,11],[21,-2],[11,-4],[13,2],[9,-6],[8,9],[19,-4],[14,14],[13,5],[8,-10],[10,4],[10,-22],[8,-8],[16,-10],[0,-8],[-4,-15],[0,-10],[-4,-17],[-1,-15],[-3,-12],[1,-16],[-10,-19],[-3,-11],[-10,-4],[-6,-7],[3,-13],[8,-3],[3,6],[10,-9],[7,2],[8,-3],[10,4],[6,-7],[7,2],[4,-5],[16,-4],[24,-17],[-1,-10],[-10,-14],[2,-4],[-2,-18],[6,-10],[14,-7],[-4,-14],[16,-22],[-1,-6],[11,-3],[4,-7],[-11,-9],[-5,-11],[2,-10],[-6,-7],[-9,-5],[-4,-10],[0,-7],[-17,-17],[-19,-7],[-5,-7],[0,-8],[9,-17],[-4,-11],[3,-2],[-1,-13],[-5,-17],[-6,-11],[-4,-14],[-4,-6],[0,-19],[-10,-14],[-3,-13],[0,-20],[-5,-21],[-1,-42],[8,-20],[-2,-6],[7,-7],[1,-10],[7,-17],[1,-25],[22,-17],[9,-2],[5,-6],[-1,-28],[2,-8],[-3,-16],[3,-10],[-1,-13],[-5,-13],[3,-18],[10,2],[13,-8],[-8,-16],[10,-11],[15,2],[9,-7],[10,-17],[9,-9],[6,-11],[9,-9],[9,1],[4,-13],[6,-6],[5,-12],[7,-7],[14,-5],[37,-8],[9,-4]],[[5357,8884],[16,-6],[-8,-19],[-12,-16],[-10,-2],[-28,-1],[0,16],[11,13],[15,7],[6,7],[10,1]],[[5369,8888],[-7,-2],[-8,3],[0,6],[11,7],[4,7],[15,7],[4,5],[7,-1],[-11,-21],[-15,-11]],[[5287,9191],[10,-14],[7,-18],[2,-11],[-14,-18],[-9,-4],[-9,5],[-9,27],[-6,4],[5,24],[23,5]],[[5261,9210],[12,-1],[10,-10],[-2,-7],[-11,-3],[-10,2],[-7,9],[8,10]],[[4307,9279],[8,2],[9,-5],[1,-11],[-4,-7],[2,-13],[12,-2],[8,2],[12,-3],[8,-8],[-4,-4],[15,-14],[23,-4],[9,-8],[16,-4],[17,3],[12,-13],[8,4],[7,16],[10,-2],[17,10],[2,11],[8,0],[8,11],[8,1],[7,11],[8,4],[6,-5],[-3,-8],[23,-10],[15,-2],[11,-6],[13,2],[21,13],[8,11],[24,-25],[-8,-8],[4,-6],[27,6],[9,-2],[7,-7],[23,-3],[12,8],[6,14],[13,8],[25,18],[7,8],[5,10],[8,8],[15,29],[-4,16],[7,6],[1,7],[18,45],[10,9],[-3,7],[16,34],[-2,19],[9,11],[5,13],[16,9],[30,56],[9,20],[9,16],[5,21],[9,6],[4,14],[7,4],[15,18],[6,13],[5,16],[6,6],[28,17],[8,23],[0,14],[6,6],[4,-8],[3,-15],[6,-17],[14,-28],[3,4],[-14,30],[-11,39],[-3,26],[3,16],[7,5],[28,-21],[21,-26],[16,-24],[9,-22],[1,-13],[0,-57],[-4,-27],[6,-7],[4,17],[1,23],[8,20],[8,-6],[-3,-40],[3,-60],[-4,-11],[1,-19],[12,-37],[2,-13],[-3,-7],[6,-21],[8,-34],[8,-16],[0,-14],[9,-7],[12,-33],[7,-29],[-5,-14],[11,-1],[7,-13],[4,-16],[2,-17],[3,-5],[2,-15],[7,-16],[-3,-7],[-16,-6],[-3,-13],[8,4],[9,11],[10,0],[9,-6],[4,-8],[1,-12],[8,-17],[9,-13],[2,-14],[10,-11],[16,-4],[14,5],[17,-3],[16,3],[40,-17],[12,-8],[10,-15],[5,-50],[2,-9],[1,-19],[-2,-13],[-7,-9],[-14,-7],[-28,-8],[-5,-7],[22,3],[11,0],[12,5],[7,-8],[0,-5],[-11,-18],[-9,-6],[-8,-1],[-6,5],[-4,-18],[-10,-6],[-8,-14],[-7,-6],[-17,-10],[-15,-16],[-7,-20],[-5,-6],[-15,-9],[-7,-8],[-7,-24],[-14,-27],[-11,-19],[-19,-23],[-22,-30],[-14,1],[-17,-4],[-11,-9],[-8,-13],[-12,-23],[-6,-5],[-14,0],[-10,-3],[-3,-5],[-11,-3],[-4,-6],[7,-6],[-16,-22],[-14,-41],[-13,-14],[0,-11],[-9,-12],[-8,-5],[-13,-17],[-11,-18],[-6,-5],[-10,-14],[-3,-11],[-3,-22],[3,-26],[-3,-15],[-17,-14],[-7,-11],[-16,-6]]],"transform":{"scale":[0.004467391298129817,0.0039013406548654823],"translate":[-74.01847469099997,-33.74228037499991]}}