{"type":"Topology","objects":{"cities":{"type":"GeometryCollection","geometries":[{"type":"Point","properties":{"name":"Lucapa","state":"Lunda Norte"},"coordinates":[9624,4902]},{"type":"Point","properties":{"name":"Capenda-Camulemba","state":"Lunda Norte"},"coordinates":[0,0]},{"type":"Point","properties":{"name":"Dundo","state":"Lunda Norte"},"coordinates":[9999,9999]}]}},"arcs":[],"transform":{"scale":[0.00024001968881878509,0.00020397694066363057],"translate":[18.430027220338843,-9.419594300477002]}}