{"type":"Topology","objects":{"cities":{"type":"GeometryCollection","geometries":[{"type":"Point","properties":{"name":"Quibala","state":"Cuanza Sul"},"coordinates":[8896,4632]},{"type":"Point","properties":{"name":"Calulo","state":"Cuanza Sul"},"coordinates":[8267,9999]},{"type":"Point","properties":{"name":"Waku Kungo","state":"Cuanza Sul"},"coordinates":[9999,0]},{"type":"Point","properties":{"name":"Sumbe","state":"Cuanza Sul"},"coordinates":[0,1099]}]}},"arcs":[],"transform":{"scale":[0.00012701270127063113,0.00013600529974926422],"translate":[13.849996702742374,-11.359527568713872]}}