{"type":"Topology","objects":{"cities":{"type":"GeometryCollection","geometries":[{"type":"Point","properties":{"name":"Mucusso","state":"Cuando Cubango"},"coordinates":[7037,0]},{"type":"Point","properties":{"name":"Mavinga","state":"Cuando Cubango"},"coordinates":[5018,6650]},{"type":"Point","properties":{"name":"Cuito Caunavale","state":"Cuando Cubango"},"coordinates":[2773,8529]},{"type":"Point","properties":{"name":"Luiana","state":"Cuando Cubango"},"coordinates":[9999,1938]},{"type":"Point","properties":{"name":"Menongue","state":"Cuando Cubango"},"coordinates":[0,9999]}]}},"arcs":[],"transform":{"scale":[0.0005300516623949306,0.0003353257282121898],"translate":[17.699994261351378,-18.01953448605832]}}