{"type":"Topology","objects":{"cities":{"type":"GeometryCollection","geometries":[{"type":"Point","properties":{"name":"Luau","state":"Moxico"},"coordinates":[7795,9999]},{"type":"Point","properties":{"name":"Cangamba","state":"Moxico"},"coordinates":[0,1180]},{"type":"Point","properties":{"name":"Lumbala Nguimbo","state":"Moxico"},"coordinates":[5197,0]},{"type":"Point","properties":{"name":"Cazombo","state":"Moxico"},"coordinates":[9999,6519]},{"type":"Point","properties":{"name":"Luena","state":"Moxico"},"coordinates":[132,6812]}]}},"arcs":[],"transform":{"scale":[0.00030403251913854344,0.00033904163528467686],"translate":[19.86001745471947,-14.099618714558176]}}