{"type":"Topology","objects":{"cities":{"type":"GeometryCollection","geometries":[{"type":"Point","properties":{"name":"Camabatela","state":"Cuanza Norte"},"coordinates":[9999,9999]},{"type":"Point","properties":{"name":"Ndalatando","state":"Cuanza Norte"},"coordinates":[5106,2602]},{"type":"Point","properties":{"name":"Dondo","state":"Cuanza Norte"},"coordinates":[0,0]}]}},"arcs":[],"transform":{"scale":[0.00009400883122204775,0.000150057526912143],"translate":[14.430012978786294,-9.690017070660303]}}