{"type":"Topology","objects":{"states":{"type":"GeometryCollection","geometries":[{"type":"Polygon","properties":{"name":"Lunda Norte"},"id":"AGO-1874","arcs":[[0,1,2]]},{"type":"Polygon","properties":{"name":"Lunda Sul"},"id":"AGO-1875","arcs":[[3,4,5,6,-1]]},{"type":"Polygon","properties":{"name":"Malanje"},"id":"AGO-1876","arcs":[[7,-2,-7,8,9,10,11]]},{"type":"Polygon","properties":{"name":"Bengo"},"id":"AGO-1877","arcs":[[12,13,14,15,16,17,18]]},{"type":"Polygon","properties":{"name":"Cuanza Norte"},"id":"AGO-1878","arcs":[[-11,19,-13,20]]},{"type":"Polygon","properties":{"name":"Cuanza Sul"},"id":"AGO-1879","arcs":[[-10,21,22,23,24,-14,-20]]},{"type":"Polygon","properties":{"name":"Luanda"},"id":"AGO-1880","arcs":[[25,-16]]},{"type":"Polygon","properties":{"name":"Uíge"},"id":"AGO-1881","arcs":[[-12,-21,-19,26,27]]},{"type":"Polygon","properties":{"name":"Zaire"},"id":"AGO-1882","arcs":[[-27,-18,28]]},{"type":"Polygon","properties":{"name":"Cabinda"},"id":"AGO-1885","arcs":[[29]]},{"type":"Polygon","properties":{"name":"Bié"},"id":"AGO-1886","arcs":[[-6,30,31,32,33,-22,-9]]},{"type":"Polygon","properties":{"name":"Benguela"},"id":"AGO-1887","arcs":[[34,35,36,37,-24]]},{"type":"Polygon","properties":{"name":"Cuando Cubango"},"id":"AGO-1888","arcs":[[38,39,40,-32,41]]},{"type":"Polygon","properties":{"name":"Cunene"},"id":"AGO-1889","arcs":[[-40,42,43,44]]},{"type":"Polygon","properties":{"name":"Huambo"},"id":"AGO-1890","arcs":[[45,-35,-23,-34]]},{"type":"Polygon","properties":{"name":"Huíla"},"id":"AGO-1891","arcs":[[-33,-41,-45,46,-36,-46]]},{"type":"Polygon","properties":{"name":"Moxico"},"id":"AGO-1892","arcs":[[47,-42,-31,-5]]},{"type":"MultiPolygon","properties":{"name":"Namibe"},"id":"AGO-1893","arcs":[[[48]],[[-47,-44,49,-37]]]}]}},"arcs":[[[8266,7114],[-48,-23],[-48,-43],[-113,-26],[-44,-25],[-38,-36],[-104,-23],[-55,0],[-79,10],[-85,-12],[-100,-24],[-71,-36],[-25,-28],[-58,-37],[-67,-83],[-20,-54],[-29,-38],[-215,-85],[-28,-38],[-19,-48],[-41,-24],[-71,-16],[-34,-19],[-124,-94],[-34,-32],[-28,-165],[-14,-38],[-62,-71],[-53,-30],[-114,-25],[-73,-43],[-76,-12],[-103,-63],[-58,-17],[-125,-78],[-57,-17],[-123,-21],[-82,-63],[-70,-31],[-60,-11],[-131,1]],[[5487,5596],[-38,-10],[-40,12],[-81,50],[-59,51],[-18,36],[25,63],[42,59],[-20,32],[-421,144],[-55,6],[-44,72],[-66,21],[-77,69],[-8,54],[-53,92],[-1,37],[52,37],[96,30],[25,20],[27,73],[-12,130],[17,76],[3,127],[-6,43],[-39,64],[-9,47],[12,37],[27,34],[-20,46],[2,91],[-25,22],[11,42]],[[4734,7303],[74,-17],[69,22],[61,-10],[51,25],[40,0],[65,-42],[93,-3],[4,56],[60,25],[112,-2],[31,-10],[54,13],[70,0],[7,48],[179,0],[29,-51],[469,0],[-17,57],[0,42],[35,100],[3,37],[-21,78],[56,-4],[27,14],[8,29],[36,30],[-29,120],[8,119],[40,63],[-12,48],[246,0],[378,0],[3,35],[26,28],[226,1],[-70,-167],[-3,-105],[449,1],[571,1],[47,-63],[15,-74],[-12,-42],[6,-43],[-18,-34],[-49,-128],[1,-60],[-17,-30],[6,-63],[33,-19],[21,-54],[21,-21],[24,-102],[26,-37]],[[8266,7114],[-11,-12],[29,-47],[3,-63],[-19,-57],[-25,-150],[-20,-48],[-5,-96],[-11,-84],[9,-74],[-8,-61],[-39,-86],[31,-69],[18,-95],[71,-77],[34,-19],[12,-45],[46,-48],[19,2],[65,-43],[40,-123],[-5,-24],[89,-174],[-32,-99],[26,-35],[2,-45]],[[8585,5442],[-55,-11],[-82,27],[-46,0],[-27,-17],[-133,-11],[-72,-1],[-24,-34],[-18,-59],[2,-42],[-57,-54],[-16,-97],[35,-33],[-1,-49],[-83,-35],[-85,3],[-14,-20],[-52,-8],[-94,-36],[-44,-9],[-72,-74],[-44,-7],[-47,-25],[2,-38],[-105,1],[-128,19],[-23,23],[-29,0],[-43,21],[-102,32],[-77,47],[-30,-10],[-42,7],[-22,19],[-92,33],[-58,-50],[-59,11],[-52,0],[-31,-28],[-70,35],[-46,-30],[-57,-9],[-73,37],[-46,-6],[-23,-36],[-67,-51],[-45,-21],[-96,6],[-36,-27],[-39,-12]],[[6067,4823],[7,47],[32,72],[-29,47],[-89,24],[-94,76],[-170,97]],[[5724,5186],[-31,48],[-69,68],[-16,80],[33,40],[-5,42],[-81,49],[-19,45],[-26,6],[-23,32]],[[4380,7814],[0,-17],[56,-16],[-15,-36],[31,-32],[25,-51],[55,-29],[2,-54],[44,-62],[26,-6],[13,-35],[24,-3],[11,-53],[38,-22],[7,-23],[37,-28],[0,-44]],[[5724,5186],[-12,-75],[34,-76],[-12,-48],[37,-33],[13,-51],[-21,-16],[-55,4],[-126,-36],[-58,-30],[-55,-50],[-33,-14],[-121,9],[-89,-17],[-42,7],[-43,-11],[-31,28],[-73,-1],[-23,79],[-44,37],[12,-101],[-22,-41],[-77,-72],[-57,-40],[-50,-13],[-67,29],[5,40],[-24,51],[5,81],[20,16],[2,38],[-46,66],[-10,40],[-38,6],[2,26],[42,25],[-3,40],[-28,48],[-29,30],[-1,38],[-20,24],[-58,39],[-43,-5],[-54,35],[-38,5],[-17,-17],[-49,27],[-116,34],[-82,-14],[-58,55],[-31,2],[-53,53],[1,33]],[[3988,5470],[-94,103],[-43,23],[4,43],[-36,40],[-53,29],[0,60],[33,21],[-30,111],[-19,18],[-7,47],[-61,41],[-11,41],[-45,33],[-120,17],[-93,-11],[-73,14],[-18,-39],[-23,-10],[-75,-6],[-43,7],[-25,-12],[-48,6],[-127,-20],[-130,15],[-47,25],[-28,28]],[[2776,6094],[37,54],[-29,90],[44,50],[-10,30],[-33,46],[58,1],[31,12],[22,56],[22,21],[69,9],[95,44],[32,-13],[63,5],[25,15],[3,105],[19,93],[46,118],[-14,29],[-53,25],[-18,33],[41,65],[10,36],[96,33],[14,12],[-13,140]],[[3333,7203],[51,-7],[45,6],[105,41],[35,31],[13,65],[20,40],[-6,70],[-54,158],[13,36],[28,15],[88,17],[51,33],[51,66],[55,33],[125,46],[47,-5],[125,-161],[34,-26],[54,-10],[36,13],[27,37],[10,57],[49,42],[45,14]],[[2415,7066],[-34,-15],[-53,19],[-143,4],[-61,-32],[-31,-26],[17,-57],[41,-39],[27,-72],[-4,-50],[-24,-30],[-44,-27],[-128,-35],[-28,-20],[-2,-25],[47,-35],[-10,-42],[-45,-30],[20,-25],[42,-11],[21,-24],[-6,-28],[25,-36],[-41,-64],[-52,-127],[31,-18],[31,-57],[63,2],[36,-40],[39,-8],[64,3],[102,-70],[22,10]],[[2337,6061],[9,-112],[-9,-45],[-21,-34],[24,-83],[-12,-36],[11,-33],[36,-30],[-5,-66],[-46,-53],[-54,22],[-70,62],[-61,25],[-85,11],[-57,-23],[-97,-68],[-70,21],[-85,-5],[-83,22],[-24,-9],[-40,53],[-70,31],[-32,25],[-28,-28]],[[1468,5708],[-37,52],[-9,36],[-44,43],[-48,70],[14,36],[-6,30],[-40,62],[-64,68],[-2,26],[22,43],[-43,109],[0,47],[-22,53]],[[1189,6383],[34,15],[49,78],[48,30],[85,4],[52,-11],[6,16],[18,132],[54,75],[53,23],[3,24],[-20,80],[-26,33],[-54,2],[-71,42],[-47,6]],[[1373,6932],[-23,83],[32,18],[1,55],[-11,33],[-75,106],[-64,116],[-7,33],[-76,134]],[[1150,7510],[88,19],[32,23],[28,-8],[25,23],[74,15],[45,-28],[38,-1],[93,25],[41,19],[52,5],[67,35]],[[1733,7637],[59,-7],[164,-3],[25,-6],[86,-78],[47,-52],[41,-29],[63,-25],[70,-10],[114,22],[39,-9],[19,-28],[-6,-120],[-57,-105],[-1,-59],[19,-62]],[[2776,6094],[-130,37],[-14,-35],[-63,5],[-74,-14],[-17,-19],[-86,-12],[-55,5]],[[2415,7066],[89,-7],[35,9],[35,31],[13,29],[36,28],[76,-28],[45,17],[34,-5],[19,31],[41,24],[28,95],[-32,25],[14,32],[-5,34],[72,23],[102,3],[16,-19],[-6,-51],[44,-20],[52,2],[69,28],[73,3],[38,-33],[-4,-31],[32,-16],[2,-67]],[[3988,5470],[-23,-12],[0,-33],[-21,-28],[-43,-17],[-31,-37],[-114,-64],[-35,-33],[-46,-70],[-44,-21],[-50,12],[-83,3],[-43,27],[-33,-98],[-30,-58],[-70,-86],[1,-51],[-32,-72]],[[3291,4832],[-22,-17],[-143,-28],[-113,-38],[-30,-27],[-12,-49],[40,-76],[-25,-128],[-72,-40],[-133,-41],[-37,-35],[-39,-80]],[[2705,4273],[-35,13],[-27,38],[-73,34],[-38,4],[-61,-11],[-49,13],[-47,70],[-77,93],[-28,18],[-55,-7],[-54,-34],[-40,-48],[-50,-33],[-39,43],[-68,49],[-22,65],[-34,10],[-46,-6],[-109,14],[-40,11]],[[1713,4609],[-12,117],[4,79],[10,30],[0,72],[20,34],[22,133],[1,97],[-16,50],[-72,96],[-6,26],[31,39],[-14,35],[-118,124],[-52,37],[-16,29],[-1,49],[-26,52]],[[1189,6383],[-18,12],[-61,91],[-39,70],[-3,41],[30,57],[45,50],[23,-8],[-58,-44],[-29,-61],[14,-21],[51,84],[29,4],[72,103],[53,23],[13,21],[69,-1],[23,65],[-30,63]],[[1733,7637],[24,49],[58,13],[30,37],[-50,55],[-23,45],[7,45],[40,67],[-57,64],[-45,95],[37,11],[80,3],[45,39],[38,18],[79,19],[71,31],[48,73],[49,28],[59,-4],[60,23],[29,35],[62,0],[81,18],[62,31],[13,29],[69,92],[57,57],[5,22],[-54,50],[-40,120],[-59,80],[-14,31]],[[2494,8913],[398,6],[294,5],[563,8],[78,-31],[83,7],[66,-27],[6,-101],[45,-46],[29,-12],[25,-35],[-10,-31],[5,-82],[-22,-41],[22,-22],[1,-46],[20,-22],[-13,-36],[30,-101],[45,-56],[7,-32],[47,-14],[29,-30],[6,-42],[32,-51],[-10,-40],[-28,-12],[17,-48],[-2,-39],[36,-37],[5,-32],[79,-40],[3,-19]],[[1150,7510],[-87,178],[-38,84],[-23,74],[-49,51],[0,44],[-14,147],[-14,43],[-29,23],[-59,74],[-70,58],[-56,75],[-75,123],[-50,103],[-62,77],[-32,53],[37,19],[139,20],[120,48],[78,-15],[96,24],[53,26],[47,59],[49,11],[44,-4],[68,26],[68,-5],[59,-20],[31,25],[147,-1],[63,-6],[244,18],[63,-23],[96,7],[82,-20],[157,-2],[37,5],[76,-14],[102,17],[46,1]],[[898,9999],[58,-2],[39,-57],[48,-39],[53,-58],[37,-17],[-35,-30],[-159,-34],[-47,-41],[-14,-43],[-49,-28],[-14,-36],[-51,-8],[-23,-47],[-30,-18],[-86,-22],[5,-33],[60,-22],[5,-24],[-18,-414],[-132,1],[-69,-8],[-39,-20],[-40,60],[-11,47],[18,46],[39,15],[11,40],[-49,111],[1,19],[-32,51],[-7,35],[-44,48],[-38,54],[37,0],[39,-17],[13,47],[-61,-16],[-32,14],[91,70],[22,31],[24,75],[39,-26],[78,28],[34,60],[2,47],[97,25],[89,15],[51,54],[39,29],[15,34],[36,4]],[[6067,4823],[-42,-22],[-30,-35],[-28,-92],[-30,-22],[-49,-13],[-5,-49],[-35,-22],[-48,-70],[-7,-39],[16,-45],[-49,-68],[-66,-53],[5,-35],[-17,-26],[-93,-56],[-62,-28],[-70,-61],[-15,-60],[-75,-83],[-17,-55],[-117,-97],[13,-75],[-53,-65],[-37,-25],[-15,-47],[29,-90],[-19,-31],[-62,-29],[-23,-29],[13,-52],[-15,-43],[6,-35]],[[5070,3271],[-22,-55],[-26,-20],[-68,-14],[-2,-116],[-22,-35],[-106,-67],[-75,-15],[-41,1],[-31,-15],[-50,-59],[-39,-24],[-14,-71],[-30,-52],[-56,16],[-117,63],[-36,28],[-24,67],[-47,55],[-37,7],[-63,-25],[-99,34],[-53,-16],[-111,-1],[-24,-7]],[[3877,2950],[2,120],[24,114],[11,21],[10,82],[-12,102],[7,40]],[[3919,3429],[10,62],[-1,87],[-15,66],[-14,186],[1,43],[-74,28],[-34,27],[-51,71],[2,31],[51,39],[7,77],[-34,75],[19,26],[95,66],[32,71],[49,63],[-3,45],[-77,67],[-10,45],[-50,32],[-74,74],[-18,79],[-24,11],[-167,28],[-58,-21],[-63,-7],[-62,9],[-65,23]],[[2705,4273],[-4,-91],[42,-136],[-14,-20],[-63,-10],[-54,-28],[-81,-66],[5,-73],[30,-89],[48,-77],[15,-84],[-12,-45],[40,-73],[120,-86]],[[2777,3395],[-18,-53],[-89,-36],[-53,5],[-110,-78],[-78,-25],[-33,0],[-96,36],[-35,-4],[-18,-46],[-56,-99],[-25,-32],[-42,-13],[-177,19],[-88,16],[-93,-14],[-86,8],[-65,17],[-86,-26]],[[1529,3070],[-147,18],[-61,81],[-15,34],[11,50],[-12,25],[-150,30],[-59,-32],[-88,-30],[-41,0],[-35,22],[-170,31],[-65,-24]],[[697,3275],[-17,91],[17,32],[28,5],[54,36],[18,64],[84,46],[53,61],[23,15],[72,79],[11,39],[-25,64],[10,18],[193,158],[44,-8],[25,22],[52,-12],[28,4],[78,63],[12,51],[25,49],[58,29],[50,61],[19,58],[34,67],[8,51],[41,65],[21,126]],[[8323,1368],[49,-63],[-18,-10],[27,-72],[40,-11],[-21,-58],[47,-69],[11,-33],[70,-50],[43,7],[34,-13],[32,-41],[35,-18],[86,-118],[37,-35],[67,-26],[47,-42],[28,-39],[9,-34],[97,-68],[99,-34],[33,-32],[27,-50],[39,-33],[44,-20],[1,-34],[24,-12],[67,4],[74,-48],[0,-30],[-397,-68],[-532,-90],[-405,-68],[-280,-46],[-14,15],[-119,45],[-100,-6],[-149,-35],[-11,-19],[-71,-14],[-56,28],[-57,10],[-82,-4],[-61,32],[-42,34],[-41,3],[-41,26],[-46,0],[-28,-20],[-41,8],[-59,-14],[-69,-4],[-67,25],[-127,0],[-19,-21],[-48,13],[-31,22],[-64,-10],[-139,-2],[-128,34],[-73,9],[-54,-13],[-68,-3],[-106,17],[-103,38],[-115,112],[-55,44],[-28,47],[-19,5],[-32,55],[-256,0],[-414,0],[-278,0]],[[4526,471],[3,124],[-38,160],[-7,74],[7,96],[44,95],[17,61],[51,55],[35,86],[-3,89],[-22,142],[-2,92],[-20,45],[-51,42],[-104,164],[-66,45],[-25,52],[-60,21],[-38,29],[-5,21],[-65,37],[-5,41],[-26,6],[-48,56]],[[4098,2104],[-44,61],[8,36],[-36,44],[1,68],[-12,33],[-33,41],[14,30],[-42,20],[-54,60],[2,146],[-23,51],[-12,66],[16,22],[12,67],[-18,101]],[[5070,3271],[26,-8],[186,-92],[95,-8],[103,-43],[76,-21],[139,-105],[42,-69],[0,-32],[22,-61],[-2,-38],[36,-65],[39,-53],[41,-11],[56,18],[59,0],[55,-12],[21,18],[-4,63],[34,19],[156,-31],[91,5],[68,-71],[12,-34],[36,-45],[9,-26],[114,-107],[82,-66],[46,-21],[21,-28],[64,-55],[62,-30],[86,-28],[57,3],[62,-10],[35,8],[74,-2],[30,16],[74,4],[38,-20],[60,-13],[27,17],[43,-25],[30,8],[100,-99],[44,-56],[20,6],[29,-39],[35,9],[44,-62],[0,-20],[90,-45],[28,-43],[8,-58],[47,-25],[41,-76],[74,-108],[71,-7],[37,-36],[19,-45],[60,-87],[44,-15],[61,-46]],[[4526,471],[-343,0],[-414,0],[-621,1],[-414,0],[-414,0],[-272,0],[-8,-18],[-54,2],[-37,-10],[-45,9],[-39,-9],[-31,11],[-47,51],[-153,75],[-71,51],[-69,33],[8,21],[-29,51],[-91,39],[-29,2]],[[1353,780],[-33,71],[-87,78],[-34,37],[-7,38],[62,51],[19,42],[-37,50],[21,29],[104,49],[48,30],[53,53]],[[1462,1308],[109,-87],[98,31],[41,32],[86,92],[41,1],[53,-33],[32,16],[53,48],[110,30],[100,51],[95,90],[26,16],[149,-5],[110,-24],[90,-26],[35,-21],[29,-60],[71,-11],[33,14],[64,78],[68,120],[37,42],[66,103],[65,63],[138,62],[100,10],[46,-12],[138,-1],[138,17],[116,122],[40,20],[73,23],[186,-5]],[[3919,3429],[-53,-7],[-56,11],[-119,8],[-39,-20],[-48,-51],[-50,-5],[-62,35],[-30,-3],[-36,-27],[-137,-131],[-66,-33],[-41,-43],[-63,-33],[-21,8],[-11,80],[-69,8],[-26,24],[-12,89],[-40,66],[-126,-18],[-37,8]],[[1462,1308],[37,46],[-24,68],[11,72],[56,90],[8,38],[-32,64],[-4,148],[-28,39],[-59,36],[-18,77],[-49,-7],[-31,11],[-12,33],[-53,9],[-12,23],[42,28],[7,23],[-32,48],[24,52],[-4,65],[24,36],[50,23],[149,92],[38,39],[16,34],[17,75],[40,66],[-12,118],[-49,54],[5,25],[-21,64],[32,91],[-49,82]],[[8585,5442],[11,-95],[-10,-20],[-69,-20],[-48,-41],[64,-166],[9,-64],[-14,-61],[35,9],[47,42],[81,24],[24,18],[25,59],[30,4],[91,-34],[62,-10],[30,4],[52,29],[66,-27],[83,-10],[148,22],[142,71],[34,9],[64,-1],[118,-30],[90,-2],[66,-15],[76,61],[16,47],[45,-74],[-11,-97],[20,-12],[-3,-104],[40,-90],[-41,-47],[0,-47],[-41,-69],[-4,-33],[22,-46],[5,-80],[-17,-36],[-10,-197],[4,-33],[46,-60],[12,-78],[-9,-25],[-74,-105],[-51,-167],[24,-44],[44,-40],[41,-71],[-527,0],[-401,0],[-301,0],[-401,0],[0,-442],[0,-553],[1,-553],[0,-395],[-1,-258],[3,-121]],[[55,982],[-18,6],[-37,93],[2,21],[39,17],[5,-111],[9,-26]],[[1353,780],[-63,-13],[-82,25],[-123,-19],[-42,-22],[-60,-16],[-9,-22],[-47,-33],[-63,-23],[-44,-28],[-40,-8],[-66,-37],[-76,9],[-34,14],[-31,-12],[-110,-3],[-9,16],[-110,46],[-54,-7],[-70,-23],[-38,-25],[-79,-36],[-36,25],[6,144],[25,167],[24,18],[2,75],[-7,70],[6,77],[-34,278],[22,59],[-57,87],[12,74],[43,22],[32,-17],[41,34],[12,52],[66,43],[30,93],[22,189],[39,44],[33,3],[-2,35],[-24,4],[38,119],[29,33],[9,55],[23,7],[30,54],[-5,40],[21,79],[5,59],[26,54],[9,49],[0,71],[-22,60],[32,40],[-21,31],[33,51],[27,59],[10,46],[70,17],[11,103],[-3,72],[17,37]]],"transform":{"scale":[0.0012392939347934662,0.0013632697235793935],"translate":[11.669394143000147,-18.03140472399987]}}