{"type":"Topology","objects":{"states":{"type":"GeometryCollection","geometries":[{"type":"Polygon","properties":{"name":"Sliven"},"id":"BGR-2231","arcs":[[0,1,2,3,4,5]]},{"type":"Polygon","properties":{"name":"Haskovo"},"id":"BGR-2232","arcs":[[6,7,8,9,10]]},{"type":"Polygon","properties":{"name":"Stara Zagora"},"id":"BGR-2233","arcs":[[-4,11,-11,12,13,14]]},{"type":"Polygon","properties":{"name":"Pazardzhik"},"id":"BGR-2234","arcs":[[15,16,17,18]]},{"type":"Polygon","properties":{"name":"Plovdiv"},"id":"BGR-2235","arcs":[[19,-13,-10,20,21,-16,22,23]]},{"type":"Polygon","properties":{"name":"Smolyan"},"id":"BGR-2236","arcs":[[24,25,26,-17,-22]]},{"type":"Polygon","properties":{"name":"Kardzhali"},"id":"BGR-2237","arcs":[[-9,27,-25,-21]]},{"type":"Polygon","properties":{"name":"Grad Sofiya"},"id":"BGR-2243","arcs":[[28,29]]},{"type":"Polygon","properties":{"name":"Sofia"},"id":"BGR-2244","arcs":[[30,31,-23,-19,32,33,34,-30,35,36,37]]},{"type":"Polygon","properties":{"name":"Pernik"},"id":"BGR-2245","arcs":[[-29,-35,38,39,-36]]},{"type":"Polygon","properties":{"name":"Gabrovo"},"id":"BGR-2246","arcs":[[40,-14,-20,41]]},{"type":"Polygon","properties":{"name":"Lovech"},"id":"BGR-2247","arcs":[[42,-42,-24,-32,43,44]]},{"type":"Polygon","properties":{"name":"Pleven"},"id":"BGR-2248","arcs":[[45,-45,46,47]]},{"type":"Polygon","properties":{"name":"Veliko Tarnovo"},"id":"BGR-2249","arcs":[[48,49,-5,-15,-41,-43,-46,50]]},{"type":"Polygon","properties":{"name":"Montana"},"id":"BGR-2250","arcs":[[51,-38,52,53,54]]},{"type":"Polygon","properties":{"name":"Vratsa"},"id":"BGR-2251","arcs":[[-47,-44,-31,-52,55]]},{"type":"Polygon","properties":{"name":"Kyustendil"},"id":"BGR-2252","arcs":[[-34,56,57,-39]]},{"type":"Polygon","properties":{"name":"Vidin"},"id":"BGR-2253","arcs":[[-54,58]]},{"type":"Polygon","properties":{"name":"Burgas"},"id":"BGR-2254","arcs":[[59,60,-2,61,62]]},{"type":"Polygon","properties":{"name":"Yambol"},"id":"BGR-2255","arcs":[[63,-7,-12,-3,-61]]},{"type":"Polygon","properties":{"name":"Razgrad"},"id":"BGR-2256","arcs":[[64,65,66,67]]},{"type":"Polygon","properties":{"name":"Targovishte"},"id":"BGR-2257","arcs":[[68,-6,-50,69,-66]]},{"type":"Polygon","properties":{"name":"Shumen"},"id":"BGR-2258","arcs":[[70,71,-62,-1,-69,-65,72]]},{"type":"Polygon","properties":{"name":"Dobrich"},"id":"BGR-2259","arcs":[[73,-71,74,75]]},{"type":"Polygon","properties":{"name":"Varna"},"id":"BGR-2260","arcs":[[76,-63,-72,-74]]},{"type":"Polygon","properties":{"name":"Silistra"},"id":"BGR-2261","arcs":[[-75,-73,-68,77,78]]},{"type":"Polygon","properties":{"name":"Ruse"},"id":"BGR-2262","arcs":[[-67,-70,-49,79,-78]]},{"type":"Polygon","properties":{"name":"Blagoevgrad"},"id":"BGR-3002","arcs":[[-18,-27,80,-57,-33]]}]}},"arcs":[[[6757,5845],[-3,-210]],[[6754,5635],[-10,-143],[42,-176],[-23,-194],[-126,-135],[22,-87],[128,-96],[108,68]],[[6895,4872],[-11,-209],[-80,-45],[-88,-142],[-184,-32],[-88,-63],[-58,-295],[-155,7],[-17,-135],[-105,-58],[11,-123],[79,-36],[-82,-308],[11,-162],[-81,-201]],[[6047,3070],[-168,-15],[-81,150],[8,245],[-106,313],[-64,286],[15,147],[-82,150],[84,99],[-98,491],[-18,227]],[[5537,5163],[145,28],[105,-23],[143,110],[41,230],[107,80],[36,131]],[[6114,5719],[84,33],[80,154],[0,100],[98,22],[132,-117],[117,45],[132,-111]],[[6068,2697],[137,-107],[146,-30],[226,-185],[-3,-127],[113,-131],[36,31]],[[6723,2148],[-43,-192],[-76,-36],[-165,11],[-66,-91],[-28,-153],[-68,-96],[-63,103],[-201,-60],[-97,-130],[18,-151]],[[5934,1353],[-152,-105],[-75,-166],[-143,174],[-72,167],[-108,-146],[-175,42],[46,225],[-42,134],[-122,153],[-97,-56],[-100,93],[-30,163],[-143,-123],[-84,24],[-58,206],[18,84]],[[4597,2222],[82,85],[59,197],[-45,332],[75,125]],[[4768,2961],[192,-87],[39,227],[106,3],[78,85],[268,-439],[159,197],[149,-41],[172,-296],[137,87]],[[6047,3070],[21,-373]],[[4768,2961],[-40,90],[-110,85],[-132,-55],[-104,92],[-3,252],[101,77],[-53,184],[-12,200],[108,296],[-26,67],[-125,-23],[-89,129],[-50,253],[45,83],[-18,357]],[[4260,5048],[165,14],[162,67],[284,-123],[144,32],[121,91],[96,-19]],[[5232,5110],[66,-32],[113,105],[126,-20]],[[3296,4425],[-22,-328],[55,-96],[13,-247],[66,-117],[-23,-88],[40,-199],[-9,-162],[52,-79],[-104,-113],[-15,-215],[34,-250],[-18,-156]],[[3365,2375],[-44,-200],[-105,-94],[-68,-147],[-1,-156],[-69,-97],[-92,-4],[-103,169],[-138,3],[58,-167],[-43,-187]],[[2760,1495],[-49,81],[-352,379],[-88,511],[86,230],[-30,58],[13,235],[-74,150]],[[2266,3139],[135,161],[65,217],[137,-25],[-52,213],[28,152],[126,52],[1,191],[-81,-21],[-107,163],[-27,208],[91,32],[118,-86],[151,94],[45,97],[114,64],[89,-28],[27,-112],[170,-86]],[[4260,5082],[0,-34]],[[4597,2222],[-117,-73],[-131,-290]],[[4349,1859],[-117,147],[-96,-26],[-31,90],[-169,244],[-77,33],[-162,-52],[-154,-134],[-178,214]],[[3296,4425],[104,124],[-160,209],[-20,153],[58,159]],[[3278,5070],[65,-11],[100,135],[209,-56],[117,-196],[352,-9],[139,149]],[[4349,1859],[-46,-115],[44,-118],[39,-347],[-155,-74],[86,-331],[152,76],[17,-154],[-29,-231],[31,-337]],[[4488,228],[-428,311],[-133,-26],[-46,-149],[-89,159],[-118,107],[-78,7],[-74,186],[-30,208],[-114,6],[-33,-73],[-243,-33],[-57,153],[-85,-53]],[[2960,1031],[-191,256],[72,102],[-81,106]],[[5934,1353],[76,-65],[36,-218],[56,-139],[-29,-133],[45,-107],[-85,-295],[-159,-54],[-99,-89],[-124,-37],[-113,124],[-192,-143],[-223,58],[-74,-117],[-83,-1],[-268,-137],[-105,35],[-105,193]],[[1491,4325],[-173,195],[-36,236],[-140,163]],[[1142,4919],[49,97],[139,-33],[52,68],[-16,127],[78,100],[40,270],[202,-168],[153,77],[160,-120],[-120,-387],[-29,-205],[92,-327],[150,-416],[-40,-63],[-113,13],[-68,346],[-65,21],[-69,-193],[-246,199]],[[1684,6435],[101,-43],[-43,-140],[93,-126],[94,-206],[131,147],[49,-83],[83,21],[78,112],[218,-84],[120,57]],[[2608,6090],[110,-132],[-3,-139],[171,-235],[-20,-351],[31,-76],[203,-4],[75,-74],[103,-9]],[[2266,3139],[-261,-90],[-84,-223],[-86,50]],[[1835,2876],[-32,158],[-73,135],[-142,-45],[-23,75],[119,222],[-114,184],[-54,189],[-125,-1]],[[1391,3793],[11,256],[89,276]],[[1142,4919],[-56,177],[-144,45],[-58,141],[-160,69],[-94,200]],[[630,5551],[59,271],[84,46],[170,308],[62,186],[14,154]],[[1019,6516],[74,26],[157,-260],[148,-20],[228,75],[58,98]],[[1391,3793],[-135,39],[-65,-30],[-144,70],[-133,-27],[-107,-96],[-136,196],[-314,715],[-203,2]],[[154,4662],[1,163],[63,194],[-86,247],[125,189],[136,56],[120,-50],[117,90]],[[4358,6495],[113,-239],[217,-5],[44,-160],[145,-48],[112,7],[147,-49],[27,-131],[-37,-184],[118,-169],[-48,-270],[36,-137]],[[4260,5082],[-54,317],[-132,119],[-44,328],[84,156],[7,245],[60,67],[37,231],[140,-50]],[[4420,6826],[8,-216],[-70,-115]],[[2608,6090],[-30,183],[92,-13],[30,209],[-13,129]],[[2687,6598],[169,136],[164,-87],[131,64],[120,109],[81,-158],[234,-85],[118,217],[143,128],[194,16],[35,-63],[134,54],[111,110],[99,-213]],[[4698,8199],[-87,-115],[-70,-224],[51,-142],[-133,-284],[87,-66],[56,-353],[-121,-165],[-61,-24]],[[2687,6598],[-122,112],[45,165],[213,111],[110,-9],[76,60],[24,316],[-30,157],[-73,23],[-94,327],[127,195],[141,60],[66,154],[12,160]],[[3182,8429],[151,117],[110,18],[328,-186],[76,-17],[337,36],[188,-102],[207,-24],[119,-72]],[[5013,8130],[41,-185],[-61,-229],[109,-142],[19,-168],[88,-136],[92,-53],[59,61],[93,-123],[150,-47],[133,37],[23,-151],[113,-38]],[[5872,6956],[105,-112],[-36,-130],[52,-106],[-62,-389],[88,-240],[-28,-165],[123,-95]],[[4698,8199],[118,-121],[197,52]],[[2038,8680],[20,-111],[-17,-291],[-114,-435],[112,-145],[-120,-155],[-102,37],[-114,-165],[-9,-259],[-111,-252],[-14,-92],[218,-148],[-107,-139],[4,-90]],[[1019,6516],[-108,84],[-131,208],[-46,182],[-128,191]],[[606,7181],[75,104],[42,247],[273,120],[-49,181],[24,180],[56,133],[94,91],[-28,136],[37,336]],[[1130,8709],[127,17],[164,98],[145,31],[255,-20],[217,-155]],[[2038,8680],[160,39],[126,-91],[575,-220],[283,21]],[[1835,2876],[-79,-99],[-91,-24],[-202,102],[-96,-4],[-125,-114],[-99,-30],[-203,125],[-140,-263]],[[800,2569],[-120,123],[-73,-6],[-171,135],[-139,155],[-79,215],[-60,71],[-158,331],[126,42],[73,220],[63,44],[44,246],[-19,98],[-152,213],[19,206]],[[606,7181],[-80,27],[-248,268],[-65,284],[-9,257],[-131,256],[-3,153],[-63,166],[72,430],[8,191],[166,88],[49,125],[113,74],[2,319],[137,180],[343,-353],[199,-100],[-13,-205],[-219,-124],[-56,-327],[20,-139],[90,-71],[212,29]],[[8849,5381],[21,-214],[-7,-246],[-239,19],[-48,-196],[-135,-96],[9,-218],[-196,-36],[-62,-305],[251,-10],[99,-102],[36,-264],[106,-35],[-47,-207],[36,-137],[132,-183],[76,-206],[132,-159],[52,-213],[-3,-120],[-334,70],[-29,-170],[-105,83],[-183,-47],[-122,-152],[-62,116],[-118,103],[-141,281],[-94,114],[-111,-12],[-48,-104],[-201,87]],[[7514,2822],[11,158],[-56,181],[27,302],[74,105],[10,105],[-79,140],[-96,27],[-31,116],[-145,166],[-112,250],[-128,478],[-94,22]],[[6754,5635],[116,44],[71,-161],[116,65],[62,129],[122,9],[51,-52],[183,-18],[152,84]],[[7627,5735],[188,116],[77,-39],[113,-219],[223,-119],[201,113],[157,-183],[132,-110],[131,87]],[[7514,2822],[-175,-290],[-252,-43],[-101,-87],[-150,39],[-122,-141],[9,-152]],[[7438,8230],[20,-108],[-145,-267],[-79,53],[-128,-180],[4,-131],[-115,-86],[0,-247]],[[6995,7264],[-200,-230],[-177,25],[-3,228],[-178,60],[-17,160],[-65,106],[-152,109],[-69,-40]],[[6134,7682],[-35,88],[28,333],[184,-11],[76,154],[24,196],[-170,97],[4,134],[228,393]],[[6473,9066],[109,-9],[43,-73],[86,66],[115,-252],[188,-82],[64,-86],[99,82],[36,-126],[225,-356]],[[6995,7264],[79,-25],[14,-118],[-77,-236],[52,-152],[-89,-324],[-85,-114],[-43,-384],[-89,-66]],[[5872,6956],[-3,149],[-78,35],[-38,143],[118,123],[31,181],[88,79],[144,16]],[[7757,8127],[169,-247],[127,48],[53,-127]],[[8106,7801],[-128,-57],[-44,-270],[39,-72],[-89,-182],[-13,-147],[49,-116],[-83,-73],[-3,-150],[-111,-28],[-41,-124],[94,-95],[-79,-196],[74,-243],[-209,-155],[65,-158]],[[7438,8230],[86,74],[127,-173],[106,-4]],[[9174,7078],[-118,-7],[-76,133],[-157,-92],[-94,75],[-149,286],[-60,19],[-118,211],[-134,-144],[-98,213],[-64,29]],[[7757,8127],[24,247],[130,200],[143,-88],[-20,164],[90,64],[82,-45],[64,71],[15,205],[76,-32],[167,279]],[[8528,9192],[62,-129],[215,134],[89,16],[38,-97],[72,-385],[54,-65],[330,-227],[341,-90],[230,20],[-9,-452],[49,-227],[-69,-282],[-161,-245],[-105,113],[-115,46],[-126,-68],[-137,0],[-112,-176]],[[9174,7078],[-90,-356],[-49,-86],[-154,-70],[65,-151],[-94,-497],[29,-221],[-32,-316]],[[6473,9066],[-33,234],[-70,119]],[[6370,9419],[451,100],[280,104],[151,135],[229,69],[116,-109],[241,-74],[55,-167],[90,-65],[67,-127],[305,4],[131,26],[42,-123]],[[5013,8130],[118,2],[183,157],[176,49],[141,231],[103,232],[192,214],[40,116],[114,145],[290,143]],[[2960,1031],[-39,-108],[-91,60],[-110,-25],[8,-182],[-164,-113],[-75,87],[-201,-116],[-36,-94],[-163,-11],[-64,-89],[-159,90],[-157,7],[-142,-102],[-61,96],[-124,-99],[-48,-158],[-103,-29],[-279,124],[18,261],[-29,525],[121,441],[-30,149],[-82,52],[-61,280],[-33,42],[-56,450]]],"transform":{"scale":[0.0006259128916891722,0.0002989337415741352],"translate":[22.345023234000053,41.23939605700022]}}